smiles,activity
CCCCCCCCO,0.9894225001335144
CCCCCCCCCCCC(O)=O,0.2702547609806061
CC(C)(SC1=CC(=C(O)C(=C1)C(C)(C)C)C(C)(C)C)SC1=CC(=C(O)C(=C1)C(C)(C)C)C(C)(C)C,0.21473319828510284
Br.CCSC(N)=N,0.20238760113716125
C(N1CCCNCCNCCCNCC1)C1=CC=C(CN2CCCNCCNCCCNCC2)C=C1,0.09357043355703354
CCCCC[C@H](C)N,0.08743580430746078
C1N2CN3CN1CN(C2)C3,0.07647264003753662
CC1=C(CCCl)SC=N1,0.06386136263608932
CC(=C)[C@@H]1CCC(C)=CC1,0.057867322117090225
ClCCC(=O)NCCC1=CC=CC=C1,0.057352788746356964
OC1=CC=CC2=CC=CN=C12,0.05727570503950119
CN1C=CC(=O)C(O)=C1C,0.05188513174653053
OC(=O)CCCCCCCC(O)=O,0.05003993213176727
CC1=CC(C)=C(C(C)=C1)S(=O)(=O)NC1=CC(=CC=C1)C(F)(F)F,0.049668751657009125
CC12CC3CC(C)(C1)CC(N)(C3)C2,0.04794176667928696
OC(=O)CCCCCCCCC(O)=O,0.04600995033979416
[Br-].CCCCCCCCCCCCCCCC[N+](C)(C)C,0.04460087791085243
CC(C)[C@H](NC(=O)N(C)CC1=CSC(=N1)C(C)C)C(=O)N[C@H](C[C@H](O)[C@H](CC1=CC=CC=C1)NC(=O)OCC1=CN=CS1)CC1=CC=CC=C1,0.044287871569395065
CN1C(=O)C(O)=C(N=C1C(C)(C)NC(=O)C1=NN=C(C)O1)C(=O)NCC1=CC=C(F)C=C1,0.03957442194223404
COC1=C(OC2=C(OCCO)N=C(N=C2NS(=O)(=O)C2=CC=C(C=C2)C(C)(C)C)C2=NC=CC=N2)C=CC=C1,0.02954244241118431
CON,0.028234347701072693
CC1=C(CCl)OC(=O)O1,0.027860963717103004
CCC1=C(O)C=CC(C)=N1,0.024310309439897537
OC(=O)CCCCC(O)=O,0.02377161756157875
OC1=CC=C(Cl)C2=CC=CN=C12,0.02369154430925846
ClN1C(=O)N(Cl)C(=O)N(Cl)C1=O,0.02343091368675232
CC1=C2CCC[C@@H](C(N)=S)C2=NC=C1,0.022217389196157455
CC(C)CCC[C@H](C)N,0.021301021799445152
CC(=O)OCC(COC(C)=O)OC(C)=O,0.020232338458299637
CC[C@@]1(C)CC(=O)NC1=O,0.018664028495550156
OC1=C(Cl)C=C(Cl)C2=CC=CN=C12,0.018352748826146126
COC1=C(CC2=CN(C)C3=C2C=C(NC(=O)OC2CCCC2)C=C3)C=CC(=C1)C(=O)NS(=O)(=O)C1=C(C)C=CC=C1,0.01707391068339348
CN1N=C(N(C)C1=S)C1=CC(F)=CC=C1,0.01701287180185318
OC(=O)C1=C(C=CC=C1)C1=C2C=C(I)C(=O)C(I)=C2OC2=C(I)C(O)=C(I)C=C12,0.016850300133228302
CC1=NC(C)=C(Cl)C(O)=C1Cl,0.016132676973938942
ClC1=NC=CN=C1,0.01610535942018032
O=C1CCC2CCC(=O)N12,0.016033224761486053
CN1[C@@H](CCl)NC2=CC(Cl)=C(C=C2S1(=O)=O)S(N)(=O)=O,0.015510965138673782
CC(C)OC(=O)C(C)(C)OC1=CC=C(C=C1)C(=O)C1=CC=C(Cl)C=C1,0.014765970408916473
C1CCC(CC1)NC1CCCCC1,0.01468417327851057
OC(=O)CC1=CC=C(C=C1)C1=CC=CC=C1,0.014234216883778572
CN1C(=O)C[C@@H](C1=O)C1=CC=CC=C1,0.013878252357244492
CC(C)C1=C(O)C=C(C)C=C1,0.0138326957821846
CC#C[C@@H](CC(O)=O)C1=CC=C(OCC2=CC=CC(=C2)C2=CC=C(C=C2)C(F)(F)F)C=C1,0.013552009128034115
OS(O)(=O)=O.CC(C)(C)NCC(O)C1=CC(O)=CC(O)=C1.CC(C)(C)NCC(O)C1=CC(O)=CC(O)=C1,0.013480965048074722
OC1=CC=C(C=C1)C1=C(O)C(=O)C2=C(O1)C=C(O)C=C2O,0.013390581123530865
FC1=C(Cl)C=C(C=C1)S(=O)(=O)NCC1=CC=C(C=C1)C(=O)NNC(=O)C1=CC=CC=C1,0.01321094948798418
CN(C)C(=S)SSC(=S)N(C)C,0.012957092374563217
CC(=C)[C@@H]1CC[C@@](C)(C=C)[C@@H](C1)C(C)=C,0.012936459854245186
CC1=NC(C)=C(C)N=C1C,0.01255942415446043
CC(C)N(CC[C@H](C1=CC=CC=C1)C1=C(O)C=CC(C)=C1)C(C)C,0.011975821107625961
NS(=O)(=O)C1=CC2=C(N[C@H](CC3=CC=CC=C3)NS2(=O)=O)C=C1C(F)(F)F,0.011941999197006226
NS(=O)(=O)C1=CC2=C(NCNS2(=O)=O)C=C1C(F)(F)F,0.011888519860804081
CCN(CC)CC1=C(O)C=CC(NC2=C3C=CC(Cl)=CC3=NC=C2)=C1,0.011819807812571526
CC[C@@]1(O)C(=O)OCC2=C1C=C1N(CC3=CC4=C(CN(C)C)C(O)=CC=C4N=C13)C2=O,0.011738459579646587
OC1=CC=C(Cl)C=C1,0.011676336638629436
O=C(CC(C1=CC=CC=C1)C1=CC=CC=C1)N1CCN(CC1)C(C1=CC=CC=C1)C1=CC=CC=C1,0.011472867801785469
OC(=O)C1=NC2=CC=CC=C2C(O)=C1,0.011256749741733074
OC(=O)CN1C2=C(C=CC=C2)C(=O)C2=C1C=CC=C2,0.011123991571366787
CC1=C(C(O)=O)C2=CC(F)=CC=C2N=C1C1=CC=C(C=C1)C1=C(F)C=CC=C1,0.010885470546782017
OC1=C(CC2=C(O)C=CC3=CC=CC=C23)C2=CC=CC=C2C=C1,0.010800624266266823
CC(C)CN(C[C@@H](O)[C@H](CC1=CC=CC=C1)NC(=O)O[C@H]1CCOC1)S(=O)(=O)C1=CC=C(N)C=C1,0.010667447000741959
CCCC1=NC2=C(C=C(C=C2C)C2=NC3=C(C=CC=C3)N2C)N1CC1=CC=C(C=C1)C1=C(C=CC=C1)C(O)=O,0.01062603946775198
CCN(CC)C(=S)SSC(=S)N(CC)CC,0.010457750409841537
CC[C@@H](C1=CC=CC=C1)C1=C(O)C2=C(OC1=O)C=CC=C2,0.009785013273358345
OCC1=C(O)C=CC=C1,0.009331416338682175
O=C1C(CC[S@](=O)C2=CC=CC=C2)C(=O)N(N1C1=CC=CC=C1)C1=CC=CC=C1,0.00926683098077774
CCN(CC)CC1=CC=C2C=C(COC(=O)NC3=CC=C(C=C3)C(=O)NO)C=CC2=C1,0.008987654000520706
CCC1(C)CC(=O)NC(=O)C1,0.00887313298881054
OC1=C(Br)C=C(Br)C2=CC=CN=C12,0.00876561738550663
CC1=CN=C(C=C1)C1=NC=C(C)C=C1,0.008620688691735268
O.O.[Na+].[O-]C(=O)CNC(=O)C1=C(I)C=CC=C1,0.00841984711587429
OC(=O)\C=C/C(O)=O.OC(=O)\C=C/C(O)=O.CN1CCN(CCCN2C3=C(SC4=C2C=C(Cl)C=C4)C=CC=C3)CC1,0.008254923857748508
Cl.Cl.CN1CCN(CCCN2C3=C(SC4=C2C=C(C=C4)C(F)(F)F)C=CC=C3)CC1,0.008175048977136612
Cl.CC1=NC=C(CO)C(C=O)=C1O,0.008026985451579094
ClC1=C(CN2CCC3=C(C2)C=CS3)C=CC=C1,0.007941675372421741
COC1=C(OCCCN2CCC(CC2)C2=NOC3=C2C=CC(F)=C3)C=CC(=C1)C(C)=O,0.007862640544772148
OC1=C(I)C=C(Cl)C2=CC=CN=C12,0.00771700032055378
OC(=O)C1=CC(=NC2=CC=CC=C12)C1=CC=CC=C1,0.007646652404218912
CC1=CC(=C(O)C(=C1)C(C)(C)C)C(C)(C)C,0.007557415869086981
COC(=O)[C@@H](N1CCC2=C(C1)C=CS2)C1=C(Cl)C=CC=C1,0.007432427257299423
COC1=C(OCCNC[C@H](O)COC2=C3C(NC4=C3C=CC=C4)=CC=C2)C=CC=C1,0.007332507520914078
CN1CC(=O)N2[C@H](CC3=C(NC4=C3C=CC=C4)[C@H]2C2=CC3=C(OCO3)C=C2)C1=O,0.007183040492236614
CC1=NC=C(CO)C(CO)=C1O,0.0071363733150064945
CC1=CC=C(C=C1)C1=CC(=NN1C1=CC=C(C=C1)S(N)(=O)=O)C(F)(F)F,0.007079065777361393
CC1=CC=C2C(Cl)=CC(Cl)=C(O)C2=N1,0.007051821798086166
CNC(=S)[C@@]1(CCCS1)C1=NC=CC=C1,0.007012559566646814
CC(=O)NC1=CC=C(NC(=S)NC(=O)C2=CC=C(C=C2)C(C)(C)C)C=C1,0.007010899018496275
CC1=CC=CC(\C=N\NC2=CC(=NC(OCCC3=NC=CC=C3)=N2)N2CCOCC2)=C1,0.006998488213866949
CN1N=C(C)C2=C1OC(N)=C(C#N)[C@@H]2C1=CC=C(C=C1)C(F)(F)F,0.006950009148567915
NC(=O)C1=C(O)C=CC=C1,0.006725205574184656
OC1=CC=C(O)C=C1,0.006515147164463997
ClC1=C(Cl)C(=CC=C1)N1CCN(CCCCOC2=CC3=C(CCC(=O)N3)C=C2)CC1,0.006450222805142403
CC1=C(NC=N1)C1=CC=C(Cl)C=C1,0.0064259679056704044
NCCCCN,0.006423642858862877
NS(=O)(=O)C1=C(Cl)C=C2NCNS(=O)(=O)C2=C1,0.0063014947809278965
C[C@@H](NCCCC1=CC=CC(=C1)C(F)(F)F)C1=CC=CC2=CC=CC=C12,0.006277807056903839
CCN1C(=O)N[C@@H](C1=O)C1=CC=CC=C1,0.00625853706151247
O=C(OC1=CC=CC2=CC=CN=C12)C1=CC=CC=C1,0.00622064433991909
O=C1C(=CC2=CN=CC=C2)C(=O)C2=C1C=CC=C2,0.006069560069590807
CC1=CNN=C1,0.00602177157998085
NC1=NN=C(C(N)=N1)C1=CC=CC(Cl)=C1Cl,0.006006607320159674
CC1=C(C=C(C#N)C(=O)N1)C1=CC=NC=C1,0.0059860809706151485
CCCOC(=O)C1=CC=CC=C1,0.0059328521601855755
S1C2=C(C=CC=C2)C2=C1C=CC=C2,0.005887120962142944
OS(O)(=O)=O.CC(C)(C)NC(=O)[C@@H]1CN(CC2=CN=CC=C2)CCN1C[C@@H](O)C[C@@H](CC1=CC=CC=C1)C(=O)N[C@@H]1[C@H](O)CC2=C1C=CC=C2,0.005870177876204252
C1=CN(C=N1)[C@@H](C1=CC=CC=C1)C1=CC=C(C=C1)C1=CC=CC=C1,0.005827656947076321
OC1=CC(O)=CC(O)=C1,0.005811578128486872
CC(C)C1=CC=CC(C(C)C)=C1O,0.00577143207192421
CC[C@@]1(NC(=O)N(C)C1=O)C1=CC=CC=C1,0.005695182830095291
OC1=CC(O)=CC=C1,0.005624648183584213
C[C@@H](C(O)=O)C1=CC2=C(C=C1)C1=C(C2)C=CC=C1,0.005511061288416386
C[C@@H](C(O)=O)C1=CC=CC(=C1)C(=O)C1=CC=CC=C1,0.005488256923854351
NC(=O)C1=CN=CC=C1,0.005414438899606466
CCC(C)(C)C(O)=O,0.005398772191256285
C[C@H]1CC2=C(C=CC=C2)N1NC(=O)C1=CC(=C(Cl)C=C1)S(N)(=O)=O,0.005372820422053337
OC[C@H]1O[C@H]([C@H](O)[C@@H](O)[C@@H]1O)C1=C(O)C=CC2=C1OC=C(C2=O)C1=CC=C(O)C=C1,0.005329012405127287
CN(CCOC1=CC=C(C[C@@H]2SC(=O)NC2=O)C=C1)C1=NC=CC=C1,0.0052367523312568665
CS(=O)(=O)CS(=O)(=O)OCCCl,0.005200146697461605
CC(C)(C(O)=O)C1=CC=C(C=C1)[C@@H](O)CCCN1CCC(CC1)C(O)(C1=CC=CC=C1)C1=CC=CC=C1,0.005044837482273579
OC1=NC=NC2=CC=CC=C12,0.005040057469159365
FC(F)(F)[C@]1(OC(=O)NC2=C1C=C(Cl)C=C2)C#CC1CC1,0.004996136296540499
NS(=O)(=O)C1=C(Cl)C=C2N[C@@H](NS(=O)(=O)C2=C1)C(Cl)Cl,0.0049688564613461494
CC(C)(C)C1=CC(O)=C(C=C1O)C(C)(C)C,0.004968455992639065
CN(C)CCCN1C2=C(SC3=C1C=C(C=C3)C(F)(F)F)C=CC=C2,0.004955450538545847
CC(O)(CS(=O)(=O)C1=CC=C(F)C=C1)C(=O)NC1=CC(=C(C=C1)C#N)C(F)(F)F,0.004880864173173904
CN(C)CCCN1C2=C(CCC3=C1C=CC=C3)C=CC=C2,0.004844554699957371
ClC1=CC=C(NC(=O)C=C)C=C1,0.004823006223887205
O=C1NC2=C(C=C1)C=CC(OCCCCN1CCN(CC1)C1=CC=CC3=C1C=CS3)=C2,0.0046499562449753284
OC1=NC(O)=C2C=NNC2=N1,0.004507626406848431
CN1CC[C@H]2NC3=C(C=C(C)C=C3)[C@H]2C1,0.004484504461288452
C\C(=N\NC1=NC2=C(N=N1)C1=C(N2)C(C)=CC=C1)C1=NC=CC=C1,0.004451066721230745
OC1=C(\C=N\NC(=O)C2=C(O)C=CC=C2)C=CC=C1,0.004410069901496172
NC1=NC=CS1,0.004400917794555426
OC1=C(I)C=C(I)C2=CC=CN=C12,0.004350000061094761
OC(=O)C1=CC=CN=C1C(O)=O,0.004295739345252514
CC1=C(C=C(C=C1C(N)=O)[N+]([O-])=O)[N+]([O-])=O,0.00429492024704814
CCN(CC)C(=O)C1=CC(C)=CC=C1,0.004275071434676647
COC1=C(OC)C=C2C(N)=NC(=NC2=C1)N1CCN(CC1)C(=O)[C@@H]1COC2=C(O1)C=CC=C2,0.004241101443767548
CC(=O)OC1=C(C=CC=C1)C(=O)NC1=NC=C(S1)[N+]([O-])=O,0.004163981880992651
OC1=CC=C(C2=CC=CN=C12)[N+]([O-])=O,0.004150352906435728
OC(=O)C1=CC=C(O)C2=NC=CC=C12,0.004124191589653492
NC1=NC(=O)C2=NC(CNC3=CC=C(C=C3)C(=O)N[C@@H](CCC(O)=O)C(O)=O)=CN=C2N1,0.0040542916394770145
NC(=O)C1=C(O)N=CN1,0.004030762240290642
[O-][N+](=O)OCCNC(=O)C1=CN=CC=C1,0.003975514322519302
CCCCCCC1=C(O)C=C(O)C=C1,0.003917941357940435
Cl.CN(C)CCC=C1C2=C(COC3=C1C=CC=C3)C=CC=C2,0.003914756700396538
C[C@@H](C(=O)NC1=NC=CC(C)=C1)C1=CC=CC(=C1)C(=O)C1=CC=CC=C1,0.003913202788680792
CC1=NC2=C(C=CC=C2)N1CC1=CC=C(Cl)C=C1,0.003824458224698901
CCOC(=O)N1CCC(CC1)=C1C2=C(CCC3=C1N=CC=C3)C=C(Cl)C=C2,0.0037705653812736273
NC(=O)C1=C(Cl)C=C(C=C1)[N+]([O-])=O,0.0037386389449238777
NNC(=O)C1=CC=NC=C1,0.00372904259711504
C(CC1=CC=CC=C1)NC1=NC(=CS1)C1=CC=CC=C1,0.0037179305218160152
Cl.CNCC[C@H](OC1=CC=CC2=CC=CC=C12)C1=CC=CS1,0.0036725264508277178
CC1=CC=NC2=C1NC(=O)C1=C(N=CC=C1)N2C1CC1,0.003659049980342388
CC(C)(O)CC(O)=O,0.003576715011149645
CC(C)C[C@H](NC(=O)[C@H](CC1=CC=CC=C1)NC(=O)C1=NC=CN=C1)B(O)O,0.00355260050855577
CCCC1=NN(C)C2=C1N=C(NC2=O)C1=C(OCC)C=CC(=C1)S(=O)(=O)N1CCN(C)CC1,0.003529284382238984
NC1=NC2=C(S1)C=C(OC(F)(F)F)C=C2,0.0035286841448396444
ClC(Cl)[C@@H](C1=CC=C(Cl)C=C1)C1=C(Cl)C=CC=C1,0.0035124411806464195
CC(=O)NC1=NN(C(C)=O)[C@@](C)(S1)C1=CC=CC=C1,0.003468093927949667
FCOC(C(F)(F)F)C(F)(F)F,0.0034565478563308716
O.Cl.NC1=C2CCCCC2=NC2=C1CCC2,0.003380349837243557
CSC1=CC2=C(SC3=C(C=CC=C3)N2CC[C@H]2CCCCN2C)C=C1,0.0033770326990634203
CC1(C)[C@@H]2CC[C@@]1(C)C(=O)C2,0.0033647650852799416
O=C(CC1=CC=C(C=C1)C1=CC=CC=C1)NC1=NC=CC=C1,0.0033276237081736326
C=CC(=O)NCC1=CC=CC=C1,0.0033218024764209986
CN(C)CCOC(=O)COC1=CC=C(Cl)C=C1,0.0033133989199995995
NC(=O)C1=CC(=CC(=C1)[N+]([O-])=O)[N+]([O-])=O,0.0032796391751617193
CC(=O)C(O)=O,0.0032565488945692778
ClC1=CC(=CC=C1)N1CCN(CCCN2N=C3C=CC=CN3C2=O)CC1,0.003235566196963191
Cl.NC[C@H](O)C1=CC=C(O)C=C1,0.0032268709037452936
CC1=CC=CC(O)=C1,0.0031619665678590536
Cl.NC(=N)NC(=O)CC1=C(Cl)C=CC=C1Cl,0.0031565483659505844
OC(=O)\C=C/C(O)=O.CN(C)CCO[C@@H](C1=CC=C(Cl)C=C1)C1=NC=CC=C1,0.003152826800942421
OC(=O)C1=C2C=CC=CC2=CC2=CC=CC=C12,0.0031347242183983326
CCOC(=O)C1=CN=CN1[C@H](C)C1=CC=CC=C1,0.0031046473886817694
OC(=O)C1=NN(CC2=C(Cl)C=C(Cl)C=C2)C2=C1C=CC=C2,0.003099981462582946
OC(=O)CCNC1=NC(=NC(=C1)N1CCC2=C(CC1)C=CC=C2)C1=NC=CC=C1,0.00308956578373909
CN1C(=O)N(C2=C1C=NC1=CC=C(C=C21)C1=CC2=CC=CC=C2N=C1)C1=CC=C(C=C1)C(C)(C)C#N,0.0030769342556595802
CN(C1=CC2=NN(C)C(C)=C2C=C1)C1=CC=NC(NC2=CC(=C(C)C=C2)S(N)(=O)=O)=N1,0.00306114018894732
OC1=CC=C(C=C1)[C@@H]1CNCCC2=C1C=C(O)C(O)=C2Cl,0.003050724044442177
N[C@@H](CC(=O)N1CCN2C(C1)=NN=C2C(F)(F)F)CC1=CC(F)=C(F)C=C1F,0.0030454753432422876
CC(C)C(N)=O,0.0030234595760703087
CCOC1=C(C=CC(CC(=O)N[C@@H](CC(C)C)C2=C(C=CC=C2)N2CCCCC2)=C1)C(O)=O,0.0030182290356606245
CN1CCN(CC2=CC=C(C=C2)C(=O)NC2=CC(NC3=NC(=CC=N3)C3=CN=CC=C3)=C(C)C=C2)CC1,0.002963273786008358
CCOC1=C(C=CC=C1)C(N)=O,0.0029049678705632687
NC(=O)CN1C=CCC(=C1)C(N)=O,0.002885198686271906
O.O.O.[Na+].CC1=CC=C(C=C1)S(=O)(=O)[N-]Cl,0.002875962294638157
OC(=O)CCCC1=CC=CC=C1,0.002858558436855674
CCC1=C2CN3C(=CC4=C(COC(=O)[C@]4(O)CC)C3=O)C2=NC2=CC=C(OC(=O)N3CCC(CC3)N3CCCCC3)C=C12,0.002825765870511532
C[C@@H](CC1=CC=CC=C1)N(C)CC#C,0.0028096213936805725
CCOC(=O)C1=C(C)NC(=S)N[C@H]1C1=CC(O)=CC=C1,0.002772021107375622
CS(=O)(=O)CCNCC1=CC=C(O1)C1=CC=C2N=CN=C(NC3=CC(Cl)=C(OCC4=CC(F)=CC=C4)C=C3)C2=C1,0.0027714150492101908
OC(=O)C1=CC2=C(C=C1)N=C(O2)C1=CC(Cl)=CC(Cl)=C1,0.0027605611830949783
CNC(=O)C1=NC=CC(OC2=CC=C(NC(=O)NC3=CC(=C(Cl)C=C3)C(F)(F)F)C=C2)=C1,0.002760443137958646
C[Si](C)(C)O[Si](C)(C)C,0.0027451850473880768
FC(F)OC(F)(F)[C@@H](F)Cl,0.002735255751758814
O=C1NC2=C(C=CC=C2)C(=O)N1CCCN1CCN(CC1)C1=CC=CC=C1,0.002724118297919631
COC1=CC2=C(C=CN=C2C=C1)[C@H](O)[C@H]1C[C@@H]2CCN1C[C@@H]2C=C,0.0026979553513228893
CC1=CN=C(C=N1)C(=O)NCCC1=CC=C(C=C1)S(=O)(=O)NC(=O)NC1CCCCC1,0.002685314044356346
COC1=CC=C(\C=C\C(O)=O)C=C1,0.0026724643539637327
CCC(C)N1N=CN(C1=O)C1=CC=C(C=C1)N1CCN(CC1)C1=CC=C(OC[C@H]2CO[C@@](CN3C=NC=N3)(O2)C2=C(Cl)C=C(Cl)C=C2)C=C1,0.0026245322078466415
[Cl-].CC(=O)OCC[N+](C)(C)C,0.002588557777926326
COC1=CC(=CC(OC)=C1OC)C(=O)NCC1=CC=C(OCCN(C)C)C=C1,0.002582402201369405
CC1=C(Cl)C=CC(O)=C1,0.0025812650565057993
NC1=CC=CC2=C1CN([C@H]1CCC(=O)NC1=O)C2=O,0.002553357044234872
OCCC1=CC=CC=C1,0.0025522280484437943
CCCCCOC(=O)C1=CC=C(C=C1)N(C)C,0.0025284786242991686
NS(=O)(=O)C1=C(Cl)C=C2N=C(CSCC3=CC=CC=C3)NS(=O)(=O)C2=C1,0.0024649291299283504
NNC1=NN=CC2=CC=CC=C12,0.0024582291953265667
OCC1=NC=CC=C1,0.002446766709908843
OC1=CC2=C(SC(=O)O2)C=C1,0.0024457124527543783
OCC(Br)(Br)Br,0.0024268736597150564
NC1=NC2=C(S1)C=CC1=CC=CC=C21,0.002426441991701722
COC(=O)NC1=NC2=C(N1)C=C(C=C2)C(=O)C1=CC=CC=C1,0.0024087296333163977
CN1CCC(CC1)=C1C2=C(CCC3=CC=CN=C13)C=CC=C2,0.002390248002484441
NS(=O)(=O)C1=C(Cl)C=C2N=CNS(=O)(=O)C2=C1,0.002381318248808384
CCCCC1C(=O)N(N(C1=O)C1=CC=CC=C1)C1=CC=CC=C1,0.0023738625459372997
COC1=CC2=C(N)C3=C(CCCC3)N=C2C=C1,0.0023718804586678743
CN1CCN2[C@@H](C1)C1=C(CC3=CC=CN=C23)C=CC=C1,0.0023595665115863085
CC1=CC(NC2=CC=C(NC(=O)C3=CC=C(NC4=CC=NC5=CC=CC=C45)C=C3)C=C2)=NC(N)=N1,0.002345574786886573
C1CN[C@@H](C1)C1=CC=CN=C1,0.002324966946616769
N#CC1=NC=NC=C1,0.0022643436677753925
Cl.OC1=CC=C(C[C@@H]2NCCC3=CC(O)=C(O)C=C23)C=C1,0.0022462853230535984
CCC(=O)C1=CC=C(O)C=C1,0.0022282369900494814
NC1=NC2=C(O1)C=CC(Cl)=C2,0.0022062843199819326
CC(=O)C1=CC(=C(SC2=C(F)C=C(F)C=C2)S1)[N+]([O-])=O,0.002180358162149787
OCC1=CN=CC=C1,0.0021591163240373135
CCC1=C(N2C=C(Cl)C=CC2=N1)C(=O)NCC1=CC=C(C=C1)N1CCC(CC1)C1=CC=C(OC(F)(F)F)C=C1,0.00215452304109931
Cl.CNCCCC12CCC(C3=C1C=CC=C3)C1=C2C=CC=C1,0.002146167913451791
FC(F)O[C@@H](Cl)C(F)(F)F,0.0021432044450193644
Cl.CCOC(=O)[C@H](CCC1=CC=CC=C1)N[C@@H](C)C(=O)N1CC2=C(C[C@H]1C(O)=O)C=CC=C2,0.00213751127012074
Cl.CN(C)CCC=C1C2=C(C=CC=C2)C=CC2=C1C=CC=C2,0.0021317850332707167
NC(=N)NNC(=C)C1=CC(=CC(NC(=O)CCCCCCCCC(=O)NC2=CC(=CC(=C2)C(=C)NNC(N)=N)C(=C)NNC(N)=N)=C1)C(=C)NNC(N)=N,0.002112287562340498
NC[C@@H]1O[C@H](O[C@@H]2[C@@H](CO)O[C@@H](O[C@@H]3[C@@H](O)[C@H](N)C[C@H](N)[C@H]3O[C@H]3O[C@H](CO)[C@@H](O)[C@H](O)[C@H]3N)[C@@H]2O)[C@H](N)[C@@H](O)[C@@H]1O,0.0020885346457362175
NC1=C2CCCCC2=NC2=CC=CC=C12,0.002083294093608856
CC1=C(CC#N)N2C=CC=C(OCC3=CC=CC=C3)C2=N1,0.002080492442473769
O=C1CCCCCCCCCCCCCCO1,0.0020620496943593025
NC(=N)C1=CC=C(OCCCCCOC2=CC=C(C=C2)C(N)=N)C=C1,0.002046076348051429
O=C(NCC1=CC=CC=C1)C1=CSC(NC2=NC=NC=C2)=N1,0.002027374692261219
CC(=O)NC[C@H]1CN(C(=O)O1)C1=CC(F)=C(C=C1)N1CCOCC1,0.0020272184628993273
Cl.C[C@H](N)C12CC3CC(CC(C3)C1)C2,0.002003384754061699
NC1=CC=NC=C1,0.0019736315589398146
CC1=CC(=O)OC2=C1C=CC(O)=C2,0.0019633567426353693
NC(=N)NC(=O)C1=C(N)N=C(N)C(Cl)=N1,0.0019507292890921235
CC1=C(C=NO1)C(=O)NC1=CC=C(C=C1)C(F)(F)F,0.0019495784072205424
OC1=CC2=CC=CC=C2C=C1,0.0019422107143327594
COC1=CC=C2C=C(C=CC2=C1)[C@H](C)C(O)=O,0.0019377660937607288
NNCCC1=CC=CC=C1,0.0019233631901443005
CC1=CC=CC(CN2CCN(CC2)[C@@H](C2=CC=CC=C2)C2=CC=C(Cl)C=C2)=C1,0.001901312731206417
FC(F)(F)COC1=CC(C(=O)NC[C@H]2CCCCN2)=C(OCC(F)(F)F)C=C1,0.0019005888607352972
CC(C)C1=CC(Cl)=C(C)C=C1O,0.0018977002473548055
CN1CCN(CC1)C1=NC2=C(NC3=C1C=CC=C3)C=CC(Cl)=C2,0.0018971223616972566
ClC1=CC=C(OCC(=O)N2CCN(CC3=CC4=C(OCO4)C=C3)CC2)C=C1,0.0018926977645605803
CC1=CC(O)=CC(C)=C1Cl,0.0018913940293714404
COC1=CC2=C(C=C1)N=C(NC(=O)NC1=CC=CC=C1)S2,0.0018810165347531438
NCCC1=CC(O)=C(O)C=C1,0.0018785953288897872
NC1=C2C(=NC=N1)N(N=C2C1=CC=C(OC2=CC=CC=C2)C=C1)[C@@H]1CCCN(C1)C(=O)C=C,0.0018774959025904536
NC1=C(N)C=NC=C1,0.001872448599897325
CC1=C(OCCCC(=O)NO)C=CC(Cl)=C1,0.0018680193461477757
CN1CCC2=C(C1)C1=C(C=CC=C1)N2CC1=CC=CC=C1,0.0018676425097510219
OC(=O)C1=C(C=CC=C1)C1=CC=C(C=C1)C(F)(F)F,0.0018635542364791036
CN1C2=C(N(CCOC(=O)C(C)(C)OC3=CC=C(Cl)C=C3)C=N2)C(=O)N(C)C1=O,0.0018369490280747414
COC1=C(C=C(Cl)C=C1)C(=O)NCCC1=CC=C(C=C1)S(=O)(=O)NC(=O)NC1CCCCC1,0.0018342528492212296
OC(=O)C1=CC(O)=C(O)C(O)=C1,0.0018300930969417095
CC(C)C[C@H](NC(=O)OCC1C2=C(C=CC=C2)C2=C1C=CC=C2)C(O)=O,0.0018281708471477032
CC(C)C[C@@H](NC(=O)OCC1C2=C(C=CC=C2)C2=C1C=CC=C2)C(O)=O,0.0018263706006109715
CNCC[C@H](OC1=CC=C(C=C1)C(F)(F)F)C1=CC=CC=C1,0.0018257484771311283
CN1C2=C(C3=C1C=CC=C3)C(=O)[C@@H](CN1C=CN=C1C)CC2,0.0018225446110591292
CC(C)C1=CC=C(NC(=O)CN2C=NC3=C2C(=O)N(C)C(=O)N3C)C=C1,0.001819776021875441
NC1=NC2=C(C(CCC3=CC=C(C=C3)C(=O)N[C@H](CCC(O)=O)C(O)=O)=CN2)C(=O)N1,0.0017873529577627778
CCCC[C@H](O)C1=CC=CC=C1,0.001765739289112389
OC(=O)CCC(=O)C1=CC=C(C=C1)C1=CC=CC=C1,0.0017620415892452002
Cl.CCN(CC)CC#CCOC(=O)C(O)(C1CCCCC1)C1=CC=CC=C1,0.001733488286845386
S=C=NCCC1=CC=CC=C1,0.0017256865976378322
NC1=CC2=NC3=CC(N)=CC=C3C=C2C=C1,0.001724328612908721
CCN1N=C(C(O)=O)C(=O)C2=C1C=C1OCOC1=C2,0.0017226090421900153
C[C@H]1COC2(CCN(CC2)C2=NC(=O)C3=CC(=CC(=C3S2)[N+]([O-])=O)C(F)(F)F)O1,0.001704776892438531
C(N1CCN(CC1)C1=NC=CC=C1)C1=NC2=C(N1)C=CC=C2,0.0017010445008054376
N#CC1=NC=CC=N1,0.0016879497561603785
CNC[C@H](O)C1=CC(O)=C(O)C=C1,0.0016700529959052801
CN1C=C(C=C1C(O)=O)C(=O)C1=CC=CC2=CC=CC=C12,0.0016670393524691463
OCCOCCOC(=O)C1=C(NC2=CC=CC(=C2)C(F)(F)F)C=CC=C1,0.0016597496578469872
O=C(N1CCCCC1)C1=CC2=C(OCO2)C=C1,0.0016587733989581466
CCCCNC1=CC(=CC(=C1OC1=CC=CC=C1)S(N)(=O)=O)C(O)=O,0.0016579160001128912
OC1=CC=C(C=C1)[C@@H]1CC(=O)C2=C(O1)C=C(O)C=C2O,0.001650188467465341
CCCCOC(=O)C1=CC=C(N)C=C1,0.0016490811249241233
CC(=O)OCC(CCN1C=NC2=CN=C(N)N=C12)COC(C)=O,0.0016359073342755437
N1C2=C(C=CC=C2)N=C1C1=CSC=N1,0.0016304913442581892
CC1=C(O)C=C(C=C1)[N+]([O-])=O,0.0016162883257493377
[Cl-].CC(C)(C)CC(C)(C)C1=CC=C(OCCOCC[N+](C)(C)CC2=CC=CC=C2)C=C1,0.0016031655250117183
OC1=C(C=C(Cl)C=C1)C(=O)NC1=C(Cl)C=C(C=C1)[N+]([O-])=O,0.0015768283046782017
C[C@@H](C(O)=O)C1=CC2=C(C=C1)C1=C(N2)C=CC(Cl)=C1,0.0015631245914846659
CN(C)CCCN1C2=C(SC3=C1C=C(Cl)C=C3)C=CC=C2,0.0015603884821757674
COC1=C(C=CC=C1)N1CCN(C[C@H](O)COC2=CC=CC3=CC=CC=C23)CC1,0.0015545837813988328
CCOC(=O)CCNC1=NC(=NC(=C1)N1CCC2=C(CC1)C=CC=C2)C1=NC=CC=C1,0.001548283384181559
CN1C=NC2=C1C(=O)N(C)C(=O)N2C,0.0015437727561220527
CNCCC=C1C2=C(CCC3=C1C=CC=C3)C=CC=C2,0.0015399819239974022
CC(=O)NC1=C(I)C(C(O)=O)=C(I)C(NC(C)=O)=C1I,0.001539959921501577
C1CN(CCN1)C1=NC2=CC=CC=C2C=C1,0.0015289067523553967
N[C@H]1CCN(C1)C1=CC=CN=C1,0.0015165789518505335
Cl.COCCOC1=CC2=NC=NC(NC3=CC(=CC=C3)C#C)=C2C=C1OCCOC,0.0014925586292520165
CC1=C(CCN)SC(N)=N1,0.0014884992269799113
Cl.Cl.Cl.NC1=C(C=CC=N1)C1=NC2=C(N=C(C=C2)C2=CC=CC=C2)N1C1=CC=C(C=C1)C1(N)CCC1,0.0014779499033465981
S=C=NCC1=CC=CC=C1,0.0014764813240617514
CC1=CC=C(Cl)C(NC2=C(C=CC=C2)C(O)=O)=C1Cl,0.0014609191566705704
CC(C)(C)C1=CC=C(O)C=C1,0.0014514729846268892
C=CC(=O)NC1=CC=CC=C1,0.0014491043984889984
O=C1CC2(CCCC2)CC(=O)N1CCCCN1CCN(CC1)C1=NC=CC=N1,0.0014376972103491426
NC1=NC(=C(Br)C(=O)N1)C1=CC=CC=C1,0.0014362219953909516
CN1C(C)=NC=C1[N+]([O-])=O,0.0014350927667692304
C[C@@H](C(O)=O)C1=CC(OC2=CC=CC=C2)=CC=C1,0.00142974266782403
CCOC1=CC2=C(NC(C)(C)C=C2C)C=C1,0.0014279343886300921
CCN(CC)C(=O)N1CCN(C)CC1,0.0014215194387361407
OC(=O)CCC1=NC(=C(O1)C1=CC=CC=C1)C1=CC=CC=C1,0.0014188591158017516
C(CC1=CC=CC=C1)NCC1=CC=CC=C1,0.0014164478052407503
CCOC(=O)C1=C2CN(C)C(=O)C3=C(C=CC(F)=C3)N2C=N1,0.0014051126781851053
COC1=C(OC)C=C2C(N)=NC(=NC2=C1)N1CCN(CC1)C(=O)C1=CC=CO1,0.0014042978873476386
COC1=CC2=C(C=C1)C(C)(C)C(=O)N(CCC1=CC=C(C=C1)S(=O)(=O)NC(=O)NC1CCCCC1)C2=O,0.001403486356139183
O=C1CCC2=C(N1)C=CC(OCCCCC1=NN=NN1C1CCCCC1)=C2,0.0014005489647388458
CCN(CC)C(=O)C1=CN=CC=C1,0.0013952451990917325
CCCNC[C@H](O)COC1=C(C=CC=C1)C(=O)CCC1=CC=CC=C1,0.0013903348008170724
CCCCN(CCCC)CCCOC1=CC=C(C=C1)C(=O)C1=C(CCCC)OC2=C1C=C(NS(C)(=O)=O)C=C2,0.0013846105430275202
COC1=C(OC)C=C(CCC(=O)NC2=NC3=C(S2)C=C(Cl)C=C3)C=C1,0.0013791057281196117
ClC1=CC2=C(OC(=O)N2)C=C1,0.0013737481785938144
Cl.CC1=C(OC2=C(C=CC=C2C(=O)OCCN2CCCCC2)C1=O)C1=CC=CC=C1,0.0013719623675569892
COC1=CC=C(C=C1)N1N=C(C(N)=O)C2=C1C(=O)N(CC2)C1=CC=C(C=C1)N1CCCCC1=O,0.0013641421683132648
CCN1C=NC(C(=O)NC)=C1C(=O)NC,0.0013631787151098251
COC1=CC2=NC(NC3=NC(O)=C(C)C(C)=N3)=NC(C)=C2C=C1,0.0013609564630314708
CC1=CC=C(O)C=C1,0.0013584663392975926
CCCCOC(=O)C1=CC=C(O)C=C1,0.0013582684332504869
COC1=CC=C(O)C=C1,0.0013582231476902962
Cl.CCNC[C@H](O)C1=CC=CC(O)=C1,0.0013567648129537702
NCCS(O)(=O)=O,0.0013498604530468583
OC(=O)C1=CC2=C(S1)C=CC=C2,0.0013488784898072481
CCCC[C@H]1C(=O)N(N(C1=O)C1=CC=C(O)C=C1)C1=CC=CC=C1,0.001348494435660541
OC(=O)CN(CCN(CC(O)=O)CC(O)=O)CC(O)=O,0.0013464437797665596
C(N1CCN(CC1)C1=NC2=C(S1)C=CC=C2)C1=CC2=C(OCO2)C=C1,0.0013361743185669184
NCC1=CC=CN=C1,0.0013330017682164907
N#CC1=CC=C(C=C1)C(N1C=NC=N1)C1=CC=C(C=C1)C#N,0.0013193205231800675
CC1=CC=C(C=C1)S([O-])(=O)=O.CC[N+](C)(C)CC1=C(Br)C=CC=C1,0.001318321912549436
CN(CC#C)CC1=CC=CC=C1,0.0013171358732506633
ClC1=CC=C(C=C1)C(=O)N(CC1=CC=CC=C1)C1CCCCC1,0.0013168473960831761
OB1OCC2=C1C=CC(F)=C2,0.0013128138380125165
CC(=O)NC1=CC=CC=C1,0.001306756166741252
COC1=CC2=C(C=C1)N(C(=O)C1=CC=C(Cl)C=C1)C(C)=C2CC(O)=O,0.00129732268396765
OC(=O)C1=CC(=O)C2=C(O1)C=CC=C2,0.001295722322538495
OC1=CC=C(C=C1)C1(OS(=O)(=O)C2=C1C=CC=C2)C1=CC=C(O)C=C1,0.0012847325997427106
OC(=O)COCCN1CCN(CC1)[C@@H](C1=CC=CC=C1)C1=CC=C(Cl)C=C1,0.0012743468396365643
COC1=C(OC)C=C2C(N)=NC(=NC2=C1)N1CCN(CC1)C(=O)[C@@H]1CCCO1,0.0012708875583484769
C1CN2C[C@@H](N=C2S1)C1=CC=CC=C1,0.0012535242130979896
COC1=C(OC)C=C(C=C1)C(=O)NCC1=CC=C(OCCN(C)C)C=C1,0.0012497962452471256
CCOC1=C(O)C=CC(C=O)=C1,0.0012458551209419966
CC1=NN=C2C=CC(=NN12)C1=CC=CC(=C1)C(F)(F)F,0.0012370421318337321
NC1=CC(=NC(N)=[N+]1[O-])N1CCCCC1,0.0011936448281630874
C(N1CCN(CC1)C1=NC=CC=N1)C1=CC2=C(OCO2)C=C1,0.0011929082684218884
CS(=O)(=O)OCOS(C)(=O)=O,0.0011890025343745947
C=CC(=O)N1CCCCC1,0.0011848079739138484
CC(C)NC(=O)NS(=O)(=O)C1=C(NC2=CC(C)=CC=C2)C=CN=C1,0.0011810907162725925
FC1=CC=C(C=C1)[C@@H]1CCNC[C@H]1COC1=CC2=C(OCO2)C=C1,0.0011768803233280778
N[C@]1(CC[C@H]2[C@@H]([C@@H]12)C(O)=O)C(O)=O,0.0011763895163312554
CCOC(=O)C1=CC=C(N)C=C1,0.001168836490251124
CC#C[C@]1(O)CC[C@H]2[C@@H]3CCC4=CC(=O)CCC4=C3[C@H](C[C@]12C)C1=CC=C(C=C1)N(C)C,0.0011657942086458206
COC1=C(OC)C=C(C=C1)S(=O)(=O)N1CCCN(CC1)S(=O)(=O)C1=CC(OC)=C(OC)C=C1,0.0011646931525319815
N[C@@H](CC1=CC(I)=C(OC2=CC(I)=C(O)C(I)=C2)C(I)=C1)C(O)=O,0.001164362533017993
CC(C)NC[C@H](O)C1=CC(O)=C(O)C=C1,0.0011574268573895097
COC1=C(O)C=CC(=C1)C(C)=O,0.0011459668166935444
CN1CCN(CC1)C1=NC2=CC=CC=C2N=C1Cl,0.001144756912253797
O=C1OC2=C(C=CC=C2)C=C1,0.0011419979855418205
[O-][N+](=O)C1=NC=CN1CC(=O)NCC1=CC=CC=C1,0.001139988424256444
N#CC1=CC=C(C=C1)[C@@H]1CCCC2=CN=CN12,0.0011386231053620577
CN(C)CCO[C@@H](C1=CC=CC=C1)C1=C(C)C=CC=C1,0.0011348979314789176
CNC(=O)C1=CC2=C(C=C1)C(=O)C1=C(C=CC=C1)S2(=O)=O,0.0011314555304124951
CC(=O)C1=CC=C(C=C1)S(=O)(=O)NC(=O)NC1CCCCC1,0.0011283471249043941
CCN(CC)CCC[C@H](C)NC1=C2C=CC(Cl)=CC2=NC2=CC=C(OC)C=C12,0.0011241864413022995
CN(C)CCCSC(N)=N,0.0011224839836359024
C1CN(CCO1)SC1=NC2=C(S1)C=CC=C2,0.0011224679183214903
OC1=NC2=C(C=CC=C2)N1C1CCN(CCOC2=CC=CC=C2)CC1,0.0011221771128475666
N1C2=C(SC3=C1C=CC=C3)C=CC=C2,0.001118225627578795
CC(C)CCC[C@@H](C)[C@H]1CC[C@H]2[C@@H]3CCC4=CC(CC[C@]4(C)[C@H]3CC[C@]12C)=NO,0.001114684040658176
[Na+].CC(C)(O)C1=COC(=C1)S(=O)(=O)[N-]C(=O)NC1=C2CCCC2=CC2=C1CCC2,0.0011135060340166092
COC1=CC(OC)=C(Cl)C=C1NC(=O)NC1=NOC(C)=C1,0.0011106403544545174
CCC1=C(C)NC2=C1C(=O)[C@@H](CN1CCOCC1)CC2,0.0011027766158804297
O=C1NCCN[C@H]1C1=CC=CS1,0.0010970168514177203
CC1=CC=C(C=C1)S(=O)(=O)NC(=O)NN1CCCCCC1,0.00109583989251405
C1CNCCN1,0.0010951822623610497
CCC1=C(C)CN(C(=O)NCCC2=CC=C(C=C2)S(=O)(=O)NC(=O)N[C@H]2CC[C@H](C)CC2)C1=O,0.0010947086848318577
COC1=C(OCCCN2CCOCC2)C=C2C(NC3=CC(Cl)=C(F)C=C3)=NC=NC2=C1,0.0010841365437954664
FC1=CC=C(C=C1)C(=O)CCCN1CCC(=CC1)N1C(=O)NC2=C1C=CC=C2,0.0010820286115631461
OC1=C(I)C=C(I)C=C1I,0.0010777838760986924
O=C1CNC(=O)CN1,0.00106805341783911
OC(=O)CCCC[C@H]1CCSS1,0.001065915683284402
COC1=CC(O)=C(C=C1)C(C)=O,0.00105306098703295
OC12CC3CC(C1)C(=O)C(C3)C2,0.0010439035249873996
CC(=O)NC1=CC(O)=CC=C1,0.0010406277142465115
CCC1=C(N=C(O)N1)C(=O)C1=CC=NC=C1,0.001035316614434123
CC(C)(O)C(Cl)(Cl)Cl,0.0010341918095946312
NC(=O)C1=CN(CC2=C(F)C=CC=C2F)N=N1,0.0010326008778065443
CN(C)CCOC(C)(C1=CC=CC=C1)C1=NC=CC=C1,0.0010256896493956447
CC1=NC(=CC(NC2=NC=C(S2)C(=O)NC2=C(Cl)C=CC=C2C)=N1)N1CCN(CCO)CC1,0.0010221486445516348
CC1=NN=C(NS(=O)(=O)C2=CC=C(N)C=C2)S1,0.0010188935557380319
COC1=CC2=CC=CN=C2C(N[C@@H](C)CCCN)=C1,0.0010157001670449972
CCC(C)(C)O,0.0010007504606619477
COC1=CC(NS(=O)(=O)C2=CC=C(N)C=C2)=NC(OC)=N1,0.0009992936393246055
NC(=O)C1=NC=CN=C1,0.0009971357649192214
C[C@H](O)CC(C)(C)O,0.000995772541500628
OC(=O)[C@H](CC1=CNC2=C1C=CC=C2)NC(=O)C1=CC=C(Cl)C=C1,0.0009922732133418322
C[C@H]1COC2=C3N1C=C(C(O)=O)C(=O)C3=CC(F)=C2N1CCN(C)CC1,0.000991883804090321
COC(F)(F)C(Cl)Cl,0.0009884056635200977
COC(=O)C1=CC=C(O)C=C1,0.000978503841906786
OC(=O)CC1=CC=C(CCNS(=O)(=O)C2=CC=C(Cl)C=C2)C=C1,0.0009748802985996008
CC(=O)C1=CC2=C(O1)C(=O)C1=C(C=CC=C1)C2=O,0.0009700781083665788
NC(=N)NC(=O)C1=NC=CN=C1,0.0009699053480289876
NC1=CC(C(O)=O)=C(O)C=C1,0.0009683910175226629
CCOC(=O)C1=C(C)N(C)C2=C1C=C(O)C=C2,0.0009681760566309094
CN1C=NC2=C1C(=O)NC(=O)N2C,0.0009631086722947657
C(C1CCNCC1)C1=CNC=N1,0.0009625427192077041
NN1C=NC2=CC3=CC=CC=C3C=C2C1=O,0.0009624610538594425
OC(=O)CC1=C(NC2=C(Cl)C=CC=C2Cl)C=CC=C1,0.0009526862995699048
CCN(CC)CCNC(=O)C1=CC(Cl)=C(N)C=C1OC,0.0009517183061689138
C1CN2CC3=C(C=CC=C3)N=C2C1,0.0009447014308534563
CN1CCN(CC1)C1=NC2=C(NC3=C1C=C(C)S3)C=CC=C2,0.0009399403352290392
COC1=CC=CC(NC(=O)C=C)=C1,0.0009391892235726118
NCCCC(O)=O,0.0009325063438154757
OC(=O)[C@@H]1CCN2C1=CC=C2C(=O)C1=CC=CC=C1,0.0009291326277889311
CC1CCN(CCCC(=O)C2=CC=C(F)C=C2)CC1,0.0009256309131160378
COC1=C(OC)C=C(CCN)C=C1,0.0009248225251212716
OC1=CC=C(C=C1)C1=C(C(=O)C2=CC=C(OCCN3CCCCC3)C=C2)C2=C(S1)C=C(O)C=C2,0.0009198818006552756
O=C(N1CCN(CC2=CC=CC=C2)CC1)C1=CC2=C(O1)C=CC=C2,0.0009130125981755555
OC1=C(C=CC=C1)C(=O)OC1=CC=CC=C1,0.000909938127733767
NCCC1=NC=CC=C1,0.0008963251020759344
OC1=CC=C(C=C1)S(O)(=O)=O,0.0008888478041626513
OCCCNC1=CC=CC=C1,0.0008881916292011738
CC(=O)C1=CC2=C(SC3=C(C=CC=C3)N2CCCN2CCC(CCO)CC2)C=C1,0.0008854369516484439
[O-][N+](=O)C1=CC(C(=O)NC2=CC=CC=C2)=C(Cl)C=C1,0.0008748652180656791
NC1=CC=C(C=C1)S(=O)(=O)NC1=NC=CS1,0.0008719100151211023
NC1=CC=C(C=C1)S(N)(=O)=O,0.0008697560406289995
CC1(C)CC(=O)C([C@H]2C3=C(OC4=C2C(=O)CC(C)(C)C4)C=CC=C3)C(=O)C1,0.0008667091024108231
CCC(C)(C)C(=O)O[C@H]1C[C@@H](C)C=C2C=C[C@H](C)[C@H](CC[C@@H]3C[C@@H](O)CC(=O)O3)[C@@H]12,0.0008631430682726204
O=C1N(C[C@H]2CCCC3=CC=CC1=C23)[C@@H]1CN2CCC1CC2,0.0008627574425190687
NCCNC(=O)C1=NC=C(Cl)C=C1,0.0008562612347304821
NCC(O)=O,0.000850799900945276
CC(C)CC1=CC=C(C=C1)[C@@H](C)C(O)=O,0.0008462422410957515
CN1C2=C(NC=N2)C(=O)N(C)C1=O,0.0008448315202258527
NC1(CC1)C(O)=O,0.0008423813851550221
NC1=C(SN=C1C1=CC(=CC=C1)C(F)(F)F)C(O)=O,0.0008402825915254653
CCOC(=O)C1=C(OC(N)=O)C=CC=C1,0.0008377027697861195
NCCCS(O)(=O)=O,0.0008372111478820443
COC1=C(OC)C=C(CCNC[C@H](O)COC2=CC(C)=CC=C2)C=C1,0.000835152342915535
C[C@@H](CN1C2=C(SC3=C1C=CC=C3)C=CC=C2)N(C)C,0.0008318951586261392
FC(F)(F)C1=CC(=CC=C1)[C@@H]1CNCCO1,0.0008302780915983021
COC(=O)NC1=NC2=C(N1)C=CC=C2,0.000825693306978792
CC(C)CC1=CC=C(C=C1)[C@H](C)C(O)=O,0.0008254800923168659
N[C@@H](CC1=CC(I)=C(OC2=CC(I)=C(O)C=C2)C(I)=C1)C(O)=O,0.0008237671572715044
CC1=C(C)C2=C(CC[C@](C)(O2)C(O)=O)C(C)=C1O,0.0008227166836149991
CCOC(=O)[C@@H](N)CC1=CC(O)=C(O)C=C1,0.0008220592862926424
O[C@H]([C@@H](O)C([O-])=O)C(O)=O.O[C@H]([C@@H](O)C([O-])=O)C(O)=O.C[N+]1(CCCCC[N+]2(C)CCCC2)CCCC1,0.0008209116640500724
CCOC1=CC2=C(C=C1)N=C(S2)S(N)(=O)=O,0.0008151581860147417
CCCN(CCC)S(=O)(=O)C1=CC=C(C=C1)C(O)=O,0.0008069690084084868
CC1=CC2=CC3=C(OC(=O)C=C3C)C(C)=C2O1,0.0007968730642460287
COC1=C(OC)C(NS(=O)(=O)C2=CC=C(N)C=C2)=NC=N1,0.0007957546040415764
O=C1C(C(=O)C2=C1C=CC=C2)C1=CC=CC=C1,0.0007906359969638288
CN(C)CCN(CC1=CC=CC=C1)C1=NC=CC=C1,0.0007902910001575947
COC1=C(O)C=CC(C=O)=C1,0.0007888907566666603
CN1N(C(=O)C(NC(=O)C2=CN=CC=C2)=C1C)C1=CC=CC=C1,0.0007882587960921228
CC(=O)NS(=O)(=O)C1=CC=C(N)C=C1,0.0007805217755958438
COC1=CC=C(C=C1)C1=NC2=C(N1)C=CC(=C2)C1=NNC(=O)C[C@@H]1C,0.0007781624444760382
C(N1C2=C(C=CC=C2)N=C1N1CCNCC1)C1=CC=CC=C1,0.0007744391914457083
NC(CO)(CO)CO,0.0007741691078990698
CC1=C(SC=C1)C(=CCCN1CCC[C@H](C1)C(O)=O)C1=C(C)C=CS1,0.0007693021325394511
CCOC(=O)C1=CC=C(O)C=C1,0.0007670079939998686
COC1=CC(=CC(OC)=C1OC)[C@H]1[C@@H]2[C@H](COC2=O)[C@@H](O)C2=C1C=C1OCOC1=C2,0.0007632042979821563
OC(=O)C1=CC2=C(N1)C=CO2,0.000761610281188041
OC(=O)CCC1=CNC2=C1C=CC=C2,0.0007574809133075178
CN(C)CC[C@@H](C1=CC=C(Cl)C=C1)C1=NC=CC=C1,0.0007570493617095053
CN1[C@H](C2=CC=C(Cl)C=C2)S(=O)(=O)CCC1=O,0.00075279560405761
O=C(CC#N)C1=CC=CC=C1,0.0007520656799897552
NC1=CC=C(C=C1)S(=O)(=O)NC1=NC=CC=C1,0.000743311713449657
C#CCN[C@@H]1CCC2=C1C=CC=C2,0.000742704956792295
C[C@H](CCC(O)=O)[C@H]1CC[C@H]2[C@@H]3CC[C@@H]4C[C@H](O)CC[C@]4(C)[C@H]3C[C@H](O)[C@]12C,0.0007400407339446247
C[C@H](N)CC1=C(C)C=C(C=C1)N(C)C,0.0007371949031949043
CCCCCCCCC(=O)NCC1=CC(OC)=C(O)C=C1,0.0007362912874668837
COC1=CC=C(C=C1)N1C(SCC2=NC(=NO2)C2=CC=C(C)C=C2)=NN=C1C1=CC=NC=C1,0.0007359525188803673
OC[C@H]1O[C@@](CO)(O[C@H]2O[C@H](CO)[C@@H](O)[C@H](O)[C@H]2O)[C@@H](O)[C@@H]1O,0.0007353692199103534
COC1=CC(C=O)=C(C=C1OC)[N+]([O-])=O,0.0007343222969211638
CC1=CC(OC[C@H]2CNC(=O)O2)=CC(C)=C1,0.0007283779559656978
CC1=C(CCN2CCC(CC2)C2=NOC3=C2C=CC(F)=C3)C(=O)N2CCCCC2=N1,0.0007207206217572093
Cl.CC(C)NC[C@H](O)COC1=CC=CC2=CC=CC=C12,0.0007172159967012703
Cl.Cl.CNCCC1=CN=CN1,0.0007093255408108234
COC1=CC=C(NC(=O)C=C)C=C1,0.0006965070497244596
C(NC1=NC=NC2=C1NC=N2)C1=CC=CC=C1,0.0006944503402337432
CN1N=NC2=C(N=CN2C1=O)C(N)=O,0.0006903769681230187
COC1=C(OC)C=C(CCN(C)CCCC(C#N)(C(C)C)C2=CC(OC)=C(OC)C=C2)C=C1,0.0006864314200356603
OC(=O)CCC(=O)C(O)=O,0.0006849153432995081
OCC1=CC(F)=CN=C1,0.0006848357734270394
CC(C)(C#N)C1=CC(=CC(CN2C=NC=N2)=C1)C(C)(C)C#N,0.0006827366887591779
C[C@H](N)CC1=CC=CC(O)=C1,0.0006758267409168184
CCOC(=O)C(C)=O,0.0006752897752448916
FC1=C(F)C=C(CN2CCC(CC2)NC2=NN=C(C=C2)C(F)(F)F)C=C1,0.0006713984184898436
C[C@H](N)COC1=C(C)C=CC=C1C,0.0006706757703796029
CC(C)COC1=C(C=C(C=C1)C1=NC(C)=C(S1)C(O)=O)C#N,0.0006696506752632558
IC1=CC=C(C=C1)C(=O)NC1CCN(CC2=CC=CC=C2)CC1,0.0006672756862826645
OC(=O)P(O)(O)=O,0.0006640382925979793
C1C2CNCC1C1=C2C=C2N=CC=NC2=C1,0.0006621109205298126
CN(C)CCC[C@@]1(OCC2=C1C=CC(=C2)C#N)C1=CC=C(F)C=C1,0.0006589149706996977
O=C1NC=NC2=C1C=NN2,0.0006514868000522256
COC1=CN=C(NS(=O)(=O)C2=CC=C(N)C=C2)N=C1,0.0006512365653179586
COC1=NC=CN=C1NS(=O)(=O)C1=CC=C(N)C=C1,0.0006491055828519166
COC1=C(O)C=CC=C1,0.0006471042870543897
CC[C@H]1OC(=O)[C@H](C)[C@@H](O[C@H]2C[C@@](C)(OC)[C@@H](O)[C@H](C)O2)[C@H](C)[C@@H](O[C@@H]2O[C@H](C)C[C@@H]([C@H]2O)N(C)C)[C@](C)(O)C[C@@H](C)CN(C)[C@H](C)[C@@H](O)[C@]1(C)O,0.0006451245280914009
CCOC1=C(OC[C@H]2CNCCO2)C=CC=C1,0.0006434598471969366
NC(N)=O,0.0006386369350366294
CC1=CC(=O)N(N1)C1=CC=CC=C1,0.0006360056577250361
O=C(C1CCCCC1)N1C[C@@H]2N(CCC3=C2C=CC=C3)C(=O)C1,0.0006350668845698237
CN1C2=C(N(CC3=NOC(C)=N3)C=N2)C(=O)N(C)C1=O,0.0006335669895634055
[Cl-].C[N+](C)(C)CC(O)=O,0.0006292102043516934
OCCN1CCN(CCCN2C3=C(SC4=C2C=C(C=C4)C(F)(F)F)C=CC=C3)CC1,0.0006260023219510913
CNC(=O)ON(C(C)=O)C(=O)NC,0.0006240425282157958
NCCCCNC(N)=N,0.0006210331339389086
NCC1(CC(O)=O)CCCCC1,0.0006199053605087101
COC(=O)C1=C(O)C=CC=C1,0.0006132170092314482
CC(C)NC[C@H](O)C1=CC(O)=CC(O)=C1,0.0006128313834778965
CCCCCCCCCCCCOS(O)(=O)=O,0.000612422707490623
Cl.CN1CCC[C@@H]1CCOC(C)(C1=CC=CC=C1)C1=CC=C(Cl)C=C1,0.0006073910044506192
CCCCC1=CN=C(C=C1)C(N)=O,0.0006046745111234486
C[C@H]1C[C@H]2[C@@H]3CCC4=CC(=O)C=C[C@]4(C)[C@H]3C(=O)C[C@]2(C)[C@@]1(O)C(=O)CO,0.000597348203882575
CC1OC2=C(CC1N(C)C)C=CC=C2,0.0005908551393076777
CC(=O)[C@@H]1C(=O)OC(C)=CC1=O,0.0005885518621653318
OC(=O)CN1C(=O)C2=CC=CC3=CC=CC(C1=O)=C23,0.0005856605130247772
C[C@H](N)CC1=CC=C(O)C=C1,0.0005844265106134117
OC(=O)CCCC1=CNC2=C1C=CC=C2,0.0005820362130180001
CCN(CC)CCOC(=O)C1=CC=C(N)C=C1,0.0005800999933853745
NC1=CC=C(C=C1)S(=O)(=O)NC1=NC2=CC=CC=C2N=C1,0.0005794617463834584
CCCCN(CCCC)CC[C@H](O)C1=C2C=CC(=CC2=C2C=C(Cl)C=C(Cl)C2=C1)C(F)(F)F,0.0005775258759967983
C[C@H](NC(C)(C)C)C(=O)C1=CC=CC(Cl)=C1,0.0005774680757895112
CNCC(O)=O,0.0005723594804294407
IC1=CC=C(C=C1)C(=O)NCCN1CCCCC1,0.0005689123063348234
CCN1C[C@H](CCN2CCOCC2)C(C1=O)(C1=CC=CC=C1)C1=CC=CC=C1,0.0005686043296009302
CCCN1C2=C(NC=N2)C(=O)NC1=O,0.0005680610775016248
CCCCCCCN(CC)CCC[C@H](O)C1=CC=C(NS(C)(=O)=O)C=C1,0.0005662765470333397
[O-][N+](=O)C1=C2NN=CC2=CC=C1,0.0005639679729938507
[Cl-].C[N+](C)(C)CCO,0.0005605739424936473
O=C1NC2=C(N1)C(=O)NC(=O)N2,0.0005598728312179446
[O-][N+](=O)C1=C(C=CC(=C1)C(F)(F)F)C(=O)C1C(=O)CCCC1=O,0.0005591092049144208
OC1=CC=C(OCC2=CC=CC=C2)C=C1,0.0005521904677152634
COC1=C(O)C=CC(CC=C)=C1,0.0005519604892469943
NC(=O)C([C@@H]1CCN(CCC2=CC3=C(OCC3)C=C2)C1)(C1=CC=CC=C1)C1=CC=CC=C1,0.0005451181204989552
O=C1NC=NC2=C1NC=N2,0.0005438310909084976
CC(=O)NCCCS(O)(=O)=O,0.0005381610244512558
COC1=CC2=C(C=C1OC)C(=O)[C@@H](CC1CCN(CC3=CC=CC=C3)CC1)C2,0.0005337661132216454
O=C1C2=C(OC3=C1C=CC=C3)C=CC=C2,0.0005268960376270115
CC1=C(CCN2CCC(CC2)C2=NOC3=C2C=CC(F)=C3)C(=O)N2CCC[C@H](O)C2=N1,0.000520680274348706
COC1=C(OC[C@@H](O)CN2CCN(CC(=O)NC3=C(C)C=CC=C3C)CC2)C=CC=C1,0.0005196376005187631
O=C1NCC2(CCN(CCC3=CC=CC=C3)CC2)O1,0.0005193697288632393
NC(=N)NC1=CC=C(Cl)C=C1,0.0005175264668650925
NC(=O)C1=CC2=C(NC=C2)C=C1,0.0005166727351024747
OC(=O)CCC1=CC(I)=C(OC2=CC=C(O)C=C2)C(I)=C1,0.0005128368502482772
COC1=CC=C(C=C1)C1=COC2=C(C=CC(O)=C2)C1=O,0.0005122159491293132
CNCCC1=NC=CC=C1,0.0005091861239634454
CN(C)CC1=CNC2=C1C=CC=C2,0.0005075221415609121
CC1=CC(Cl)=C(NC2=NCCN2)C=C1,0.0005047418526373804
Cl.OC(=O)\C=C\C1=CNC=N1,0.0005026959697715938
NC1=NC(=O)N(C=C1)[C@@H]1O[C@H](CO)[C@@H](O)C1(F)F,0.0004952469607815146
C[C@H](N)C(O)=O,0.00048702963977120817
CC(C)[C@@H]1CC[C@@H](C)C[C@H]1O,0.00048574904212728143
CC(=O)NC1=CC=C(O)C=C1,0.00048518774565309286
CCC(O)(CC(N)=O)C1=CC=CC=C1,0.00048168282955884933
NC1=NC(=O)N(C=N1)[C@H]1C[C@H](O)[C@@H](CO)O1,0.00047969736624509096
OC(=O)C1=C(O)C=CC=C1,0.0004780303861480206
CCN1C=C(C(O)=O)C(=O)C2=CC(F)=C(N=C12)N1CCNCC1,0.00047454636660404503
COC1=CC(=CC(OC)=C1OC)C(=O)N[C@H]1CCCNC1,0.00047367275692522526
N[C@@H](CCC(O)=O)C(O)=O,0.0004700596327893436
CCN1C=C(C(O)=O)C(=O)C2=CC(F)=C(C=C12)N1CCNCC1,0.00046949178795330226
CCN(CC)S(=O)(=O)C1=CC=C(C=C1)C(O)=O,0.0004673150833696127
ClC1=CC=C(C=C1)C(=O)NCCN1CCOCC1,0.00046499070595018566
CN[C@H]1CC[C@@H](C2=CC(Cl)=C(Cl)C=C2)C2=C1C=CC=C2,0.0004637583624571562
NC1=CC=C(C=C1)S(=O)(=O)NC1=NC=CC=N1,0.0004636018711607903
CN1N(C(=O)C(N)=C1C)C1=CC=CC=C1,0.0004617570375557989
COC1=C(O)C=CC(CCC(C)=O)=C1,0.0004583268892019987
COC1=CC(=CC(OC)=C1OC)C(=O)N1CCOCC1,0.00045823247637599707
CCN(CC)C1=CC(C)=NC2=NC=NN12,0.0004564946866594255
CC1=CC(NS(=O)(=O)C2=CC=C(N)C=C2)=NO1,0.0004551776801235974
NC(=O)CN1CCCC1=O,0.00045221950858831406
COC1=CC2=C(NC=C2C2=CCNCC2)C=C1,0.00045109749771654606
CCC(C)C(CC)C(N)=O,0.0004486924735829234
CCN(CCO)CCC[C@H](C)NC1=C2C=CC(Cl)=CC2=NC=C1,0.00044657770195044577
OC(=O)[C@@H]1CCCN1,0.0004460948402993381
CCN(CC)CCC[C@H](C)NC1=C2C=CC(Cl)=CC2=NC=C1,0.00044473272282630205
C[C@H](CN1C=NC2=C(N)N=CN=C12)OCP(O)(O)=O,0.0004442805948201567
CC(=O)NC1=CC=C(C=C1)C(=O)NC(C)(C)C,0.00043642029049806297
O=C1NS(=O)(=O)C2=C1C=CC=C2,0.0004326182825025171
NC1=CC=C(C=C1)C(O)=O,0.0004311193188186735
OC(=O)C1=C(NCCC2=CC=CC=C2)C=CC=C1,0.0004307377093937248
CO[C@H]1O[C@@H]2O[C@@]3(C)CC[C@H]4[C@H](C)CC[C@@H]([C@H]1C)[C@@]24OO3,0.0004285878094378859
CCCN[C@H]1CCC2=C(C1)SC(N)=N2,0.0004284472670406103
CCOC(=O)C1=C(O)C(=O)N(CC2=CC=CC=C2)C1,0.000428094994276762
CC(C)NC1=NC=CC=N1,0.00042739688069559634
CCN(CC)CCNC(=O)C1=CC=C(I)C=C1,0.00042347359703853726
CCC(C)C(N)C(O)=O,0.00042282656067982316
CCC(=O)NCC[C@@H]1CCC2=CC=C3OCCC3=C12,0.0004212157800793648
OC(=O)C1=CC2=CC=CC(=C2N1)[N+]([O-])=O,0.00041145566501654685
CC1=CC=CC(C)=C1NC(=O)CN1CCCCCC1,0.00040979948244057596
BrC1=C(NC2=NCCN2)C=CC2=NC=CN=C12,0.0004074008611496538
C[C@H](O)CO,0.00040482793701812625
NC[C@H](CC(O)=O)C1=CC=CC=C1,0.0004045347450301051
OC(=O)C1=CN(C2CC2)C2=CC(N3CCNCC3)=C(F)C=C2C1=O,0.0004042960936203599
CN(C)C(=O)C(CCN1CCC(O)(CC1)C1=CC=C(Cl)C=C1)(C1=CC=CC=C1)C1=CC=CC=C1,0.00040268327575176954
N=C(NC1=CC=CC=C1)NC1=CC=CC=C1,0.00040263490518555045
N[C@@H](CCC(O)=O)C=C,0.0003969093377236277
OCC1=CNC2=C1C=CC=C2,0.00039612464024685323
NC(=O)C1=CC(N)=CC=C1,0.00039353655301965773
CCC(C)C(N)C(=O)NCCN1CCOCC1,0.00039314283640123904
NC(=O)CN1CC2=C(OC1=O)C=CC=C2,0.0003905820776708424
CCCC1=CC=C(C=C1)C(O)=O,0.00038882967783138156
Cl.Cl.OCCOCCN1CCN(CC1)[C@@H](C1=CC=CC=C1)C1=CC=C(Cl)C=C1,0.00038627086905762553
OCCOCCN1CCN(CC1)C1=NC2=C(SC3=C1C=CC=C3)C=CC=C2,0.0003857457486446947
Cl.OC(=O)C1=CCCNC1,0.00038533334736712277
COC1=CC2=C(C=C1)N=C(N2)SCC1=NC=C(C)C(OC)=C1C,0.000385215476853773
OC(=O)CCNC(=O)C1=CC=C(C=C1)\N=N\C1=CC(C(O)=O)=C(O)C=C1,0.00038365463842637837
CC1=NOC(NS(=O)(=O)C2=CC=C(N)C=C2)=C1C,0.00038170433253981173
CC1=CC=CC(C)=C1NC1=NCCCS1,0.00038033389137126505
CCN(CC)CCNC(=O)COC1=CC=C(OC)C=C1,0.00038033167948015034
NS(=O)(=O)C#CC1=CC=CC=C1,0.00037734064972028136
NC(=O)N[C@H]1NC(=O)NC1=O,0.0003749553579837084
CCOC1=C(C=CC=C1)C(O)=O,0.00037373200757429004
NC(=N)NC(=N)NC1=CC=CC=C1,0.00037362086004577577
NC1=NC(NC2CC2)=NC(N)=N1,0.0003716879291459918
CCCCCOC(=O)NC1=NC(=O)N(C=C1F)[C@@H]1O[C@H](C)[C@@H](O)[C@H]1O,0.0003709134180098772
CCCCC1=NC(Cl)=C(CO)N1CC1=CC=C(C=C1)C1=C(C=CC=C1)C1=NN=NN1,0.00037027220241725445
N[C@@H](CC1=NC=CC=C1)C1=CC=CC=C1,0.00036750143044628203
NC(=O)OCC(COC(N)=O)C1=CC=CC=C1,0.0003670889709610492
OC(=O)C1=C(O)C=C(NC(=O)C2=CC=CC=C2)C=C1,0.0003642818774096668
CC1=CC=CC(C(O)=O)=C1O,0.00036392363836057484
NC(=O)N1C2=C(CC(=O)C3=C1C=CC=C3)C=CC=C2,0.0003630729333963245
COC1=C2O[C@H]3C[C@@H](O)C=C[C@]33CCN(C)CC(C=C1)=C23,0.00036173209082335234
N[C@@H](C(O)=O)C1=CC(O)=CC(O)=C1,0.0003601952630560845
O[C@@H](CN1C2=C(C=C(Br)C=C2)C2=C1C=CC(Br)=C2)CN1CCNCC1,0.0003592453431338072
C[C@H]1C[C@H]2[C@@H]3CC[C@](O)(C(C)=O)[C@@]3(C)CC[C@@H]2[C@@]2(C)CCC(=O)C=C12,0.00035475462209433317
CC(C)(C)NC[C@H](O)C1=CC(CO)=C(O)C=C1,0.0003537286538630724
CC1(CN)CC2=C(C1)C=CC=C2,0.00035297172144055367
COC1=CC(\C=C/C2=CC(O)=C(OC)C=C2)=CC(OC)=C1OC,0.00035201632999815047
O=C\C=C\C1=CC=CC=C1,0.00034901296021416783
CC(=O)N[C@@H](CC1=CC=CC=C1)C(O)=O,0.0003474910045042634
O=S(=O)(N1CCCNCC1)C1=CC=CC2=CN=CC=C12,0.0003469570947345346
NC(=O)NCCN1CCN(CC1)C1=CC=CC(=C1)C(F)(F)F,0.00034581581712700427
CC(=O)NC1=CC=C(C=C1)C(=O)NC1=C(N)C=CC=C1,0.00034573112498037517
N=C(NC1=CC=CC=C1)C1=CC=CS1,0.0003409958444535732
CC(=O)NC1=CC=C(C=C1)C(O)=O,0.00034025084460154176
NS(=O)(=O)C1=CC=C(C=C1)C(O)=O,0.00033797137439250946
O=C(NCCN1CCN(CC1)C1=NC=CC=N1)C12CC3CC(CC(C3)C1)C2,0.00033441500272601843
CCCN(CCC)CCC1=CC=CC2=C1CC(=O)N2,0.00033355053164996207
ONC(=O)CCCCCCC(=O)NC1=CC=CC=C1,0.0003273576148785651
OCCCC(=O)NCCO,0.0003253771865274757
COC1=CC(CC2=C(N)N=C(N)N=C2)=CC(OC)=C1OC,0.0003249881265219301
CC1=CC=NC(NS(=O)(=O)C2=CC=C(N)C=C2)=N1,0.0003236400370951742
NC1=C(C=CC=C1)S(N)(=O)=O,0.00032281142193824053
OC(=O)CCC1=NC2=C(N1)C=CC=C2,0.000320681429002434
O=C(CN1CCNCC1)NC1CCCCC1,0.00031571852741762996
CC(C)NC[C@H](O)COC1=C(Cl)C=CC(C)=C1,0.0003146079834550619
NCCCC[C@H](N)C(O)=O,0.00030960707226768136
Cl.N[C@@H](CC1=CC=C(Cl)C=C1)C(O)=O,0.0003090131503995508
CCC(C)(O)C#C,0.0003084862546529621
OC(CCCN1CCCCC1)(C1=CC=CC=C1)C1=CC=CC=C1,0.000308061542455107
CCCCNC(=O)NS(=O)(=O)C1=CC=C(C)C=C1,0.00030783755937591195
NC[C@@H]1CN(CC2=CC=CC=C2)C(=O)C1,0.00030741901719011366
C[C@H](CN)CC(O)=O,0.0003069870581384748
O[C@H]1CO[C@@H]2[C@H](O)CO[C@H]12,0.0003068761434406042
COC1=CC(O)=C(C=C1)C(=O)C1=CC=CC=C1,0.00030509079806506634
COC1=C(C=C(Cl)C=C1)C(=O)NCCC1=CC=C(C=C1)C(O)=O,0.00030478931148536503
C1CN=C(N1)[C@@H]1CCCC2=C1C=CC=C2,0.00030100694857537746
OC1=CC=C2C[C@H]3N(CC4CC4)CC[C@@]45[C@@H](OC1=C24)C(=O)CC[C@@]35O,0.0003003553720191121
OC(CCN1CCCCC1)(C1CCCCC1)C1=CC=CC=C1,0.00029676660778932273
NC(=N)NCCN1CCCCCCC1,0.0002954364172182977
OS(=O)(=O)C1=CC2=C(NC(=N2)C2=CC=CC=C2)C=C1,0.0002946426102425903
Cl.COC1=CC=C(C=C1)[C@@H](CN(C)C)C1(O)CCCCC1,0.0002885470457840711
CCC(=C)C(=O)C1=CC=C(OCC(O)=O)C(Cl)=C1Cl,0.00028812012169510126
NS(=O)(=O)NCC1=CSC2=C1C=CC=C2,0.00028808493516407907
CC1=C(NC(N)=C1C#N)C1=C(F)C=CC=C1,0.0002850196906365454
C(NC1=NC=NC2=C1N=CN2)C1=CC=CO1,0.0002835468912962824
NC1=NC(NC2CC2)=C2N=CN([C@@H]3C[C@H](CO)C=C3)C2=N1,0.00028029887471348047
CC[C@H]1OC(=O)[C@H](C)[C@@H](O[C@H]2C[C@@](C)(OC)[C@@H](O)[C@H](C)O2)[C@H](C)[C@@H](O[C@@H]2O[C@H](C)C[C@@H]([C@H]2O)N(C)C)[C@](C)(O)C[C@@H](C)C(=O)[C@H](C)[C@@H](O)[C@]1(C)O,0.0002784838143270463
OC1=C(C=CC=C1)C(=O)NC1=CC=CC=C1,0.0002784217067528516
OCCN1CCN(CCCN2C3=C(SC4=C2C=C(Cl)C=C4)C=CC=C3)CC1,0.00027779117226600647
CC1=CC=C(C=C1)N(CC1=NCCN1)C1=CC=CC(O)=C1,0.00027653705910779536
NC1=C2N=CN([C@@H]3O[C@H](CO)[C@@H](O)[C@@H]3F)C2=NC(Cl)=N1,0.00027216837042942643
O=S(=O)(N1CCNCC1)C1=CC=CC2=CN=CC=C12,0.00027155925636179745
NCCCC(N)(C(F)F)C(O)=O,0.00027074827812612057
OC(=O)C1=C(NC(=O)C23CC4CC(CC(C4)C2)C3)C=CC=C1,0.00027064039022661746
N[C@@H](CC(N)=O)C(O)=O,0.0002680490433704108
CC(N)(CC1=CC=CC=C1)C1=CC=CC=C1,0.0002670824760571122
NCCC1=NNC=C1,0.0002665121864993125
CCCN[C@@H](C)C(=O)NC1=C(C)C=CC=C1,0.0002641925239004195
CCN1C(=O)NC2=C1C=CC=C2,0.0002639719459693879
CC1=CN([C@@H]2O[C@H](CO)C=C2)C(=O)NC1=O,0.00026246620109304786
CC(C)C[C@H](N)C(O)=O,0.00026085833087563515
CCCCCNCC(N)=O,0.00025797614944167435
CN1C2=C(N(CC(O)=O)C=N2)C(=O)N(C)C1=O,0.0002573229721747339
CCN(CC)CCNC(=O)C1=CC=C(NC(C)=O)C=C1,0.000256860424997285
OC(CC1=CN=CC=C1)(P(O)(O)=O)P(O)(O)=O,0.0002529033226892352
ClC1=C(NC2=NCCN2)C2=NSN=C2C=C1,0.00024864106671884656
N[C@@H](CC1=CNC2=C1C=CC=C2)C(O)=O,0.00024837994715198874
CC(C)NC(=N)NC(=N)NC1=CC=C(Cl)C=C1,0.00024757988285273314
NC1=C2N=CN([C@@H]3O[C@H](CO)[C@@H](O)[C@H]3O)C2=NC=N1,0.0002448868763167411
CC1=C(CCN)NC=N1,0.0002440305397612974
OC[C@@H](NC(=O)C(Cl)Cl)[C@H](O)C1=CC=C(C=C1)[N+]([O-])=O,0.0002427285216981545
CC1=CC(C)=NC(NS(=O)(=O)C2=CC=C(N)C=C2)=N1,0.0002400713274255395
CC(C)[C@@H](N)C(O)=O,0.00023564686125610024
ClC1=C(Cl)C2=C(C=C1)N=C1NC(=O)CN1C2,0.00023439963115379214
CS(=O)(=O)C1=CC=C(C=C1)C1=CN2C=CC=CC2=N1,0.00023307718220166862
OC(=O)CCCNC(=O)C1=CN=CC=C1,0.00023198284907266498
NCCC[C@H](N)C(O)=O,0.00022997525229584426
NS(=O)(=O)C1=C(Cl)C=C(NCC2=CC=CO2)C(=C1)C(O)=O,0.00022983648523222655
OC(=O)CCNC(=O)C1=CC=CC=C1,0.00022551824804395437
NC[C@H](CC(O)=O)C1=CC=C(Cl)C=C1,0.00022397433349397033
COC1=CC(C(O)C(C)N)=C(OC)C=C1,0.0002228279336122796
CC1=CC=C(C=C1)S(N)(=O)=O,0.0002223943010903895
CCOC(=O)C1=C(COCCN)NC(C)=C([C@@H]1C1=C(Cl)C=CC=C1)C(=O)OC,0.00022232093033380806
NC1=NC(=O)N(C=C1)[C@@H]1CS[C@H](CO)O1,0.00022220269602257758
CC(C)NC[C@H](O)COC1=CC=C(NC(C)=O)C=C1,0.0002213450352428481
NCCC(O)(P(O)(O)=O)P(O)(O)=O,0.00022129439457785338
CCN1CCC[C@@H]1CNC(=O)C1=C(OC)C=CC(=C1)S(N)(=O)=O,0.0002191022940678522
COC1=CC(OC)=C(C=O)C=C1OC,0.00021777270012535155
CN1CCC\C1=N\C(=O)NC1=C(C)C=CC=C1C,0.00021719415963161737
OC\C=C\C(O)=O,0.0002134344686055556
CCCC(CCC)C(=O)NCC(N)=O,0.00021335083874873817
CC(C)(C)NC[C@H](O)COC1=C(Cl)C=CC(Cl)=C1,0.00021315645426511765
CCN(CC)CC(=O)NC1=C(C)C=CC=C1C,0.00020983447029720992
OC(C1CCNCC1)(C1=CC=CC=C1)C1=CC=CC=C1,0.00020867824787274003
NC1=NC(=O)N(C=C1F)[C@@H]1CS[C@H](CO)O1,0.00020823045633733273
NC1=C2N=CN([C@@H]3O[C@H](CO)[C@@H](O)[C@@H]3O)C2=NC(F)=N1,0.0002074904041364789
NC(=N)NC[C@H]1COC2(CCCCC2)O1,0.00020699955348391086
CC(C)(C)C(=O)NCCCC(O)=O,0.000206959099159576
C[C@@H](C1=C(F)C=NC=N1)C(O)(CN1C=NC=N1)C1=C(F)C=C(F)C=C1,0.0002062060812022537
CN(C)C(=N)NC(N)=N,0.00020617835980374366
COC(=O)C1=C(C)NC(C)=C([C@H]1C1=C(C=CC=C1)[N+]([O-])=O)C(=O)OCC(C)C,0.00020489998860284686
COC(=O)C1=C(NC(=O)C2=CC=C(F)C=C2)C=CC=C1,0.00020061912073288113
OC(=O)[C@@H]1CCC(=O)N1,0.0001994754420593381
CC(=O)NCCCCCC(O)=O,0.00019934101146645844
N[C@@H](C(O)=O)C1=NN=NN1,0.00019388787040952593
OCCN(CCO)C1=NC(N2CCCCC2)=C2N=C(N=C(N3CCCCC3)C2=N1)N(CCO)CCO,0.00019305461319163442
COC1=CC2=C(NC=C2CCNC(C)=O)C=C1,0.00019201409304514527
O[C@@H](C(=O)C1=CC=CC=C1)C1=CC=CC=C1,0.0001914159656735137
NCCC1=CNC=N1,0.00018853625806514174
CC(=O)N[C@@H](CSSC[C@H](NC(C)=O)C(O)=O)C(O)=O,0.00018514168914407492
CN1C2=C(N(CCO)C=N2)C(=O)N(C)C1=O,0.00018466392066329718
O[C@@H](CC1=CC=NC=C1)C(Cl)(Cl)Cl,0.0001839574397308752
NCCCC(O)(P(O)(O)=O)P(O)(O)=O,0.0001834865688579157
CC[C@H](N1CCCC1=O)C(N)=O,0.00018052321684081107
OC(=O)CNC(=O)C1=CC=CC=C1,0.00017827641568146646
CC(=O)NC1=CC=C(CC(O)=O)C=C1,0.00017754017608240247
[Cl-].CC[N+](C)(CC)CCOC(=O)C(O)(C1CCCCC1)C1=CC=CC=C1,0.00017365852545481175
NCC1=CC=C(C=C1)S(N)(=O)=O,0.00017155239765997976
OC[C@H]1O[C@H]([C@H](O)[C@@H]1O)N1C=CC(=O)NC1=O,0.00017133334768004715
CC(C)(OC1=CC=C(Cl)C=C1)C(=O)N1CSC[C@H]1C(O)=O,0.00017078904784284532
CC(N)(CC1=CC=C(O)C=C1)C(O)=O,0.0001670852507231757
CC(=O)NCCC1=CNC2=C1C=CC=C2,0.0001660408452153206
CC1=CC=CC(C)=C1NC(=O)CN1CCCC1=O,0.00016438080638181418
OC(=O)[C@@H]1CSC(=O)N1,0.0001624381256988272
NCCCNCCSP(O)(O)=O,0.0001593733613844961
CC1=CC(OC[C@@H](O)CNC(C)(C)C)=C(Cl)C=C1,0.00015785987488925457
CN(CC(O)=O)C(N)=N,0.00015766640717629343
N[C@H](CO)C(O)=O,0.0001569235319038853
NC(=N)NCCC(O)=O,0.0001565730490256101
O[C@@H](CC(O)=O)C(O)=O,0.00015629277913831174
[O-][N+](=O)C1=CC2=C(C=CS2(=O)=O)C=C1,0.00015111497486941516
OC[C@H]1O[C@H](O)[C@H](O)[C@@H](O)[C@@H]1O,0.00014772855502087623
N[C@@H](CC1=CC=C(O)C=C1)C(O)=O,0.00014661403838545084
CC(C)N(CCC(C(N)=O)(C1=CC=CC=C1)C1=NC=CC=C1)C(C)C,0.00014603919407818466
COC(=O)C1=C(C)NC(C)=C(C1C1=C(OC(F)F)C=CC=C1)C(=O)OC,0.0001435789163224399
OCCOC(=O)NCC1=CC=CC=C1,0.00013846703222952783
CC1=CC=C(C=C1)S(=O)(=O)NCC1=CC=CC=C1,0.00013800080341752619
COC1=CC=C(CN2CCNCC2)C(OC)=C1OC,0.0001376311556668952
CC(C)NC[C@H](O)C1=C(Cl)C=CC=C1,0.0001365439675282687
OC[C@H]1O[C@H](C[C@@H]1O)N1C=NC2=C1N=CNC[C@H]2O,0.00013429946557153016
[Cl-].C[N+](C)(C)CCOC(N)=O,0.0001340517628705129
CC(C)[C@H]1CC[C@@H](CC1)C(=O)N[C@@H](CC1=CC=CC=C1)C(O)=O,0.00013333735114429146
CC(C)[C@H]1CC[C@@H](CC1)C(=O)N[C@H](CC1=CC=CC=C1)C(O)=O,0.000131189328385517
C[C@H](N[C@@H](CCC1=CC=CC=C1)C(O)=O)C(=O)N1CCC[C@H]1C(O)=O,0.00013116143236402422
CCN(CC)CCNC(=O)C1=CC=C(N)C=C1,0.00012906163465231657
Cl.COC(=O)C1=C(C)NC(C)=C([C@H]1C1=CC=CC(=C1)[N+]([O-])=O)C(=O)OCCN(C)CC1=CC=CC=C1,0.00012852041982114315
OC(=O)[C@@H]1CSCN1,0.0001266010367544368
C1CN=C(N1)C1=NC2=CC=CC=C2N=C1,0.0001246011961484328
CCCCCN(C)CCC(O)(P(O)(O)=O)P(O)(O)=O,0.00012413845979608595
N.N.N.OC(=O)CC(O)(CC(O)=O)C(O)=O,0.00012241727381478995
C[C@H](O)CN1C(C)=NC=C1[N+]([O-])=O,0.00012156298180343583
CC(C)C[C@H](NC(C)=O)C(O)=O,0.00011922498379135504
OC[C@@H](O)CN1CCN(CC1)C1=CC=CC=C1,0.00011896253272425383
C(C1=NCCN1)C1=CC=CC=C1,0.00011831949814222753
C(C1=NCCN1)C1=CC=CC2=CC=CC=C12,0.00011623102909652516
NC(=O)CN1C[C@H](O)CC1=O,0.00011095069203292951
NC[C@@H](O)CC(O)=O,0.00011021624959539622
CCC(CC)O[C@@H]1C=C(C[C@H](N)[C@H]1NC(C)=O)C(O)=O,0.00010977790952892974
CCOC(=O)N1CSC[C@H]1C(O)=O,0.00010566316632321104
CCCC(=O)OCOC(=O)C1=C(C)NC(C)=C([C@@H]1C1=CC=CC(Cl)=C1Cl)C(=O)OC,0.00010356613347539678
CC1=CN([C@@H]2C[C@@H](O)[C@H](CO)O2)C(=O)NC1=O,0.0001031217907438986
CN(C)S(=O)(=O)C1=C(C)C=CC(=C1)[N+]([O-])=O,0.00010253150685457513
CC1=CC=C(C=C1)S(=O)(=O)C1=CC=C(O1)[N+]([O-])=O,0.00010211399785475805
N[C@H](CC1=CNC=N1)C(O)=O,0.00010122323146788403
COC(=O)[C@@H](N)CCCNC(=N)N[N+]([O-])=O,0.00010098895290866494
CC(=O)N1CCC(CC1)NC(=O)C1=CC=C(F)C=C1,9.549437527311966e-05
OCCC1=CC=C(OCCN2C=CN=C2)C=C1,9.516185673419386e-05
N[C@H](CCCNC(N)=N)C(O)=O,9.388948819832876e-05
CN[C@@H]1[C@H](O)[C@H](NC)[C@H]2O[C@]3(O)[C@@H](O[C@H](C)CC3=O)O[C@@H]2[C@H]1O,9.331155160907656e-05
O[C@@H](C(O)=O)C1=CC=CC=C1,9.209377458319068e-05
CC(C)NC[C@H](O)C1=CC(C#N)=C(N)C=C1,8.724445797270164e-05
OC1CNC(C1)C(O)=O,8.633368270238861e-05
NC1=C2N=CN([C@@H]3O[C@H](COP(O)(O)=O)[C@@H](O)[C@@H]3O)C2=NC(F)=N1,8.581436850363389e-05
NC1=CC=C(C=C1)S(=O)(=O)C1=CC=C(N)C=C1,8.55628532008268e-05
CCS(=O)(=O)CCN1C(C)=NC=C1[N+]([O-])=O,8.355625323019922e-05
CN[C@@H](C)CC1=C(OC)C=CC=C1,8.258114394266158e-05
CC(C)(C)NC[C@H](O)C1=CC(Br)=NO1,7.915638707345352e-05
CC(=O)N[C@@H](CC1=CC=C(O)C=C1)C(O)=O,7.860426558181643e-05
NC1=NC2=C(N=CN2CCC(CO)CO)C(=O)N1,7.760097651043907e-05
C[C@H](N)C(=O)N[C@@H](CCC(N)=O)C(O)=O,7.416176231345162e-05
CCOC(=O)C1=C(C)NC(C)=C([C@@H]1C1=CC=CC(Cl)=C1Cl)C(=O)OC,6.972420669626445e-05
CSCC[C@H](N)C(O)=O,6.915776612004265e-05
CSC1=C(OC[C@@H](O)CNC(C)C)C=CC=C1,6.77438874845393e-05
CCCCN1C[C@H](O)[C@@H](O)[C@H](O)[C@H]1CO,6.055049743736163e-05
NC(=O)NS(=O)(=O)C1=CC=C(N)C=C1,5.632449756376445e-05
O[C@H]([C@@H](O)C(O)=O)C(O)=O,5.228411464486271e-05
C[C@@H](O)[C@H](N)C(O)=O,5.099524787510745e-05
OC(CN1C=NC=N1)(CN1C=NC=N1)C1=C(F)C=C(F)C=C1,4.9619855417404324e-05
CNS(=O)(=O)CC1=CC2=C(NC=C2CCN(C)C)C=C1,4.6323380956891924e-05
CC[C@@H](CO)NCCN[C@@H](CC)CO,4.628624446922913e-05
COC1=C(OC[C@@H](O)COC(N)=O)C=CC=C1,4.5978955313330516e-05
CCCCCCCCCCCCOS(O)(=O)=O.CCCCCCCCCCCCOS([O-])(=O)=O.CC1=C(CCO)SC=[N+]1CC1=C(N)N=C(C)N=C1,3.6835484934272245e-05
CC(C)CC1=CC=C(C=C1)[C@@H](C)C(=O)NCCO,3.511167233227752e-05
NC(=O)N[C@@H](CCC(O)=O)C(O)=O,2.712884270295035e-05
OC[C@@H](O)[C@@H](O)[C@H](O)[C@@H](O)C=O,2.1277699488564394e-05
NNC(=O)CN1C2=C(C=C(Br)C=C2)C(=NCC1=O)C1=CC=CC=C1,2.0172703443677165e-05
CC(C)NC[C@H](O)C1=CC=C(C=C1)[N+]([O-])=O,1.5109049854800105e-05
Cl.COC(=O)[C@@H](N)CS,2.057393658105866e-06
NCCS,1.7521730342195951e-06
SC(=S)N1CCCC1,1.687253075033368e-06
CCN(CC)C(S)=S,1.4432091575145023e-06
O.[Na+].CC1=C(C(=O)N[C@H]2[C@H]3SC(C)(C)[C@@H](N3C2=O)C([O-])=O)C(=NO1)C1=C(Cl)C=CC=C1Cl,6.965982493056799e-07
OC(=O)C1=C(S)C=CC=C1,5.735544732488052e-07
OS(=O)(=O)CCS,5.267128813102318e-07
O[C@@H](CC[C@@H]1[C@H](N(C1=O)C1=CC=C(F)C=C1)C1=CC=C(O)C=C1)C1=CC=C(F)C=C1,2.426550906875491e-07
CC1=C(C(=O)N[C@H]2[C@H]3SC(C)(C)[C@@H](N3C2=O)C(O)=O)C(=NO1)C1=C(Cl)C=CC=C1,1.8602437990011822e-07
COC1=C2N(C=C(C(O)=O)C(=O)C2=CC(F)=C1N1C[C@@H]2CCCN[C@@H]2C1)C1CC1,1.560533178235346e-07
N[C@@H](CS)C(O)=O,1.2853682562763424e-07
CC1(C)S[C@@H]2[C@H](NC(=O)[C@H](N)C3=CC=C(O)C=C3)C(=O)N2[C@H]1C(O)=O,1.0983355025473429e-07
CC(=O)OCC1=C(N2[C@H](SC1)[C@H](NC(=O)CC1=CC=CS1)C2=O)C(O)=O,9.188006089289047e-08
N[C@@H](CCC(=O)N[C@@H](CS)C(=O)NCC(O)=O)C(O)=O,8.525310590812296e-08
O.CC1=C(N2[C@H](SC1)[C@H](NC(=O)[C@H](N)C1=CC=CC=C1)C2=O)C(O)=O,7.964398207604972e-08
OC(=O)[C@@H](S)[C@@H](S)C(O)=O,7.688691994189867e-08
C[C@H]1CN(C[C@@H](C)N1)C1=C(F)C2=C(C(N)=C1F)C(=O)C(=CN2C1CC1)C(O)=O,7.633531140527339e-08
CC(=O)N[C@@H](CS)C(O)=O,6.376119898732213e-08
CC1(C)S[C@@H]2[C@H](NC(=O)[C@H](N)C3=CC=CC=C3)C(=O)N2[C@H]1C(O)=O,5.133362535048036e-08
CC1(C)S[C@@H]2[C@H](N)C(=O)N2[C@H]1C(O)=O,3.658411884543966e-08
CC1(C)S[C@@H]2[C@H](NC(=O)CC3=CC=CC=C3)C(=O)N2[C@H]1C(O)=O,3.3262033127812174e-08
[Cl-].CCCCCCCCCCCCCCCC[N+]1=CC=CC=C1,3.120676694834401e-08
C[C@@H](O)[C@@H]1[C@H]2[C@@H](C)C(S[C@@H]3CN[C@@H](C3)C(=O)N(C)C)=C(N2C1=O)C(O)=O,6.654602646705143e-09
CC1(C)[C@@H](N2[C@@H](CC2=O)S1(=O)=O)C(O)=O,4.79286521581912e-09
[Cl-].C[N+]1=C(C=NO)C=CC=C1,1.1942906663620079e-09
[Cl-].C[N+]1=CC=C(C=C1)C(=O)NCC1=CC=CC=C1,3.967939588012115e-10
[Cl-].CN(C)C(=O)OC1=C[N+](C)=CC=C1,1.3966559571192139e-13
OC(=O)C1=C[N+]([O-])=CC=C1,7.51245184166476e-18
OCC1=C[N+]([O-])=CC=C1,2.2544565257062685e-21
