smile,training_smile,hit,similarity
CC(C)NC[C@H](O)C1=C(Cl)C=CC=C1,C1=CC=C(C=C1)CCNCC(C2=CC=CC=C2)O,0,0.5705128205128205
CN(CC#C)CC1=CC=CC=C1,CN(CC#C)CC1=CC=CC=C1.Cl,0,1.0
CCCCCNCC(N)=O,CC(=O)NCCCCCCNC(=O)C,0,0.5494505494505495
OCCCNC1=CC=CC=C1,C1=CC=C(C=C1)NCCCNC2=CC=CC=C2,0,0.7846153846153846
CC1=CC(OC[C@H]2CNC(=O)O2)=CC(C)=C1,CC1=C(C(=CC=C1)C)OCC2CNC(=O)O2,0,0.7899543378995434
CCOC1=C(C=CC=C1)C(O)=O,C1=CC=C(C=C1)OCCOC2=CC=CC=C2C(=O)O,0,0.9017857142857143
OC1=C(Cl)C=C(Cl)C2=CC=CN=C12,C1=CC2=C(C(=C(C=C2Cl)Cl)O)N=C1,0,1.0
CN1C2=C(N(CC(O)=O)C=N2)C(=O)N(C)C1=O,CN1C2=C(C(=O)N(C1=O)C)N(C=N2)CC(=O)OC,0,0.9811946902654868
CN1C2=C(N(CCO)C=N2)C(=O)N(C)C1=O,CN1C2=C(C(=O)N(C1=O)C)N(C=N2)CCO,0,1.0
CN1C=NC2=C1C(=O)N(C)C(=O)N2C,CN1C2=C(NC1=O)N(C(=O)N(C2=O)C)C,0,0.9452054794520548
NC(=O)C1=CC2=C(NC=C2)C=C1,C1=CC=C2C(=C1)C3=C(N2)C=CC(=C3)C(=O)NCCO,0,0.7218390804597701
O=S(=O)(N1CCCNCC1)C1=CC=CC2=CN=CC=C12,C1CNCCN(C1)S(=O)(=O)C2=CC=CC3=C2C=CN=C3.Cl,0,1.0
COC1=C(OC)C=C2C(N)=NC(=NC2=C1)N1CCN(CC1)C(=O)[C@@H]1CCCO1,COC1=C(C=C2C(=C1)C(=NC(=N2)N3CCN(CC3)C(=O)C4CCCO4)N)OC,0,1.0
OC(=O)COCCN1CCN(CC1)[C@@H](C1=CC=CC=C1)C1=CC=C(Cl)C=C1,C1CN(CCN1CCOCC(=O)O)C(C2=CC=CC=C2)C3=CC=C(C=C3)Cl.Cl,0,1.0
CC1=CC=C2C(Cl)=CC(Cl)=C(O)C2=N1,C1=CC2=C(C(=C(C=C2Cl)Cl)O)N=C1,0,0.826007326007326
COC1=CC2=C(NC=C2CCNC(C)=O)C=C1,CN(C)CCC1=CNC2=C1C=C(C=C2)OC,0,0.9261862917398945
CC1OC2=C(CC1N(C)C)C=CC=C2,CCCC1=CC=CC=C1OCCNC(=O)C,0,0.49572649572649574
NC(=O)C1=CC(N)=CC=C1,C1=CC(=CC(=C1)N)C(=O)NCCNC(=O)C2=CC(=CC=C2)N,0,0.657243816254417
NCCC1=NC=CC=C1,CNCCC1=CC=CC=N1.Cl,0,0.8674698795180723
N#CC1=NC=CC=N1,C1=C(N=C(N=C1N)CS)N,0,0.27403846153846156
COC1=CC2=C(C=C1)N=C(N2)SCC1=NC=C(C)C(OC)=C1C,CC1=CN=C(C(=C1OC)C)CS(=O)C2=NC3=C(N2)C=C(C=C3)OC,0,0.8736964078794901
CCOC1=C(OC[C@H]2CNCCO2)C=CC=C1,CCOC1=CC=CC=C1OCC(CNC)O,0,0.7492163009404389
CC1=CC(O)=CC(C)=C1Cl,CC1=CC(=CC(=C1Cl)C)OCCNCCO,0,0.6185567010309279
C1CNCCN1,C(CNCCNCCN)N.Cl,0,0.6666666666666666
N[C@@H](CC1=CNC2=C1C=CC=C2)C(O)=O,CCC(CC1=CNC2=CC=CC=C21)N.CC(=O)O,0,0.8276515151515151
OC(=O)[C@@H]1CCCN1,C1CC(=O)NC1C(=O)O,0,0.6635514018691588
CC1=C(O)C=C(C=C1)[N+]([O-])=O,COC1=C(C=CC(=C1)[N+](=O)[O-])N,0,0.521505376344086
NC1=NC=CS1,CC1=CSC(=N1)N,0,0.5982905982905983
NCCCCN,C(CC(=O)O)CN,0,0.30434782608695654
OCC1=C(O)C=CC=C1,C1=CC=C(C(=C1)C(=O)O)O,0,0.6582914572864321
CC(C)C1=CC=CC(C(C)C)=C1O,CC1=CC(=C(C(=C1)C(C)(C)C)O)C(C)(C)C,0,0.8543307086614174
OCCOCCOC(=O)C1=C(NC2=CC=CC(=C2)C(F)(F)F)C=CC=C1,C1=CC=C(C(=C1)C(=O)O)NC2=CC=CC(=C2)C(F)(F)F,0,0.7866419294990723
S1C2=C(C=CC=C2)C2=C1C=CC=C2,C1=CC=C2C(=C1)C3=C(S2)C=C(C=C3)N,0,0.6996336996336996
N1C2=C(SC3=C1C=CC=C3)C=CC=C2,C1=CC=C2C(=C1)NC3=CC=CC=C3S2,0,1.0
CCC(=O)C1=CC=C(O)C=C1,CCC(=O)C1=CC=C(C=C1)O,0,1.0
N[C@@H](CCC(O)=O)C(O)=O,C(CC(=O)O)C(C(=O)O)N.Cl,0,1.0
CC(C)C[C@H](N)C(O)=O,C(CC(=O)O)C(C(=O)O)N.Cl,0,0.6147540983606558
CSCC[C@H](N)C(O)=O,C(CC(=O)O)C(C(=O)O)N.Cl,0,0.4068965517241379
CC(=O)OCC(COC(C)=O)OC(C)=O,CCCCCCCC(=O)OCC(CO)O,0,0.42328042328042326
NCC1(CC(O)=O)CCCCC1,C1CCC(CC1)(CC(=O)O)CN,0,1.0
COC1=CC(=CC(OC)=C1OC)[C@H]1[C@@H]2[C@H](COC2=O)[C@@H](O)C2=C1C=C1OCOC1=C2,COC1=CC(=CC(=C1OC)OC)[C@H]2[C@@H]3[C@H](COC3=O)[C@H](C4=CC5=C(C=C24)OCO5)O,0,1.0
OC[C@H]1O[C@H](O)[C@H](O)[C@@H](O)[C@@H]1O,COC1C(C(C(C(O1)CO)O)O)O,0,0.8660714285714286
[O-][N+](=O)C1=C2NN=CC2=CC=C1,C1=CC2=C(C(=C1)[N+](=O)[O-])NN=C2,0,1.0
CC(C)(O)C(Cl)(Cl)Cl,CNC(=O)NC(C(Cl)(Cl)Cl)O,0,0.16184971098265896
CC1=C(CCCl)SC=N1,CC1=C(SC(=N1)NC)C(C)(C)C,0,0.40654205607476634
CCC(C)(C)C(O)=O,CCCCCCC12CCC(CC1)(CC2)C(=O)O,0,0.4246575342465753
CNCC(O)=O,C(CO)NCCO,0,0.45
OCCN(CCO)C1=NC(N2CCCCC2)=C2N=C(N=C(N3CCCCC3)C2=N1)N(CCO)CCO,C1CCN(CC1)C2=NC(=NC3=C2N=C(N=C3N4CCCCC4)N(CCO)CCO)N(CCO)CCO,0,1.0
OC(=O)[C@@H]1CCC(=O)N1,C1CC(=O)NC1C(=O)O,0,1.0
OC(=O)CCCCCCCCC(O)=O,C(CCCC(=O)O)CCCC(=O)O,0,1.0
CCCCCCC1=C(O)C=C(O)C=C1,CCCCC1=CC(=C(C(=C1)O)CCCC)O,0,0.6768707482993197
C[C@@H](O)[C@H](N)C(O)=O,C(CC(=O)O)C(C(=O)O)N.Cl,0,0.4253731343283582
OC1=CC=C(Cl)C=C1,C1=CC(=CC=C1N)OC2=CC=C(C=C2)Cl,0,0.43352601156069365
COC1=CC=C(O)C=C1,COC1=CC=CC=C1O,0,0.5945945945945946
O[C@H]([C@@H](O)C(O)=O)C(O)=O,C(C(C(=O)O)O)C(=O)O,0,0.8130841121495327
CCCCCCCCO,C(CCCC(=O)O)CCCC(=O)O,0,0.5185185185185185
COC1=C(O)C=CC=C1,COC1=CC=CC=C1O,0,1.0
C=CC(=O)NC1=CC=CC=C1,C=CC(=O)NC1=CC=C(C=C1)Br,0,0.7789473684210526
CC(=O)N[C@@H](CC1=CC=C(O)C=C1)C(O)=O,CC(=O)NC(CC1=CC=CC=C1)C(=O)O,0,0.8867403314917127
COC1=CC=CC(NC(=O)C=C)=C1,CCC(=O)NC1=CC(=CC(=C1)OC)OC,0,0.765079365079365
OC(=O)C1=C(S)C=CC=C1,C1=CC=C(C(=C1)C(=O)O)S,0,1.0
N[C@@H](CS)C(O)=O,COC(=O)[C@H](CS)N.Cl,0,0.7093023255813954
N[C@@H](CC(N)=O)C(O)=O,C(CC(=O)O)C(C(=O)O)N.Cl,0,0.44594594594594594
N[C@H](CC1=CNC=N1)C(O)=O,CC(=O)NC(CC1=CN=CN1)C(=O)O,0,0.6378896882494005
O=C1NCCN[C@H]1C1=CC=CS1,CCOCCCNC(=O)C(C1=CC=CC=C1)NC(=O)CC2=CC=CS2,0,0.5401662049861495
CCC(C)C(N)C(O)=O,C(CC(=O)O)C(C(=O)O)N.Cl,0,0.5514705882352942
COC1=CC=C(NC(=O)C=C)C=C1,CCOC1=CC=C(C=C1)NC(=O)C,0,0.8278688524590164
NC1=NC(=C(Br)C(=O)N1)C1=CC=CC=C1,COC1=CC=C(C=C1)C2=CC(=O)NC(=N2)NCC3=CC=CC=C3,0,0.5771349862258953
N[C@H](CO)C(O)=O,COC(=O)[C@H](CS)N.Cl,0,0.41237113402061853
C[C@@H](CC1=CC=CC=C1)N(C)CC#C,CC(CC1=CC=CC=C1)N(C)CC#C.Cl,0,1.0
[Cl-].CC(C)(C)CC(C)(C)C1=CC=C(OCCOCC[N+](C)(C)CC2=CC=CC=C2)C=C1,CCOC1=CC(=CC=C1)OCCOCCN(C)CC2=CC=CC=C2,0,0.575107296137339
NC(CO)(CO)CO,CCCCCCCCNC(CO)(CO)CO,0,0.34513274336283184
CC(C)C1=CC(Cl)=C(C)C=C1O,CC1=CC(=C(C=C1Cl)C(C)C)OCC(=O)N2CCOCC2,0,0.5234782608695652
NCCS(O)(=O)=O,C(CN)CS(=O)(=O)O,0,0.5063291139240507
O=C1NC2=C(N1)C(=O)NC(=O)N2,CN1C2=C(C(=O)N(C1=O)C)NC=N2,0,0.5552447552447553
FC(F)(F)C1=CC(=CC=C1)[C@@H]1CNCCO1,CC1=CC(=CC=C1)C(C(=O)NC2CCCCC2)OC(=O)C,0,0.49101796407185627
CC1CCN(CCCC(=O)C2=CC=C(F)C=C2)CC1,C1CN(CCC1C(=O)C2=CC=C(C=C2)F)CCCC(=O)C3=CC=C(C=C3)F,0,0.8526912181303116
C1CN=C(N1)C1=NC2=CC=CC=C2N=C1,C1=CC=C(C=C1)CCNC(=O)C2=NC3=CC=CC=C3N=C2,0,0.4937413073713491
CC1=CC=C(C=C1)S(=O)(=O)C1=CC=C(O1)[N+]([O-])=O,COC(=O)C1=CC=C(C=C1)S(=O)(=O)C2=CC=C(C=C2)[N+](=O)[O-],0,0.4139240506329114
ClC1=CC=C(C=C1)C(=O)N(CC1=CC=CC=C1)C1CCCCC1,C1CCC(CC1)N(C2CCCCC2)C(=O)C3=CC=C(C=C3)C(=O)NCC4=CC=CC=C4,0,0.7405940594059406
NC[C@H](CC(O)=O)C1=CC=CC=C1,C1=CC(=CC=C1C(CC(=O)O)CN)Cl.Cl,0,0.8526315789473684
CC(C)C[C@H](NC(C)=O)C(O)=O,C1CC(=O)NC1C(=O)O,0,0.6183206106870229
OC(=O)C1=CC2=C(N1)C=CO2,CC(C(=O)NCCOC)OC(=O)C1=CC2=C(N1C)C=CO2,0,0.5555555555555556
CCCC(CCC)C(=O)NCC(N)=O,CN(C)C(=O)CNC(=O)C1CCCCC1,0,0.7695652173913043
CC(C)[C@H]1CC[C@@H](CC1)C(=O)N[C@@H](CC1=CC=CC=C1)C(O)=O,CC(C)C1CCC(CC1)C(=O)N[C@H](CC2=CC=CC=C2)C(=O)O,0,1.0
CC(C)[C@H]1CC[C@@H](CC1)C(=O)N[C@H](CC1=CC=CC=C1)C(O)=O,CC(C)C1CCC(CC1)C(=O)N[C@H](CC2=CC=CC=C2)C(=O)O,0,1.0
CC(=O)OC1=C(C=CC=C1)C(=O)NC1=NC=C(S1)[N+]([O-])=O,CC(=O)OC1=CC=CC=C1C(=O)NC2=NC=C(S2)[N+](=O)[O-],0,1.0
[O-][N+](=O)C1=C(C=CC(=C1)C(F)(F)F)C(=O)C1C(=O)CCCC1=O,C1C(=O)C2=C(C1=O)C(=CC=C2)[N+](=O)[O-],0,0.5601703940362087
CCN(CC)C(=S)SSC(=S)N(CC)CC,CCN(CC)C(=S)SSC(=S)N(CC)CC,0,1.0
CC1=C(CCN2CCC(CC2)C2=NOC3=C2C=CC(F)=C3)C(=O)N2CCCCC2=N1,CC1=C(C(=O)N2CCCCC2=N1)CCN3CCC(CC3)C4=NOC5=C4C=CC(=C5)F,0,1.0
CC(C)(C#N)C1=CC(=CC(CN2C=NC=N2)=C1)C(C)(C)C#N,CC(C)(C#N)C1=CC(=CC(=C1)CN2C=NC=N2)C(C)(C)C#N,0,1.0
COC1=CC(CC2=C(N)N=C(N)N=C2)=CC(OC)=C1OC,COC1=CC(=CC(=C1OC)OC)CC2=CN=C(N=C2N)N,0,1.0
CCCC1=NN(C)C2=C1N=C(NC2=O)C1=C(OCC)C=CC(=C1)S(=O)(=O)N1CCN(C)CC1,CCCC1=NN(C2=C1N=C(NC2=O)C3=C(C=CC(=C3)S(=O)(=O)N4CCN(CC4)C)OCC)C,0,1.0
COC1=CN=C(NS(=O)(=O)C2=CC=C(N)C=C2)N=C1,COC1=CN=C(N=C1)NS(=O)(=O)C2=CC=C(C=C2)N,0,1.0
CC1=C(C=C(C#N)C(=O)N1)C1=CC=NC=C1,CC1=C(C=C(C(=O)N1)C#N)C2=CC=NC=C2,0,1.0
NC[C@H](CC(O)=O)C1=CC=C(Cl)C=C1,C1=CC(=CC=C1C(CC(=O)O)CN)Cl.Cl,0,1.0
Cl.CN1CCC[C@@H]1CCOC(C)(C1=CC=CC=C1)C1=CC=C(Cl)C=C1,CC(C1=CC=C(C=C1)F)(C2=CC=C(C=C2)F)OCCN3CCCC3.Cl,0,0.6022727272727273
CC(C)CC1=CC=C(C=C1)[C@@H](C)C(=O)NCCO,CC(C)CC1=CC=C(C=C1)C(C)C(=O)N2CCOCC2,0,0.7673267326732673
C[C@@H](C(=O)NC1=NC=CC(C)=C1)C1=CC=CC(=C1)C(=O)C1=CC=CC=C1,CC(C1=CC(=CC=C1)C(=O)C2=CC=CC=C2)C(=O)NC3=CC=C(C=C3)NC(=O)C,0,0.6828571428571428
ClC1=C(Cl)C(=CC=C1)N1CCN(CCCCOC2=CC3=C(CCC(=O)N3)C=C2)CC1,C1CC(=O)NC2=C1C=CC(=C2)OCCCCN3CCN(CC3)C4=C(C(=CC=C4)Cl)Cl,0,1.0
ONC(=O)CCCCCCC(=O)NC1=CC=CC=C1,C1=CC=C(C=C1)NC(=O)CCCCC(=O)NC2=CC=CC=C2,0,0.8447488584474886
COC1=C(OC2=C(OCCO)N=C(N=C2NS(=O)(=O)C2=CC=C(C=C2)C(C)(C)C)C2=NC=CC=N2)C=CC=C1,CN1CC(C2(C13C4=CC=CC=C4N(C3=O)C)C(=O)N(C(=S)S2)CC5=CC=CO5)C6=CC=CC=N6,0,0.5505561172901922
NC(=O)C1=CN(CC2=C(F)C=CC=C2F)N=N1,CCN1CCN(CC1)CCNC(=O)C2=CN(N=N2)CC3=CC=CC=C3F,0,0.7665198237885462
NC(=O)OCC(COC(N)=O)C1=CC=CC=C1,C1=CC=C(C=C1)C(COC(=O)N)COC(=O)N,0,1.0
N[C@@H](CC(=O)N1CCN2C(C1)=NN=C2C(F)(F)F)CC1=CC(F)=C(F)C=C1F,CCCN1C=NN=C1CNC(=O)C2CCC(=O)N(C2)CCC3=CC(=CC=C3)F,0,0.5077452667814114
NC1=CC(=NC(N)=[N+]1[O-])N1CCCCC1,C1CCN(CC1)C2=NC(=N)N(C(=C2)N)O,0,0.6978998384491115
CN(C1=CC2=NN(C)C(C)=C2C=C1)C1=CC=NC(NC2=CC(=C(C)C=C2)S(N)(=O)=O)=N1,CC1=C(C=C(C=C1)NC2=C3C=CSC3=NC=N2)S(=O)(=O)NC,0,0.5301391035548686
C[C@H](N)C(=O)N[C@@H](CCC(N)=O)C(O)=O,C1CC(=O)NC1C(=O)O,0,0.657051282051282
NC1=NN=C(C(N)=N1)C1=CC=CC(Cl)=C1Cl,C1=CC(=C(C(=C1)Cl)Cl)C2=C(N=C(N=N2)N)N,0,1.0
CC(C)COC1=C(C=C(C=C1)C1=NC(C)=C(S1)C(O)=O)C#N,CC1=C(SC(=N1)C2=CC(=CC=C2)C(F)(F)F)C(=O)O,0,0.7358078602620087
CCCCNC1=CC(=CC(=C1OC1=CC=CC=C1)S(N)(=O)=O)C(O)=O,CCCCNC1=C(C(=CC(=C1)C(=O)O)S(=O)(=O)N)OC2=CC=CC=C2,0,1.0
O[C@@H](CC[C@@H]1[C@H](N(C1=O)C1=CC=C(F)C=C1)C1=CC=C(O)C=C1)C1=CC=C(F)C=C1,C1=CC(=CC=C1[C@@H]2[C@H](C(=O)N2C3=CC=C(C=C3)F)CC[C@@H](C4=CC=C(C=C4)F)O)O,0,1.0
CN1[C@@H](CCl)NC2=CC(Cl)=C(C=C2S1(=O)=O)S(N)(=O)=O,C1=C2C(=CC(=C1Cl)S(=O)(=O)N)S(=O)(=O)NC(N2)C(Cl)Cl,0,0.8763388510223953
CO[C@H]1O[C@@H]2O[C@@]3(C)CC[C@H]4[C@H](C)CC[C@@H]([C@H]1C)[C@@]24OO3,CCC(C)NC(=O)CCC(=O)OC1C(C2CC[C@H]([C@H]3C24[C@@H](O1)OC(CC3)(OO4)C)C)C,0,0.8333333333333334
CN1CCN(CC2=CC=C(C=C2)C(=O)NC2=CC(NC3=NC(=CC=N3)C3=CN=CC=C3)=C(C)C=C2)CC1,C1=CC=C(C=C1)C2=NC(=NC3=C2C=C(C=C3)Cl)NC4=CC=CC(=C4)C(=O)NCCO,0,0.5230898404701931
COC1=C(CC2=CN(C)C3=C2C=C(NC(=O)OC2CCCC2)C=C3)C=CC(=C1)C(=O)NS(=O)(=O)C1=C(C)C=CC=C1,CC1=CC=CC=C1S(=O)(=O)NC(=O)C2=CC(=C(C=C2)CC3=CN(C4=C3C=C(C=C4)NC(=O)OC5CCCC5)C)OC,1,1.0
CCOC(=O)C1=C2CN(C)C(=O)C3=C(C=CC(F)=C3)N2C=N1,CCOC(=O)C1=C2CN(C(=O)C3=C(N2C=N1)C=CC(=C3)F)C,0,1.0
NC(=O)N[C@@H](CCC(O)=O)C(O)=O,CC(C)C[C@@H](C(=O)O)NC(=O)NC(C)C,0,0.6430976430976431
CC1=CC2=CC3=C(OC(=O)C=C3C)C(C)=C2O1,CC1=CC(=O)OC2=C1C=C3C=C(OC3=C2C)C,0,1.0
COC1=C(OCCCN2CCOCC2)C=C2C(NC3=CC(Cl)=C(F)C=C3)=NC=NC2=C1,COC1=C(C=C2C(=C1)C(=NC=N2)NC3=CC(=CC=C3)Cl)OC.Cl,0,0.8335183129855716
CN1N=NC2=C(N=CN2C1=O)C(N)=O,CN1C(=O)N2C=NC(=C2N=N1)C(=O)N,0,1.0
CN1C(=O)C(O)=C(N=C1C(C)(C)NC(=O)C1=NN=C(C)O1)C(=O)NCC1=CC=C(F)C=C1,CCOC(=O)C1=C(OC2=C(C13C4=CC(=CC5=C4N(C3=O)C(C=C5C)(C)C)OC)C(=O)OC(=C2)C)N,0,0.6180171112229492
CCN1C=C(C(O)=O)C(=O)C2=CC(F)=C(N=C12)N1CCNCC1,CCN1C=C(C(=O)C2=CN=C(N=C21)N3CCNCC3)C(=O)O,0,0.6856702619414484
[Cl-].C[N+](C)(C)CCOC(N)=O,CC(C[N+](C)(C)C)OC(=O)N.[Cl-],0,0.6333333333333333
CC(C)(SC1=CC(=C(O)C(=C1)C(C)(C)C)C(C)(C)C)SC1=CC(=C(O)C(=C1)C(C)(C)C)C(C)(C)C,CC(C)(C)C1=CC(=CC(=C1O)C(C)(C)C)SC(C)(C)SC2=CC(=C(C(=C2)C(C)(C)C)O)C(C)(C)C,0,1.0
FC(F)O[C@@H](Cl)C(F)(F)F,C1=CC(=CC=C1COCC(F)(F)F)C(=O)O,0,0.16600790513833993
CC(C)CN(C[C@@H](O)[C@H](CC1=CC=CC=C1)NC(=O)O[C@H]1CCOC1)S(=O)(=O)C1=CC=C(N)C=C1,CC(=O)NC1=CC=C(C=C1)S(=O)(=O)N2CCC(CC2)C(=O)N[C@@H](CC3=CC=CC=C3)C(=O)O,0,0.5652968036529681
NC1=C2N=CN([C@@H]3O[C@H](CO)[C@@H](O)[C@@H]3F)C2=NC(Cl)=N1,C1[C@@H]([C@H](O[C@H]1N2C=NC3=C(N=C(N=C32)Cl)N)CO)O,0,0.8820033955857386
Cl.CN(C)CCC=C1C2=C(COC3=C1C=CC=C3)C=CC=C2,CN(C)CC/C=C/1\C2=CC=CC=C2COC3=CC=CC=C31.Cl,0,1.0
CC(=O)C1=CC=C(C=C1)S(=O)(=O)NC(=O)NC1CCCCC1,CC1=CC=C(C=C1)S(=O)(=O)NC(=O)N(C)C2CCCCC2,0,0.78719723183391
FC1=C(F)C=C(CN2CCC(CC2)NC2=NN=C(C=C2)C(F)(F)F)C=C1,C1CN(CCC1N2CCN(C(C2)CCO)CC3=CC(=C(C=C3)F)F)C4=CC=CC=C4,0,0.4383408071748879
O=C(C1CCCCC1)N1C[C@@H]2N(CCC3=C2C=CC=C3)C(=O)C1,C1CCC(CC1)C(=O)N2CC3C4=CC=CC=C4CCN3C(=O)C2,0,1.0
CC[C@H]1OC(=O)[C@H](C)[C@@H](O[C@H]2C[C@@](C)(OC)[C@@H](O)[C@H](C)O2)[C@H](C)[C@@H](O[C@@H]2O[C@H](C)C[C@@H]([C@H]2O)N(C)C)[C@](C)(O)C[C@@H](C)CN(C)[C@H](C)[C@@H](O)[C@]1(C)O,CC[C@@H]1[C@@]([C@@H]([C@H](C(=O)[C@@H](C[C@@]([C@@H]([C@H]([C@@H]([C@H](C(=O)O1)C)O[C@H]2C[C@@]([C@H]([C@@H](O2)C)O)(C)OC)C)O[C@H]3[C@@H]([C@H](C[C@H](O3)C)N(C)C)O)(C)O)C)C)O)(C)O,0,0.8311156601842374
C[C@@H](C(O)=O)C1=CC(OC2=CC=CC=C2)=CC=C1,COC1=C(C=C(C=C1)CC(=O)O)O,0,0.4876237623762376
CC1(C)[C@@H](N2[C@@H](CC2=O)S1(=O)=O)C(O)=O,CC1(C(N2C(S1=O)C(C2=O)NC(=O)CC3=CC=CC=C3)C(=O)O)C.O,0,0.7615030674846626
C[C@H](N[C@@H](CCC1=CC=CC=C1)C(O)=O)C(=O)N1CCC[C@H]1C(O)=O,C1C[C@H](N(C1)C(=O)[C@H](CCCCN)N[C@@H](CCC2=CC=CC=C2)C(=O)O)C(=O)O,0,0.9162717219589257
CCC(C)N1N=CN(C1=O)C1=CC=C(C=C1)N1CCN(CC1)C1=CC=C(OC[C@H]2CO[C@@](CN3C=NC=N3)(O2)C2=C(Cl)C=C(Cl)C=C2)C=C1,CCC(C)N1C(=O)N(C=N1)C2=CC=C(C=C2)N3CCN(CC3)C4=CC=C(C=C4)OCC5COC(O5)(CN6C=NC=N6)C7=C(C=C(C=C7)Cl)Cl,0,1.0
O=C1C(CC[S@](=O)C2=CC=CC=C2)C(=O)N(N1C1=CC=CC=C1)C1=CC=CC=C1,C1=CC=C(C=C1)N2C(=O)C(C(=O)N2C3=CC=CC=C3)CCS(=O)C4=CC=CC=C4,0,1.0
Cl.Cl.CN1CCN(CCCN2C3=C(SC4=C2C=C(C=C4)C(F)(F)F)C=CC=C3)CC1,CN1CCN(CC1)CCCN2C3=CC=CC=C3SC4=C2C=C(C=C4)C(F)(F)F.Cl,0,1.0
OCCC1=CC=C(OCCN2C=CN=C2)C=C1,CCC1=CC=C(C=C1)OCCN2C=CN=C2,0,0.9377049180327869
OC[C@H]1O[C@@](CO)(O[C@H]2O[C@H](CO)[C@@H](O)[C@H](O)[C@H]2O)[C@@H](O)[C@@H]1O,C[C@@H]1CC[C@@]2(O1)[C@H]([C@@H](C[C@H](O2)CCO)O)O,0,0.7454909819639278
CC(N)(CC1=CC=C(O)C=C1)C(O)=O,C[C@](CC1=CC(=C(C=C1)O)O)(C(=O)O)N,0,0.8103448275862069
CC(=O)C1=CC(=C(SC2=C(F)C=C(F)C=C2)S1)[N+]([O-])=O,CCS(=O)(=O)C1=CC(=C(S1)SC2=CC=CC=C2N)[N+](=O)[O-],0,0.4762308998302207
CN1C2=C(N(CC3=NOC(C)=N3)C=N2)C(=O)N(C)C1=O,CC1=NN=C(O1)CN2C=NC3=C2C(=O)N(C(=O)N3C)C,0,0.7798573975044564
C=CC(=O)N1CCCCC1,C1=CC(=O)N(C1=O)CCCCCCN2C(=O)C=CC2=O,0,0.642512077294686
CC1=CC(OC[C@@H](O)CNC(C)(C)C)=C(Cl)C=C1,CC1=CC(=C(C=C1)Cl)OCC(CN(CCO)CCO)O,0,0.8675
OC(=O)C1=C(NCCC2=CC=CC=C2)C=CC=C1,C1=CC=C(C=C1)C(=O)CNC2=CC=CC=C2C(=O)O,0,0.8518518518518519
NC1=NC2=C(S1)C=C(OC(F)(F)F)C=C2,C1=CC2=C(C=C1OC(F)(F)F)SC(=N2)N,0,1.0
COC1=CC(OC)=C(Cl)C=C1NC(=O)NC1=NOC(C)=C1,CC1=CC(=NO1)NC(=O)NC2=C(C=CC(=C2)Cl)OC,0,0.8690647482014389
CN(C)CCOC(=O)COC1=CC=C(Cl)C=C1,CN(C)CCOC(=O)COC1=CC=C(C=C1)OC.Cl,0,0.7924528301886793
CC(C)NC[C@H](O)COC1=C(Cl)C=CC(C)=C1,CC1=CC(=C(C=C1)Cl)OCC(CN(CCO)CCO)O,0,0.8897435897435897
ClCCC(=O)NCCC1=CC=CC=C1,C1=CC=C(C=C1)CCNC(=O)CC(=O)NCCC2=CC=CC=C2,0,0.7238095238095238
COC1=C(OCCCN2CCC(CC2)C2=NOC3=C2C=CC(F)=C3)C=CC(=C1)C(C)=O,CC1=NN=C(S1)SCC(=O)N2CCC(CC2)C3=NOC4=C3C=C(C=C4)F,0,0.5975609756097561
N#CC1=CC=C(C=C1)[C@@H]1CCCC2=CN=CN12,CC(C1=CC=CC=C1)N2C=NC=C2C(=O)O,0,0.5138734739178691
CCCC(=O)OCOC(=O)C1=C(C)NC(C)=C([C@@H]1C1=CC=CC(Cl)=C1Cl)C(=O)OC,CCOC(=O)C1=C(NC(=C(C1C2=C(C(=CC=C2)Cl)Cl)C(=O)OC)C)C,0,0.9328358208955224
NS(=O)(=O)C1=C(Cl)C=C2N=CNS(=O)(=O)C2=C1,CN(C)S(=O)(=O)C1=CC(=C(C=C1N)Cl)S(=O)(=O)N(C)C,0,0.7266922094508301
NC1=NC2=C(C(CCC3=CC=C(C=C3)C(=O)N[C@H](CCC(O)=O)C(O)=O)=CN2)C(=O)N1,C1=CC(=CC=C1C(=O)N[C@@H](CCC(=O)O)C(=O)O)NCC2=CN=C3C(=N2)C(=O)NC(=N3)N,0,0.5715467328370554
FC(F)OC(F)(F)[C@@H](F)Cl,CC(C)(C)C(=O)NC1=CC(=CC=C1)OC(C(F)Cl)(F)F,0,0.14563106796116504
COC(F)(F)C(Cl)Cl,CN(C)C(=O)NC(C(Cl)Cl)O,0,0.12060301507537688
NS(=O)(=O)C1=C(Cl)C=C2N=C(CSCC3=CC=CC=C3)NS(=O)(=O)C2=C1,C1=CC=C(C=C1)CSCC2=NS(=O)(=O)C3=CC(=C(C=C3N2)Cl)S(=O)(=O)N,0,0.5923515052888527
C[C@@H](C(O)=O)C1=CC=CC(=C1)C(=O)C1=CC=CC=C1,CC(C1=CC(=CC=C1)C(=O)C2=CC=CC=C2)C(=O)O,0,1.0
CC(C)CC1=CC=C(C=C1)[C@@H](C)C(O)=O,CC(C)CC1=CC=C(C=C1)C(C)C(=O)O,0,1.0
CC1=CC=NC2=C1NC(=O)C1=C(N=CC=C1)N2C1CC1,CC1=C2C(=NC=C1)N(C3=C(C=CC=N3)C(=O)N2)C4CC4,0,1.0
CC1=CN([C@@H]2O[C@H](CO)C=C2)C(=O)NC1=O,CC1=CN(C(=O)NC1=O)[C@H]2C=C[C@H](O2)CO,0,1.0
CC(C)[C@@H]1CC[C@@H](C)C[C@H]1O,C[C@]12CC[C@H](C[C@@H]1CC[C@@H]3[C@@H]2CC[C@]4([C@H]3CC[C@@H]4O)C)O,0,0.6271186440677966
CN[C@@H](C)CC1=C(OC)C=CC=C1,CC(CCC1=CC=C(C=C1)O)NCCC2=CC=CC=C2OC,0,0.6794871794871795
Br.CCSC(N)=N,CCS(=O)CCSC(=N)N.Br,0,0.3617021276595745
O=C1C2=C(OC3=C1C=CC=C3)C=CC=C2,C1=CC2=C(C=C1N)C(=O)C3=C(O2)C=CC(=C3)N,0,0.7486486486486487
OC(=O)CC1=CC=C(CCNS(=O)(=O)C2=CC=C(Cl)C=C2)C=C1,C1=CC(=CC=C1CCNS(=O)(=O)C2=CC=C(C=C2)Cl)S(=O)(=O)N,0,0.7855579868708972
OB1OCC2=C1C=CC(F)=C2,C1CCN(CC1)CCOC(=O)C2=CC(=CC=C2)F.Cl,0,0.26495726495726496
NC1=NC(=O)N(C=C1F)[C@@H]1CS[C@H](CO)O1,C1[C@H](O[C@H](S1)CO)N2C=CC(=NC2=O)N,0,0.8486293206197855
CC(=O)N[C@@H](CS)C(O)=O,CC(=O)N[C@@H](CS)C(=O)O,0,1.0
COC1=C(OC)C=C(CCN)C=C1,COC1=C(C=C(C=C1)CCNC(=S)N)OC,0,0.8439490445859873
CC(C)[C@@H](N)C(O)=O,CC(C)([C@H](C(=O)O)N)S.Cl,0,0.5714285714285714
N#CC1=CC=C(C=C1)C(N1C=NC=N1)C1=CC=C(C=C1)C#N,C1=CC(=CC=C1C#N)C(C2=CC=C(C=C2)C#N)N3C=NC=N3,0,1.0
NC1(CC1)C(O)=O,C(CC(=O)O)C(C(=O)O)N.Cl,0,0.41911764705882354
NC1=C(N)C=NC=C1,C1=CN=CC=C1N,0,0.5137614678899083
NCCCC[C@H](N)C(O)=O,C(CC(=O)O)C(C(=O)O)N.Cl,0,0.5984251968503937
NC(=N)NC(=O)C1=C(N)N=C(N)C(Cl)=N1,C1(=C(N=C(C(=N1)Cl)N)N)C(=O)N=C(N)N.Cl,0,0.6819444444444445
CN1C2=C(C3=C1C=CC=C3)C(=O)[C@@H](CN1C=CN=C1C)CC2,CC1=NC=CN1C[C@@H]2CCC3=C(C2=O)C4=CC=CC=C4N3C,0,1.0
CCCCCOC(=O)NC1=NC(=O)N(C=C1F)[C@@H]1O[C@H](C)[C@@H](O)[C@H]1O,C1=CN(C(=O)N=C1N)[C@H]2[C@H]([C@@H]([C@H](O2)CO)O)O.Cl,0,0.743103448275862
CC1(C)S[C@@H]2[C@H](N)C(=O)N2[C@H]1C(O)=O,CC1([C@@H](N2[C@H](S1)[C@@H](C2=O)NC(=O)CC3=CC=CC=C3)C(=O)[O-])C.[K+],0,0.8512628624883068
N#CC1=NC=NC=C1,CC1=CC(=S)NC(=S)N1,0,0.321285140562249
CCC1=C(O)C=CC(C)=N1,CC1=NC(=C(C=C1)O)CC(C)C,0,0.7883435582822086
C[C@H](CN1C=NC2=C(N)N=CN=C12)OCP(O)(O)=O,C1=CC=C(C=C1)OCCN2C=NC3=C(N=CN=C32)N,0,0.7186358099878197
NCC1=CC=CN=C1,C1=CC(=CN=C1)C(=O)N,0,0.6229508196721312
C#CCN[C@@H]1CCC2=C1C=CC=C2,C1CC(C2=CC=CC=C2C1)NC(=O)CCC3=CC=CC=C3,0,0.5691768826619965
OC[C@H]1O[C@H]([C@H](O)[C@@H]1O)N1C=CC(=O)NC1=O,C1=CN(C(=O)NC1=O)[C@H]2[C@@H]([C@@H]([C@H](O2)CO)O)O,0,1.0
CC1=NC(C)=C(C)N=C1C,CC1=C(N=C(C(=N1)C)C)C,0,1.0
NC1=CC=CC2=C1CN([C@H]1CCC(=O)NC1=O)C2=O,C1CC(=O)NC(=O)C1N2C(=O)C3=CC=CC=C3C2=O,0,0.809255079006772
CCOC(=O)C1=CN=CN1[C@H](C)C1=CC=CC=C1,CCOC(=O)C1=CN=CN1C(C)C2=CC=CC=C2,0,1.0
COC1=CC2=CC=CN=C2C(N[C@@H](C)CCCN)=C1,CC(CCCNC1=C2C(=CC(=C1)OC)C=CC=N2)N.Cl,0,0.9527145359019265
COC1=CC2=C(C=CN=C2C=C1)[C@H](O)[C@H]1C[C@@H]2CCN1C[C@@H]2C=C,COC1=CC2=C(C=CN=C2C=C1)[C@H]([C@@H]3CC4CCN3C[C@@H]4C=C)O,0,1.0
CC(=O)C(O)=O,C(CC(=O)O)CN,0,0.3793103448275862
Cl.CNCC[C@H](OC1=CC=CC2=CC=CC=C12)C1=CC=CS1,CNCC[C@@H](C1=CC=CS1)OC2=CC=CC3=CC=CC=C32,0,1.0
COC1=CC2=C(C=C1OC)C(=O)[C@@H](CC1CCN(CC3=CC=CC=C3)CC1)C2,COC1=C(C=C2C(=C1)CC(C2=O)CC3CCN(CC3)CC4=CC=CC=C4)OC.Cl,0,1.0
COC1=CC=C2C=C(C=CC2=C1)[C@H](C)C(O)=O,C[C@@H](C1=CC2=C(C=C1)C=C(C=C2)OC)C(=O)[O-].[Na+],0,1.0
CC[C@H](N1CCCC1=O)C(N)=O,CC[C@@H](C(=O)N)N1CCCC1=O,0,1.0
CC(=O)OCC1=C(N2[C@H](SC1)[C@H](NC(=O)CC1=CC=CS1)C2=O)C(O)=O,CC(=O)OCC1=C(N2[C@@H]([C@@H](C2=O)NC(=O)CC3=CC=CS3)SC1)C(=O)[O-].[Na+],0,1.0
CC(=O)[C@@H]1C(=O)OC(C)=CC1=O,CCN(CC)C1=CC=C(C=C1)/C=C/C(=O)C2C(=O)C=C(OC2=O)C,0,0.6159874608150471
OC(=O)C1=NN(CC2=C(Cl)C=C(Cl)C=C2)C2=C1C=CC=C2,C1=CC=C2C(=C1)C(=NN2CC3=C(C=C(C=C3)Cl)Cl)C(=O)O,0,1.0
CC(C)CC1=CC=C(C=C1)[C@H](C)C(O)=O,CC(C)CC1=CC=C(C=C1)C(C)C(=O)O,0,1.0
CC1=C(CCl)OC(=O)O1,CC1=CC=C(C=C1)CO/N=C/C2=C(C=C(OC2=O)C)O,0,0.14008941877794337
NC(=N)C1=CC=C(OCCCCCOC2=CC=C(C=C2)C(N)=N)C=C1,C1=CC(=CC=C1C(=N)N)OCCCCCOC2=CC=C(C=C2)C(=N)N.C(CS(=O)(=O)O)O,0,0.8678571428571429
NC1=C2N=CN([C@@H]3O[C@H](CO)[C@@H](O)[C@H]3O)C2=NC=N1,C1=NC(=C2C(=N1)N(C=N2)[C@H]3[C@@H]([C@@H]([C@H](O3)CO)O)O)N,0,1.0
CN(CCOC1=CC=C(C[C@@H]2SC(=O)NC2=O)C=C1)C1=NC=CC=C1,C1=CC(=CC=C1CC2C(=O)NC(=O)S2)N,0,0.6223479490806223
CC1(C)[C@@H]2CC[C@@]1(C)C(=O)C2,CC(CCC(=O)O)C1CC[C@@H]2C1(C(=O)C[C@H]3C2CCC4C3(CCC(=O)C4)C)C,0,0.7990867579908676
OCC1=CN=CC=C1,C1=CC(=CN=C1)C(=O)O,0,0.6298342541436464
CCOC(=O)N1CCC(CC1)=C1C2=C(CCC3=C1N=CC=C3)C=C(Cl)C=C2,CCOC(=O)N1CCC(=C2C3=C(CCC4=C2N=CC=C4)C=C(C=C3)Cl)CC1,0,1.0
NC1=NC(=O)N(C=C1)[C@@H]1CS[C@H](CO)O1,C1[C@H](O[C@H](S1)CO)N2C=CC(=NC2=O)N,0,1.0
CC(=O)NC[C@H]1CN(C(=O)O1)C1=CC(F)=C(C=C1)N1CCOCC1,CC(=O)NC[C@H]1CN(C(=O)O1)C2=CC(=C(C=C2)N3CCOCC3)F,0,1.0
CN(CC(O)=O)C(N)=N,CN1CC(=O)N=C1N,0,0.33668341708542715
CCOC(=O)C1=C(O)C(=O)N(CC2=CC=CC=C2)C1,CCOC(=O)C1=C(C(=O)N(C1)CC2=CC=CC=C2)O,0,1.0
NC1=NC(=O)N(C=C1)[C@@H]1O[C@H](CO)[C@@H](O)C1(F)F,C1C(C(OC1N2C=CC(=NC2=O)N)CO)O,0,0.7420634920634921
OC[C@@H](O)[C@@H](O)[C@H](O)[C@@H](O)C=O,CNCC(C(C(C(CO)O)O)O)O,0,0.4158878504672897
CC(C)(C)C1=CC(O)=C(C=C1O)C(C)(C)C,CC(C)(C)C1=C(C=CC(=C1)OC)O,0,0.7713310580204779
CN1CCN(CC1)C1=NC2=C(NC3=C1C=CC=C3)C=CC(Cl)=C2,CN1CCN(CC1)C2=NC3=C(C=CC(=C3)Cl)NC4=CC=CC=C42,0,1.0
N[C@H](CCCNC(N)=N)C(O)=O,C(CC(=O)O)C(C(=O)O)N.Cl,0,0.436046511627907
CC(C)C[C@H](NC(=O)OCC1C2=C(C=CC=C2)C2=C1C=CC=C2)C(O)=O,C1CC(N(C1)C(=O)OCC2C3=CC=CC=C3C4=CC=CC=C24)C(=O)O,0,0.8478527607361963
CCC(C)(C)C(=O)O[C@H]1C[C@@H](C)C=C2C=C[C@H](C)[C@H](CC[C@@H]3C[C@@H](O)CC(=O)O3)[C@@H]12,CCC(C)(C)C(=O)O[C@H]1C[C@H](C=C2[C@H]1[C@H]([C@H](C=C2)C)CC[C@@H]3C[C@H](CC(=O)O3)O)C,0,1.0
C[C@@H](O)[C@@H]1[C@H]2[C@@H](C)C(S[C@@H]3CN[C@@H](C3)C(=O)N(C)C)=C(N2C1=O)C(O)=O,CC1=CC(=C2C(=C1)[C@@]3([C@H]4[C@@H]([C@H]5N3CCC5)C(=O)N(C4=O)C6=C(C(=C(S6)C)C)C(=O)OC)C(=O)N2)C,0,0.6367875647668394
CC1=C(CCN2CCC(CC2)C2=NOC3=C2C=CC(F)=C3)C(=O)N2CCC[C@H](O)C2=N1,CC1=C(C(=O)N2CCCCC2=N1)CCN3CCC(CC3)C4=NOC5=C4C=CC(=C5)F,0,0.9411764705882353
CC1(C)S[C@@H]2[C@H](NC(=O)[C@H](N)C3=CC=C(O)C=C3)C(=O)N2[C@H]1C(O)=O,CC1([C@@H](N2[C@H](S1)[C@@H](C2=O)NC(=O)[C@@H](C3=CC=C(C=C3)O)N)C(=O)O)C,0,1.0
C[C@H]1COC2=C3N1C=C(C(O)=O)C(=O)C3=CC(F)=C2N1CCN(C)CC1,C[C@H]1COC2=C3N1C=C(C(=O)C3=CC(=C2N4CCN(CC4)C)F)C(=O)O,0,1.0
COC1=CC=C(C=C1)N1C(SCC2=NC(=NO2)C2=CC=C(C)C=C2)=NN=C1C1=CC=NC=C1,CCOC1=CC=C(C=C1)N2C(=NN=C2SCC3=NC(=NO3)C4=CC=C(C=C4)C)C5=CC=NC=C5,0,0.9900811541929666
O=C1NCC2(CCN(CCC3=CC=CC=C3)CC2)O1,CC1(CC2(CCO1)CNC(=O)O2)C,0,0.44642857142857145
CCOC1=C(C=CC(CC(=O)N[C@@H](CC(C)C)C2=C(C=CC=C2)N2CCCCC2)=C1)C(O)=O,CCOC1=C(C=CC(=C1)CC(=O)N[C@@H](CC(C)C)C2=CC=CC=C2N3CCCCC3)C(=O)O,0,1.0
C[C@@H](C(O)=O)C1=CC2=C(C=C1)C1=C(N2)C=CC(Cl)=C1,CC(C1=CC2=C(C=C1)C3=C(N2)C=CC(=C3)Cl)C(=O)O,0,1.0
OC1=CC=C(C=C1)[C@@H]1CNCCC2=C1C=C(O)C(O)=C2Cl,CN1CCC2=CC(=C(C=C2[C@H](C1)C3=CC=CC=C3)O)Cl.Cl,0,0.7590847913862718
ClC1=CC=C(NC(=O)C=C)C=C1,C1=CC(=CC=C1NC(=O)/C=C/C(=O)N)Cl,0,0.8478260869565217
CN1CCN(CC1)C1=NC2=C(NC3=C1C=C(C)S3)C=CC=C2,CC1=CC2=C(S1)NC3=CC=CC=C3N=C2N4CCN(CC4)C,0,1.0
C[C@H]1C[C@H]2[C@@H]3CCC4=CC(=O)C=C[C@]4(C)[C@H]3C(=O)C[C@]2(C)[C@@]1(O)C(=O)CO,C[C@]12CC(=O)[C@H]3[C@H]([C@@H]1CC[C@@]2(C(=O)CO)O)CCC4=CC(=O)C=C[C@]34C,0,1.0
OC(=O)CCNC1=NC(=NC(=C1)N1CCC2=C(CC1)C=CC=C2)C1=NC=CC=C1,CCN(CC)C1=NC(=NC(=C1)C(F)(F)F)C2=CC=CC=N2,0,0.577124868835257
CCOC(=O)CCNC1=NC(=NC(=C1)N1CCC2=C(CC1)C=CC=C2)C1=NC=CC=C1,CCN(CC)C1=NC(=NC(=C1)C(F)(F)F)C2=CC=CC=N2,0,0.5664621676891616
CC1=CC(NC2=CC=C(NC(=O)C3=CC=C(NC4=CC=NC5=CC=CC=C45)C=C3)C=C2)=NC(N)=N1,C1=CC(=CC=C1C(=O)NC2=CC=C(C=C2)NC3=CC=NC=C3)NC4=C5C=C(C=CC5=NC=C4)[N+](=O)[O-],0,0.6733111849390919
NC1=C2C(=NC=N1)N(N=C2C1=CC=C(OC2=CC=CC=C2)C=C1)[C@@H]1CCCN(C1)C(=O)C=C,CC(C)(C)N1C2=NC=NC(=C2C(=N1)C3=CC=C(C=C3)F)N,0,0.7442922374429224
CN[C@@H]1[C@H](O)[C@H](NC)[C@H]2O[C@]3(O)[C@@H](O[C@H](C)CC3=O)O[C@@H]2[C@H]1O,C[C@@H]1CC(=O)[C@]2([C@@H](O1)O[C@@H]3[C@H]([C@@H]([C@@H]([C@@H]([C@H]3O2)NC)O)NC)O)O.O.Cl,0,1.0
CC1=CN=C(C=N1)C(=O)NCCC1=CC=C(C=C1)S(=O)(=O)NC(=O)NC1CCCCC1,CC1=CN=C(C=N1)C(=O)NCCC2=CC=C(C=C2)S(=O)(=O)NC(=O)NC3CCCCC3,0,1.0
CC1=CC=C(C=C1)S(=O)(=O)NC(=O)NN1CCCCCC1,CC1=CC=C(C=C1)S(=O)(=O)NC(=O)NN2CCCCCC2,0,1.0
NS(=O)(=O)C1=CC2=C(NCNS2(=O)=O)C=C1C(F)(F)F,C1NC2=C(C=C(C(=C2)C(F)(F)F)S(=O)(=O)N)S(=O)(=O)N1,0,1.0
CCC(=C)C(=O)C1=CC=C(OCC(O)=O)C(Cl)=C1Cl,CCC(=C)C(=O)C1=C(C(=C(C=C1)OCC(=O)O)Cl)Cl,0,1.0
C[C@H]1CN(C[C@@H](C)N1)C1=C(F)C2=C(C(N)=C1F)C(=O)C(=CN2C1CC1)C(O)=O,C[C@@H]1CN(C[C@@H](N1)C)C2=C(C(=C3C(=C2F)N(C=C(C3=O)C(=O)O)C4CC4)N)F,0,1.0
N[C@@H](C(O)=O)C1=NN=NN1,CCOC(=O)CC1=NNN=N1,0,0.5125
C[C@H](O)CO,CC(C)OCC(CN)O,0,0.24242424242424243
CC(C)C1=CC=C(NC(=O)CN2C=NC3=C2C(=O)N(C)C(=O)N3C)C=C1,CN1C2=C(C(=O)N(C1=O)C)N(C=N2)CC(=O)NC3=CC=CC=C3,0,0.9577187807276303
FCOC(C(F)(F)F)C(F)(F)F,COCCCNCC(C(F)(F)F)O,0,0.26744186046511625
CCCN1C2=C(NC=N2)C(=O)NC1=O,CCCN1C2=C(C(=O)NC1=O)NC=N2,0,1.0
C[C@H](CCC(O)=O)[C@H]1CC[C@H]2[C@@H]3CC[C@@H]4C[C@H](O)CC[C@]4(C)[C@H]3C[C@H](O)[C@]12C,CC(CCC(=O)O)C1CCC2C1(C(CC3C2C(CC4C3(CCC(C4)O)C)O)O)C,0,0.9715639810426541
OCCN1CCN(CCCN2C3=C(SC4=C2C=C(Cl)C=C4)C=CC=C3)CC1,C1CN(CCN1CCCN2C3=CC=CC=C3SC4=C2C=C(C=C4)Cl)CCO,0,1.0
COC1=CC(O)=C(C=C1)C(=O)C1=CC=CC=C1,COC1=CC(=C(C=C1)C(=O)C2=CC=CC=C2)O,0,1.0
COC1=CC=C(C=C1)N1N=C(C(N)=O)C2=C1C(=O)N(CC2)C1=CC=C(C=C1)N1CCCCC1=O,CC1=NN(C(=C1)C(=O)N2CCC3=CC=CC=C32)C4=CC=CC=C4,0,0.70956641431521
NC(=N)NC1=CC=C(Cl)C=C1,C1=CC(=CC=C1NC(=O)N)Cl,0,0.6305418719211823
OC(=O)C1=C(O)C=CC=C1,C1=CC=C(C(=C1)C(=O)O)O,0,1.0
OC1=C(I)C=C(I)C=C1I,C1=C(C=C(C(=C1I)O)I)C[C@@H](C(=O)O)N,0,0.29973474801061006
CCN(CC)CCNC(=O)C1=CC=C(N)C=C1,CCN(CC)CCNC(=O)C1=CC=C(C=C1)N.Cl,0,1.0
[Cl-].C[N+](C)(C)CCO,C(CO)NCCO,0,0.5
NCCC1=CNC=N1,C1=C(NC=N1)CCN.Cl,0,1.0
CCC(C)(C)O,C(CC(=O)O)CN,0,0.21428571428571427
OC1=CC(O)=CC(O)=C1,C1=CC2=CC3=C(C(=CC=C3)O)C(=C2C(=C1)O)O,0,0.3684210526315789
CCCCC[C@H](C)N,C1CCC(C(C1)N)N.Cl[Pt]Cl,0,0.45454545454545453
CC1=CC=NC(NS(=O)(=O)C2=CC=C(N)C=C2)=N1,CC1=NC(=NC=C1)NS(=O)(=O)C2=CC=C(C=C2)N,0,1.0
OC1=CC=C(Cl)C2=CC=CN=C12,C1=CC2=C(C(=C(C=C2Cl)Cl)O)N=C1,0,0.8647450110864745
ClN1C(=O)N(Cl)C(=O)N(Cl)C1=O,C=CCN1C(=O)N(C(=O)N(C1=O)CCC#N)CCC#N,0,0.16404494382022472
COC(=O)C1=CC=C(O)C=C1,COC(=O)C1=CC=C(C=C1)O,0,1.0
COC(=O)C1=C(O)C=CC=C1,C1=CC=C(C(=C1)C(=O)O)O,0,0.8155737704918032
CCN(CC)CC1=CC=C2C=C(COC(=O)NC3=CC=C(C=C3)C(=O)NO)C=CC2=C1,C1COCCN1CC2=CC=C(C=C2)NC(=O)C3=CC4=CC=CC=C4C=C3,0,0.5480132450331126
C[C@H](O)CN1C(C)=NC=C1[N+]([O-])=O,CC1=NC=C(N1CC(C)O)[N+](=O)[O-],0,1.0
OC1=CC=C(OCC2=CC=CC=C2)C=C1,C1=CC=C(C=C1)COC2=CC=C(C=C2)N,0,0.7395348837209302
OCCOC(=O)NCC1=CC=CC=C1,CCOC(=O)NCC1=CC=CC=C1,0,0.9202127659574468
NC1=NC2=C(N=CN2CCC(CO)CO)C(=O)N1,CC(=O)OCC(CCN1C=NC2=CN=C(N=C21)N)COC(=O)C,0,0.7484276729559748
CC1=NN=C2C=CC(=NN12)C1=CC=CC(=C1)C(F)(F)F,CC1=NN=C2N1N=C(C=C2)C3=CC=C(C=C3)NC(=O)C,0,0.7517899761336515
CC(=O)C1=CC2=C(O1)C(=O)C1=C(C=CC=C1)C2=O,CC1=C(C2=C(O1)C(=O)C3=CC=CC=C3C2=O)C(=O)C,0,0.7822808671065034
OC(=O)[C@@H]1CSC(=O)N1,CC(=O)N1CSCC1C(=O)O,0,0.46078431372549017
CCC(=O)NCC[C@@H]1CCC2=CC=C3OCCC3=C12,CC1=CC(=C(C2=C1CCC2)OCC(=O)NN)Br,0,0.509594882729211
OC(CCCN1CCCCC1)(C1=CC=CC=C1)C1=CC=CC=C1,C1CCN(CC1)CCCC(C2=CC=CC=C2)(C3=CC=CC=C3)O.Cl,0,1.0
C(N1C2=C(C=CC=C2)N=C1N1CCNCC1)C1=CC=CC=C1,CC(=O)NC1=NC2=CC=CC=C2N1CC3=CC=CC=C3,0,0.8357235984354628
CCN1N=C(C(O)=O)C(=O)C2=C1C=C1OCOC1=C2,CCN1C2=CC3=C(C=C2C(=O)C(=N1)C(=O)O)OCO3,0,1.0
OC[C@@H](NC(=O)C(Cl)Cl)[C@H](O)C1=CC=C(C=C1)[N+]([O-])=O,C1=CC(=CC=C1C(C(CO)NC(=O)C(Cl)Cl)O)[N+](=O)[O-],0,1.0
CC(=O)C1=CC2=C(SC3=C(C=CC=C3)N2CCCN2CCC(CCO)CC2)C=C1,CC(=O)C1=CC2=C(C=C1)SC3=CC=CC=C3N2C,0,0.8017565872020075
CC(C)N(CC[C@H](C1=CC=CC=C1)C1=C(O)C=CC(C)=C1)C(C)C,CC1=CC(=C(C=C1)O)[C@H](CCN(C(C)C)C(C)C)C2=CC=CC=C2,0,1.0
OC1=CC=C(C=C1)[C@@H]1CC(=O)C2=C(O1)C=C(O)C=C2O,C1C(OC2=CC(=CC(=C2C1=O)O)O)C3=CC=C(C=C3)O,0,1.0
N[C@@H](CC1=NC=CC=C1)C1=CC=CC=C1,C1=CC=C(C=C1)CCC2=C(C=CC=N2)O.Cl,0,0.5354523227383863
CCC(C)(O)C#C,CCC(CC)(C#CCN1CCCCC1)O,0,0.2459016393442623
CC(O)(CS(=O)(=O)C1=CC=C(F)C=C1)C(=O)NC1=CC(=C(C=C1)C#N)C(F)(F)F,CC(CS(=O)(=O)C1=CC=C(C=C1)F)(C(=O)NC2=CC(=C(C=C2)C#N)C(F)(F)F)O,0,1.0
CN(C)CC[C@@H](C1=CC=C(Cl)C=C1)C1=NC=CC=C1,CN(C)CCC(C1=CC=C(C=C1)Cl)C2=CC=CC=N2.C(=C/C(=O)O)\C(=O)O,0,0.9401869158878504
CC(=O)N[C@@H](CSSC[C@H](NC(C)=O)C(O)=O)C(O)=O,CC(=O)N[C@@H](CS)C(=O)O,0,0.6540084388185654
OC(=O)CCC1=NC(=C(O1)C1=CC=CC=C1)C1=CC=CC=C1,C1=CC=C(C=C1)C2=C(OC(=N2)CCC(=O)O)C3=CC=CC=C3,0,1.0
N[C@@H](CCC(=O)N[C@@H](CS)C(=O)NCC(O)=O)C(O)=O,CC(C)CC(C(=O)N)NC(=O)C(CO)NC(=O)C1CCC(=O)N1,0,0.531062124248497
FC(F)(F)[C@]1(OC(=O)NC2=C1C=C(Cl)C=C2)C#CC1CC1,C1CC1C#C[C@]2(C3=C(C=CC(=C3)Cl)NC(=O)O2)C(F)(F)F,0,1.0
CC[C@@H](C1=CC=CC=C1)C1=C(O)C2=C(OC1=O)C=CC=C2,CC(=O)CC(C1=CC=CC=C1)C2=C(C3=CC=CC=C3OC2=O)[O-].[Na+],0,0.9321314952279958
CCN(CC)CCNC(=O)C1=CC(Cl)=C(N)C=C1OC,CCN(CC)CCNC(=O)C1=CC(=C(C=C1OC)N)Cl.Cl,0,1.0
C(N1CCCNCCNCCCNCC1)C1=CC=C(CN2CCCNCCNCCCNCC2)C=C1,CCN1CCN(CC1)CC2=CC=C(C=C2)C,0,0.7695473251028807
OC(=O)C1=C2C=CC=CC2=CC2=CC=CC=C12,C1=CC=C2C(=C1)C=C(C3=C2C=C(C=C3)Br)C(=O)O,0,0.7722419928825622
OC(=O)CCC1=CNC2=C1C=CC=C2,CC(CC1=CNC2=CC=CC=C21)C(=O)O,0,0.9210526315789473
CC1=CC=C(C=C1)C1=CC(=NN1C1=CC=C(C=C1)S(N)(=O)=O)C(F)(F)F,CC1=CC=C(C=C1)C2=CC(=NN2C3=CC=C(C=C3)S(=O)(=O)N)C(F)(F)F,0,1.0
CCCC1=NC2=C(C=C(C=C2C)C2=NC3=C(C=CC=C3)N2C)N1CC1=CC=C(C=C1)C1=C(C=CC=C1)C(O)=O,CCCC1=NC2=C(N1CC3=CC=C(C=C3)C4=CC=CC=C4C(=O)O)C=C(C=C2C)C5=NC6=CC=CC=C6N5C,0,1.0
CC(C)C[C@H](NC(=O)[C@H](CC1=CC=CC=C1)NC(=O)C1=NC=CN=C1)B(O)O,CC(=O)NC(CC1=CC=CC=C1)C(=O)NC2CCN(CC2)C(=O)C3=NC=CN=C3,0,0.6132478632478633
NC(=O)C1=C(O)N=CN1,C1=NC(=C(N1)C(=O)N)N.Cl,0,0.4604105571847507
OC[C@H]1O[C@H](C[C@@H]1O)N1C=NC2=C1N=CNC[C@H]2O,CCOC1=CC=CC=C1/C=N/NC2=NC3=C(N=CN=C3N2[C@@H]4[C@H]([C@H]([C@@H](O4)CO)O)O)N,0,0.5645259938837921
O=C1N(C[C@H]2CCCC3=CC=CC1=C23)[C@@H]1CN2CCC1CC2,CC(C)NC(=O)C1C2CCCCN2C(=O)C3=CC(=C(C=C13)OC)OC,0,0.6269430051813472
N[C@@H](CC1=CC(I)=C(OC2=CC(I)=C(O)C=C2)C(I)=C1)C(O)=O,C1=CC(=C(C=C1OC2=C(C=C(C=C2I)C[C@@H](C(=O)[O-])N)I)I)O.[Na+],0,1.0
OCCOCCN1CCN(CC1)C1=NC2=C(SC3=C1C=CC=C3)C=CC=C2,C1CN(CCN1CCOCCO)C2=NC3=CC=CC=C3SC4=CC=CC=C42,0,1.0
CCCCN(CCCC)CC[C@H](O)C1=C2C=CC(=CC2=C2C=C(Cl)C=C(Cl)C2=C1)C(F)(F)F,C1CCN(CC1)CCN2CCC(CC2)(C3=CC(=CC=C3)C(F)(F)F)O,0,0.449438202247191
COC1=C(OC)C=C(C=C1)S(=O)(=O)N1CCCN(CC1)S(=O)(=O)C1=CC(OC)=C(OC)C=C1,CC1=CC=C(C=C1)S(=O)(=O)N2CCCN(CC2)S(=O)(=O)C3=CC4=C(C=C3)OCCO4,0,0.8841379310344828
CCC1=C(N2C=C(Cl)C=CC2=N1)C(=O)NCC1=CC=C(C=C1)N1CCC(CC1)C1=CC=C(OC(F)(F)F)C=C1,CN(C)C(=O)C1=C(N2C=C(C=CC2=N1)Cl)CNCC3=CC(=CC=C3)OC(F)(F)F,0,0.7091207888249794
N[C@@H](CCC(O)=O)C=C,C(CC(=O)O)CN,0,0.4943820224719101
CCOC(=O)C1=C(COCCN)NC(C)=C([C@@H]1C1=C(Cl)C=CC=C1)C(=O)OC,CCOC(=O)C1=C(NC2=C(C1C3=CC=CC=C3)C(=O)OC2)C,0,0.8761220825852782
NC1=C2N=CN([C@@H]3O[C@H](COP(O)(O)=O)[C@@H](O)[C@@H]3O)C2=NC(F)=N1,C1=NC2=C(N=C(N=C2N1[C@H]3[C@H]([C@@H]([C@H](O3)CO)O)O)F)N,0,0.937857726901063
CCCCCCCN(CC)CCC[C@H](O)C1=CC=C(NS(C)(=O)=O)C=C1,CC(C)NCC(C1=CC=C(C=C1)NS(=O)(=O)C)O.Cl,0,0.6293103448275862
CCCCCN(C)CCC(O)(P(O)(O)=O)P(O)(O)=O,C[C@@H]1[C@@H](O1)P(=O)([O-])[O-].[Ca+2],0,0.2318181818181818
NC1=NC(NC2CC2)=C2N=CN([C@@H]3C[C@H](CO)C=C3)C2=N1,COCCCNC1=C2C(=NC=N1)N3CCCCC3=N2,0,0.6359375
CN(C)CCO[C@@H](C1=CC=CC=C1)C1=C(C)C=CC=C1,CC1=CC=CC=C1C(C2=CC=CC=C2)OCCN(C)C.Cl,0,1.0
[Cl-].CN(C)C(=O)OC1=C[N+](C)=CC=C1,C[N+]1=CC=CC(=C1)OC(=O)N(C)C.[Br-],0,1.0
[Cl-].CC[N+](C)(CC)CCOC(=O)C(O)(C1CCCCC1)C1=CC=CC=C1,CC[N+](C)(CC)CCOC(=O)C(C1CCCCC1)(C2=CC=CC=C2)O.[Br-],0,1.0
OC1=NC2=C(C=CC=C2)N1C1CCN(CCOC2=CC=CC=C2)CC1,CNC(=S)N1CCC(CC1)N2C=NC3=CC=CC=C32,0,0.6475826972010178
NC(=N)NC[C@H]1COC2(CCCCC2)O1,C1CCCCCC2(CCCCC1)OC[C@H](O2)CNCCN,0,0.76010101010101
COC1=C(C=C(Cl)C=C1)C(=O)NCCC1=CC=C(C=C1)C(O)=O,CCNC(=O)C1=C(C=CC(=C1)Cl)OC,0,0.8003565062388592
FC1=CC=C(C=C1)C(=O)CCCN1CCC(=CC1)N1C(=O)NC2=C1C=CC=C2,C1CN(CC=C1N2C3=CC=CC=C3NC2=O)CCCC(=O)C4=CC=C(C=C4)F,0,1.0
O=C1NC=NC2=C1C=NN2,C1=NNC2=C1C(=O)NC=N2,0,1.0
C1CN(CCN1)C1=NC2=CC=CC=C2C=C1,C1CN(CCN1C2=NC3=CC=CC=C3C=C2)C4=NC=CC=N4,0,0.8259187620889749
CN1CC[C@H]2NC3=C(C=C(C)C=C3)[C@H]2C1,CC1=CC2=C(C=C1)N(C3C2CN(CC3)C)CC(=O)N(C)C4=CC=CC=C4,0,0.7140039447731755
CCC(C)C(CC)C(N)=O,CC12CC3(CC(C1)(CC(C2)(C3)C(=O)N)C)C,0,0.4222222222222222
CC1=C(C=NO1)C(=O)NC1=CC=C(C=C1)C(F)(F)F,CC1=C(C=NO1)C(=O)NC2=CC=C(C=C2)C(F)(F)F,0,1.0
C[C@@H](C(O)=O)C1=CC2=C(C=C1)C1=C(C2)C=CC=C1,CC(=O)C1=CC2=C(C=C1)C3=C(C2)C=C(C=C3)C(=O)C,0,0.6869565217391305
CN1C=C(C=C1C(O)=O)C(=O)C1=CC=CC2=CC=CC=C12,CN1C=C(C=C1C(=O)O)C(=O)C2=C(C=C(C=C2)Cl)Cl,0,0.7526377491207503
CSC1=C(OC[C@@H](O)CNC(C)C)C=CC=C1,CSC1=CC=CC=C1OC2CCN(CC2)CC3=CC=CC=C3.Cl,0,0.5287356321839081
CC1=C(NC(N)=C1C#N)C1=C(F)C=CC=C1,CN1C(=C(C(=C1N)C#N)C#N)C2=CC=CC=C2,0,0.63107822410148
CS(=O)(=O)CS(=O)(=O)OCCCl,C(C(=O)NN)S(=O)(=O)CS(=O)(=O)CC(=O)NN,0,0.1751412429378531
CN1N=C(N(C)C1=S)C1=CC(F)=CC=C1,CN1C(=NNC1=S)C2=CC=CC=C2,0,0.6746794871794872
NC(=O)CN1C=CCC(=C1)C(N)=O,C1CCN(CC1)/C=C\2/C(=O)CNC2=O,0,0.40380549682875266
CCOC(=O)C1=C(OC(N)=O)C=CC=C1,COC1=CC=CC=C1C(=O)OCCN2CCOCC2.Cl,0,0.673828125
NC(N)=O,C1CC1CNC(=O)N,0,0.1282051282051282
ClC1=C(CN2CCC3=C(C2)C=CS3)C=CC=C1,C1CN(CC2=C1SC=C2)CC3=CC=CC=C3Cl.Cl,0,1.0
C[C@H](N)CC1=C(C)C=C(C=C1)N(C)C,CC(=O)NC1=CC2=C(CCCC2)C=C1,0,0.5905882352941176
CN1CCN2[C@@H](C1)C1=C(CC3=CC=CN=C23)C=CC=C1,CN1CCN2[C@@H](C1)C3=CC=CC=C3CC4=C2N=CC=C4,0,1.0
CCC(O)(CC(N)=O)C1=CC=CC=C1,CCC(CCN1CCCCC1)(C2=CC=CC=C2)O,0,0.6111111111111112
NC(=O)CN1CC2=C(OC1=O)C=CC=C2,CN(C)CC1=CC=CC=C1OC(=O)N(C)C.C(=C/C(=O)O)\C(=O)O,0,0.5892575039494471
CS(=O)(=O)OCOS(C)(=O)=O,C(CN)CS(=O)(=O)O,0,0.19827586206896552
NC1=C(SN=C1C1=CC(=CC=C1)C(F)(F)F)C(O)=O,CCOC(=O)C1=C(C(=NS1)C2=CC=C(C=C2)F)N,0,0.7289504036908881
CNC(=S)[C@@]1(CCCS1)C1=NC=CC=C1,CC1CC(CN(C1)C(=O)C2=CC(=C(C=C2)N3CC4CC(C3)C5=CC=CC(=O)N5C4)[N+](=O)[O-])C,0,0.43714103382259095
CNC(=O)ON(C(C)=O)C(=O)NC,CC1(C(N(C(=S)S1)C)N(C(=O)NC)OC(=O)NC)C,0,0.2581967213114754
COC1=CC2=C(N)C3=C(CCCC3)N=C2C=C1,C1CCC2=NC3=CC=CC=C3C(=C2C1)N.Cl,0,0.8771084337349397
OC(=O)C1=CC=C(O)C2=NC=CC=C12,C1=CC2=C(C=CC(=C2N=C1)O)CO,0,0.835820895522388
OC1=CC=C(C=C1)S(O)(=O)=O,C1=CC=C(C=C1)N=NC2=CC=C(C=C2)S(=O)(=O)O,0,0.48013245033112584
CC(C)CCC[C@H](C)N,C1C2CC3CC1CC(C2)(C3)N.Cl,0,0.4423076923076923
OC(=O)CCCC1=CC=CC=C1,C1=CC=C(C=C1)CCCC(=O)O,0,1.0
COC(=O)NC1=NC2=C(N1)C=C(C=C2)C(=O)C1=CC=CC=C1,COC(=O)NC1=NC2=C(N1)C=C(C=C2)C(=O)C3=CC=C(C=C3)F,0,0.930976430976431
OCCC1=CC=CC=C1,CCCCC1=CC=C(C=C1)CC(=O)O,0,0.5089820359281437
O=C(CN1CCNCC1)NC1CCCCC1,CN1CCN(CC1)CC(=O)NC2CCCCC2.Cl,0,0.9902439024390244
N1C2=C(C=CC=C2)N=C1C1=CSC=N1,C1=CC=C2C(=C1)NC(=N2)C3=CSC=N3,0,1.0
OC(CN1C=NC=N1)(CN1C=NC=N1)C1=C(F)C=C(F)C=C1,C[C@@H](C1=NC=NC=C1F)[C@](CN2C=NC=N2)(C3=C(C=C(C=C3)F)F)O,0,0.5174654752233956
CCN(CC)CCOC(=O)C1=CC=C(N)C=C1,CCN(CC)CCOC(=O)C1=CC=C(C=C1)N.Cl,0,1.0
OC(=O)CCCNC(=O)C1=CN=CC=C1,C1=CC(=CN=C1)C(=O)NCCCCNC(=O)C2=CN=CC=C2.Cl,0,0.8644578313253012
N=C(NC1=CC=CC=C1)C1=CC=CS1,C1=CSC(=C1)CNC2=CC=C(C=C2)O,0,0.6005361930294906
CC(N)(CC1=CC=CC=C1)C1=CC=CC=C1,CC(CC1=CC=CC=C1)(C2=CC=CC=C2)NC(=O)CN.Cl,0,0.5608782435129741
CC[C@@]1(C)CC(=O)NC1=O,C1CCC2(CC1)CC(=O)N(C2=O)CCC(=O)O,0,0.571072319201995
CN(C)CCCN1C2=C(SC3=C1C=C(C=C3)C(F)(F)F)C=CC=C2,CN(C)CCCN1C2=CC=CC=C2SC3=C1C=C(C=C3)C(F)(F)F.Cl,0,1.0
CC1=C2CCC[C@@H](C(N)=S)C2=NC=C1,CC1=CC2=C(C=C1)NC3=C2CCCC3C(=O)N,0,0.5482041587901701
FC(F)(F)COC1=CC(C(=O)NC[C@H]2CCCCN2)=C(OCC(F)(F)F)C=C1,CC(=O)O.C1CCNC(C1)CNC(=O)C2=C(C=CC(=C2)OCC(F)(F)F)OCC(F)(F)F,0,0.9938931297709923
CC(=O)NC1=CC=C(C=C1)C(=O)NC1=C(N)C=CC=C1,C1=CC=C(C(=C1)N)NC(=O)C2=CC=C(C=C2)N,0,0.8883116883116883
CCOC(=O)C1=C(C)NC(C)=C([C@@H]1C1=CC=CC(Cl)=C1Cl)C(=O)OC,CCOC(=O)C1=C(NC(=C(C1C2=C(C(=CC=C2)Cl)Cl)C(=O)OC)C)C,0,1.0
CCCCC1=CN=C(C=C1)C(N)=O,C1=CC(=NC=C1C(F)(F)F)C(=O)N,0,0.5977777777777777
CC1=CC(Cl)=C(NC2=NCCN2)C=C1,C1CN=C(N1)NC2=C(C=CC=C2Cl)Cl.Cl,0,0.8013856812933026
CC(C)(C)NC[C@H](O)C1=CC(Br)=NO1,C1CCC(C1)NC(=O)C(C2=CC=C(C=C2)F)OC(=O)C3=CC=NO3,0,0.2838137472283814
NCCNC(=O)C1=NC=C(Cl)C=C1,C1CN(CCN1)CCNC(=O)C2=CC=CC=N2.Cl,0,0.7047619047619048
COC1=CC(=CC(OC)=C1OC)C(=O)N[C@H]1CCCNC1,COC1=CC(=CC(=C1OC)OC)C(=O)NC2CCCNC2,0,1.0
O=S(=O)(N1CCNCC1)C1=CC=CC2=CN=CC=C12,C1CNCCN(C1)S(=O)(=O)C2=CC=CC3=C2C=CN=C3.Cl,0,0.8786885245901639
CC(C)C[C@@H](NC(=O)OCC1C2=C(C=CC=C2)C2=C1C=CC=C2)C(O)=O,C1CC(N(C1)C(=O)OCC2C3=CC=CC=C3C4=CC=CC=C24)C(=O)O,0,0.8478527607361963
CC1=C(C(O)=O)C2=CC(F)=CC=C2N=C1C1=CC=C(C=C1)C1=C(F)C=CC=C1,CC1=C(C2=CC=CC=C2N=C1C3=CC=CC=C3)C(=O)O,0,0.8551941238195173
FC1=CC=C(C=C1)[C@@H]1CCNC[C@H]1COC1=CC2=C(OCO2)C=C1,C1CNCC(C1C2=CC=C(C=C2)F)COC3=CC4=C(C=C3)OCO4.Cl,0,1.0
O=C1NS(=O)(=O)C2=C1C=CC=C2,CC1=CC(=C(C=C1)S(=O)(=O)NC(=O)C2=CC=C(C=C2)F)C,0,0.6833095577746077
OC(=O)CC1=CC=C(C=C1)C1=CC=CC=C1,C1=CC=C(C=C1)C2=CC=C(C=C2)CC(=O)O,0,1.0
OC1=C(Br)C=C(Br)C2=CC=CN=C12,C1=CC2=C(C(=C(C=C2Br)Br)O)[N+](=C1)[O-],0,0.796875
CC1=CN([C@@H]2C[C@@H](O)[C@H](CO)O2)C(=O)NC1=O,CCC1=CN(C(=O)NC1=O)[C@H]2C[C@@H]([C@H](O2)CO)O,0,0.9467849223946785
OC1=C(\C=N\NC(=O)C2=C(O)C=CC=C2)C=CC=C1,C1=CC=C(C(=C1)C(=O)N/N=C/C2=CC(=CC=C2)O)O,0,0.8661800486618005
CN1CCC(CC1)=C1C2=C(CCC3=CC=CN=C13)C=CC=C2,C1CC2=C(C=CC(=C2)Cl)C(=C3CCNCC3)C4=C1C=CC=N4,0,0.9293873312564901
Cl.OC(=O)C1=CCCNC1,CN1CCC=C(C1)C(=O)OC.Br,0,0.6690909090909091
CC1=C(C(=O)N[C@H]2[C@H]3SC(C)(C)[C@@H](N3C2=O)C(O)=O)C(=NO1)C1=C(Cl)C=CC=C1,CC1=C(C(=NO1)C2=C(C=CC=C2Cl)Cl)C(=O)NC3C4N(C3=O)C(C(S4)(C)C)C(=O)[O-].[Na+],0,0.9925068119891008
NC1=NC(=O)C2=NC(CNC3=CC=C(C=C3)C(=O)N[C@@H](CCC(O)=O)C(O)=O)=CN=C2N1,C1=CC(=CC=C1C(=O)N[C@@H](CCC(=O)O)C(=O)O)NCC2=CN=C3C(=N2)C(=O)NC(=N3)N,0,1.0
OC(=O)CCNC(=O)C1=CC=C(C=C1)\N=N\C1=CC(C(O)=O)=C(O)C=C1,C1=CC(=CC(=C1)N=NC2=CC(=C(C=C2)O)C=O)C(=O)O,0,0.6581352833638026
OC(=O)C1=CC2=C(C=C1)N=C(O2)C1=CC(Cl)=CC(Cl)=C1,CC1=CC2=C(C=C1)N=C(O2)C3=CC=C(C=C3)C(=O)OC,0,0.7753623188405797
C[C@@H](C1=C(F)C=NC=N1)C(O)(CN1C=NC=N1)C1=C(F)C=C(F)C=C1,C[C@@H](C1=NC=NC=C1F)[C@](CN2C=NC=N2)(C3=C(C=C(C=C3)F)F)O,0,1.0
CC1=CN=C(C=C1)C1=NC=C(C)C=C1,C1=CC=NC(=C1)C2=CC=CC=N2,0,0.702054794520548
OC(=O)C1=C[N+]([O-])=CC=C1,C1=CC(=CN=C1)C(=O)O,0,0.70703125
NC1=CC=C(C=C1)S(=O)(=O)C1=CC=C(N)C=C1,C1=CC(=CC=C1N)S(=O)(=O)C2=CC=C(C=C2)N,0,1.0
N=C(NC1=CC=CC=C1)NC1=CC=CC=C1,C1=CC=C(C=C1)NC(=NC2=CC=CC=C2)N,0,0.5401785714285714
CC1=NC2=C(C=CC=C2)N1CC1=CC=C(Cl)C=C1,CC1=NC2=CC=CC=C2N1CC3=CC=C(C=C3)Cl,0,1.0
CCN(CC)CCNC(=O)C1=CC=C(NC(C)=O)C=C1,CCN(CC)CCNC(=O)C1=CC=C(C=C1)NC(=O)C,0,1.0
CC(=O)NCCC1=CNC2=C1C=CC=C2,CC(=O)NCCC1=CNC2=CC=CC=C21,0,1.0
OCCCC(=O)NCCO,C(CC(=O)NCCO)C(=O)NCCO,0,0.6752136752136753
CCCCCCCCCCCCOS(O)(=O)=O,C1CCC(CC1)COS(=O)(=O)N,0,0.384180790960452
OC(CC1=CN=CC=C1)(P(O)(O)=O)P(O)(O)=O,CC1=NC=C(C=C1)CCP(=O)(CN2CCOCC2)O,0,0.3232189973614776
NC(=N)NCCN1CCCCCCC1,CCNC(=S)NCCN1CCCCC1.Cl,0,0.5459770114942529
CNC[C@H](O)C1=CC(O)=C(O)C=C1,CC(C)NCC(C1=CC(=C(C=C1)O)O)O.Cl,0,0.9164086687306502
OC(=O)CN(CCN(CC(O)=O)CC(O)=O)CC(O)=O,C(CN(CC(=O)[O-])CC(=O)[O-])N(CCO)CC(=O)[O-].[Na+],0,1.0
NC1=NC(NC2CC2)=NC(N)=N1,CCNC1=NC(=NC(=N1)NC(C)(C)C)NC(C)C,0,0.7540106951871658
CN1C2=C(NC=N2)C(=O)N(C)C1=O,CN1C2=C(C(=O)N(C1=O)C)NC=N2,0,1.0
NC1=CC=C(C=C1)S(=O)(=O)NC1=NC=CC=N1,C1=CN=C(N=C1)NS(=O)(=O)C2=CC=C(C=C2)N,0,1.0
NC1=CC=C(C=C1)S(=O)(=O)NC1=NC=CC=C1,C1=CC=NC(=C1)NS(=O)(=O)C2=CC=C(C=C2)N,0,1.0
CCOC1=CC2=C(NC(C)(C)C=C2C)C=C1,CC1=CC(NC2=C1C=C(C=C2)OC(=O)CN3C(=O)CCC3=O)(C)C,0,0.7719907407407407
CN1[C@H](C2=CC=C(Cl)C=C2)S(=O)(=O)CCC1=O,C1CCC(CC1)N2C(SCC2=O)C3=CC=C(C=C3)Cl,0,0.5057712486883525
ClC1=NC=CN=C1,C1=CC=C(C=C1)C2=NC=CN=C2Cl,0,0.19461077844311378
NC(=O)N[C@H]1NC(=O)NC1=O,C1(C(=O)NC(=O)N1)NC(=O)N,0,1.0
CC1=C(CC#N)N2C=CC=C(OCC3=CC=CC=C3)C2=N1,CC1=C(N2C=CC=CC2=N1)C(=O)C,0,0.5551643192488263
NC[C@@H](O)CC(O)=O,C(CC(=O)O)CN,0,0.6197183098591549
COC1=C(OC)C=C(CCC(=O)NC2=NC3=C(S2)C=C(Cl)C=C3)C=C1,COC1=CC2=C(C=C1)N=C(S2)NC(=O)CCC3=CC(=C(C=C3)OC)OC,0,0.8443181818181819
CC(C)NC[C@H](O)COC1=CC=C(NC(C)=O)C=C1,CC(=O)NC1=CC=C(C=C1)OCC(CNC2CCCC2)O.Cl,0,0.8895184135977338
COC1=C(OC)C=C2C(N)=NC(=NC2=C1)N1CCN(CC1)C(=O)C1=CC=CO1,COC1=C(C=C2C(=C1)C(=NC(=N2)N3CCN(CC3)C(=O)C4=CC=CO4)N)OC.Cl,0,1.0
NCCC1=CC(O)=C(O)C=C1,C1=CC(=C(C=C1CCN)O)O.Cl,0,1.0
NS(=O)(=O)C1=C(Cl)C=C(NCC2=CC=CO2)C(=C1)C(O)=O,CC(C)CNC1=CC(=C(C=C1C(=O)O)S(=O)(=O)NCC(C)C)Cl,0,0.7252631578947368
NCCS,C(CS)N.Cl,0,1.0
O[C@@H](CN1C2=C(C=C(Br)C=C2)C2=C1C=CC(Br)=C2)CN1CCNCC1,C1CCN(CC1)CC(CN2C3=C(C=C(C=C3)Br)C4=CC=CC=C42)O,0,0.9050847457627119
CN1N=C(C)C2=C1OC(N)=C(C#N)[C@@H]2C1=CC=C(C=C1)C(F)(F)F,CC1=NN(C2=C1C(C(=C(O2)N)C#N)C3=CC=CC=C3)CC4=CC=CC=C4,0,0.8931351733899504
C1=CN(C=N1)[C@@H](C1=CC=CC=C1)C1=CC=C(C=C1)C1=CC=CC=C1,C1=CC=C(C=C1)C2=CC=C(C=C2)C(C3=CC=CC=C3)N4C=CN=C4,0,1.0
CC1=C(NC=N1)C1=CC=C(Cl)C=C1,CSC1=NC=C(N1)C2=CC=C(C=C2)Cl,0,0.5804347826086956
O=C1C(C(=O)C2=C1C=CC=C2)C1=CC=CC=C1,C1=CC=C(C=C1)C2C(=O)C3=CC=CC=C3C2=O,0,1.0
NC(=O)NS(=O)(=O)C1=CC=C(N)C=C1,CC(=O)NS(=O)(=O)C1=CC=C(C=C1)N,0,0.7146814404432132
OC1=NC=NC2=CC=CC=C12,C1=CC=C(C=C1)OCCOC2=NC=NC3=CC=CC=C32,0,0.6435845213849287
CC(C)OC(=O)C(C)(C)OC1=CC=C(C=C1)C(=O)C1=CC=C(Cl)C=C1,CC(C)OC(=O)C(C)(C)OC1=CC=C(C=C1)C(=O)C2=CC=C(C=C2)Cl,0,1.0
CC[C@@]1(O)C(=O)OCC2=C1C=C1N(CC3=CC4=C(CN(C)C)C(O)=CC=C4N=C13)C2=O,CC[C@@]1(C2=C(COC1=O)C(=O)N3CC4=CC5=CC=CC=C5N=C4C3=C2)O,0,0.9523234761617381
OC1=C(I)C=C(Cl)C2=CC=CN=C12,C1=CC2=C(C(=C(C=C2Cl)I)O)N=C1,0,1.0
COC(=O)C1=C(NC(=O)C2=CC=C(F)C=C2)C=CC=C1,COC(=O)C1=CC=CC=C1NC(=O)C2=CC=C(C=C2)F,0,1.0
CN1N(C(=O)C(NC(=O)C2=CN=CC=C2)=C1C)C1=CC=CC=C1,CC1=C(C(=O)N(N1C)C2=CC=CC=C2)NC(=O)C3=CN=CC=C3,0,1.0
COC1=C(C=C(Cl)C=C1)C(=O)NCCC1=CC=C(C=C1)S(=O)(=O)NC(=O)NC1CCCCC1,COC1=C(C=C(C=C1)Cl)C(=O)NCCC2=CC=C(C=C2)S(=O)(=O)NC(=O)NC3CCCCC3,0,1.0
CN(C)C(=N)NC(N)=N,CN(C)C(=N)N=C(N)N.Cl,0,0.23148148148148148
COC1=NC=CN=C1NS(=O)(=O)C1=CC=C(N)C=C1,COC1=NC=CN=C1NS(=O)(=O)C2=CC=C(C=C2)N,0,1.0
CCN(CC)CCNC(=O)C1=CC=C(I)C=C1,CN(C)CCNC(=O)C1=CC=CC=C1,0,0.7555555555555555
COC(=O)C1=C(C)NC(C)=C([C@H]1C1=C(C=CC=C1)[N+]([O-])=O)C(=O)OCC(C)C,CC1=C(C(C(=C(N1)C)C(=O)OC)C2=CC=CC=C2[N+](=O)[O-])C(=O)OC,0,0.95897903372835
[Cl-].C[N+]1=CC=C(C=C1)C(=O)NCC1=CC=CC=C1,C[N+]1=CC=C(C=C1)C(=O)NCC2=CC=CC=C2.[I-],0,1.0
C1CN[C@@H](C1)C1=CC=CN=C1,C1CCNC(C1)C2=CN=CC=C2,0,0.8654822335025381
O=C(CC(C1=CC=CC=C1)C1=CC=CC=C1)N1CCN(CC1)C(C1=CC=CC=C1)C1=CC=CC=C1,CC(C)(C)C(=O)N1CCN(CC1)C(C2=CC=CC=C2)C3=CC=CC=C3,0,0.6858736059479554
O=C(N1CCN(CC2=CC=CC=C2)CC1)C1=CC2=C(O1)C=CC=C2,C1CN(CCN1CC2=CC=CC=C2)C(=O)C3=CC4=CC=CC=C4O3.Cl,0,1.0
O[C@H]1CO[C@@H]2[C@H](O)CO[C@H]12,C1[C@@H](C2C(O1)[C@H](CO2)O)O,0,1.0
CC(=O)NC1=CC=CC=C1,CCC(=O)NC1=CC=CC=C1,0,0.8287671232876712
[O-][N+](=O)C1=CC(C(=O)NC2=CC=CC=C2)=C(Cl)C=C1,C1=CC=C(C=C1)NC2=CC=C(C=C2)NC(=O)C3=C(C=CC(=C3)[N+](=O)[O-])Cl,0,0.9198036006546645
NS(=O)(=O)C1=CC2=C(N[C@H](CC3=CC=CC=C3)NS2(=O)=O)C=C1C(F)(F)F,C1=CC=C(C=C1)CC2NC3=C(C=C(C(=C3)C(F)(F)F)S(=O)(=O)N)S(=O)(=O)N2,0,1.0
COC1=C(OCCNC[C@H](O)COC2=C3C(NC4=C3C=CC=C4)=CC=C2)C=CC=C1,COC1=CC=CC=C1OCCNCC(COC2=CC=CC3=C2C4=CC=CC=C4N3)O,0,1.0
CC(C)N(CCC(C(N)=O)(C1=CC=CC=C1)C1=NC=CC=C1)C(C)C,CC(C)N(CCC(C1=CC=CC=C1)(C2=CC=CC=N2)C(=O)N)C(C)C.OP(=O)(O)O,0,0.9922048997772829
CC1=NC(=CC(NC2=NC=C(S2)C(=O)NC2=C(Cl)C=CC=C2C)=N1)N1CCN(CCO)CC1,CC1=C(C=C(C=C1)C(=O)NC2=CC=CC(=C2)C(F)(F)F)/C=C/C3=CN=C(C=N3)NC4=CC(=NC(=N4)C)N5CCNCC5.C(=O)(C(F)(F)F)O,0,0.5520169851380042
C[C@H]1CC2=C(C=CC=C2)N1NC(=O)C1=CC(=C(Cl)C=C1)S(N)(=O)=O,CC1CC2=CC=CC=C2N1NC(=O)C3=CC(=C(C=C3)Cl)S(=O)(=O)N,0,1.0
O=C(OC1=CC=CC2=CC=CN=C12)C1=CC=CC=C1,C1=CC2=C(C(=C1)OCC3=CC=C(C=C3)C#N)N=CC=C2,0,0.7765765765765765
COC1=CC(=CC(OC)=C1OC)C(=O)N1CCOCC1,C1COCCN1C(=O)C2=CC3=C(C=C2)OCO3,0,0.8480565371024735
CCCCOC(=O)C1=CC=C(O)C=C1,CCCCOC(=O)C1=CC=C(C=C1)O,0,1.0
[O-][N+](=O)C1=NC=CN1CC(=O)NCC1=CC=CC=C1,CC1=NC=C(N1CC(=O)NCC2=CC=CC=C2)[N+](=O)[O-],0,0.5318892900120337
Cl.OC(=O)\C=C\C1=CNC=N1,C1=C(NC=N1)/C=C/C(=O)O,0,1.0
C[C@@H](NCCCC1=CC=CC(=C1)C(F)(F)F)C1=CC=CC2=CC=CC=C12,CC(CCC1=CC=CC=C1)NCC2=CC=CC3=CC=CC=C32.C(=O)(C(=O)O)O,0,0.5425101214574899
OC[C@@H](O)CN1CCN(CC1)C1=CC=CC=C1,C1CN(CCN1CC(CO)O)C2=CC=CC=C2,0,1.0
O=C1CCC2CCC(=O)N12,COCCNC(=O)CCCCCN1C(=O)CCC1=O,0,0.5763888888888888
NC(=O)CN1C[C@H](O)CC1=O,C1CC(=O)N(C1)CC(=O)N,0,0.6370370370370371
CNC(=O)C1=CC2=C(C=C1)C(=O)C1=C(C=CC=C1)S2(=O)=O,CCNC(=O)C1=CC2=C(C=C1)C(=O)C3=CC=CC=C3S2(=O)=O,0,0.9767141009055628
Cl.Cl.Cl.NC1=C(C=CC=N1)C1=NC2=C(N=C(C=C2)C2=CC=CC=C2)N1C1=CC=C(C=C1)C1(N)CCC1,CC1=CC(=CC=C1)N2C(=C(C3=NC4=CC=CC=C4N=C32)C5=NC6=CC=CC=C6N5C)N,0,0.6204559457794209
ClC1=CC=C(OCC(=O)N2CCN(CC3=CC4=C(OCO4)C=C3)CC2)C=C1,C1CN(CCN1CC2=CC3=C(C=C2)OCO3)C(=O)COC4=CC=C(C=C4)Cl,0,1.0
CC(C)NC1=NC=CC=N1,C1=CN=C(N=C1)NCCNC2=NC=CC=N2,0,0.7323943661971831
C(N1CCN(CC1)C1=NC=CC=N1)C1=CC2=C(OCO2)C=C1,C1CN(CCN1CC2=CC3=C(C=C2)OCO3)C4=NC=CC=N4.O.Cl,0,1.0
CCN(CC)CCC[C@H](C)NC1=C2C=CC(Cl)=CC2=NC=C1,CCN1CCC(CC1)NC2=C3C=CC(=CC3=NC=C2)Cl,0,0.8778359511343804
CCN(CC)CCC[C@H](C)NC1=C2C=CC(Cl)=CC2=NC2=CC=C(OC)C=C12,CCN(CC)CCCC(C)NC1=C2C=C(C=CC2=NC3=C1C=CC(=C3)Cl)OC.O.Cl,0,1.0
COC1=C(C=CC=C1)N1CCN(C[C@H](O)COC2=CC=CC3=CC=CC=C23)CC1,COC1=CC=CC=C1N2CCN(CC2)CC(COC3=CC=CC4=CC=CC=C43)O,1,1.0
COC1=C(OC)C=C(CCNC[C@H](O)COC2=CC(C)=CC=C2)C=C1,COC1=C(C=C(C=C1)CCNCC(COC2=CC=C(C=C2)Cl)O)OC.Cl,0,0.903755868544601
O=C(N1CCCCC1)C1=CC2=C(OCO2)C=C1,CCCCN(CC)C(=O)C1=CC2=C(C=C1)OCO2,0,0.9734848484848485
CCN(CC)CCNC(=O)COC1=CC=C(OC)C=C1,CCN(CC)CCNC(=O)COC1=CC=C(C=C1)OC,0,1.0
CCOC(=O)N1CSC[C@H]1C(O)=O,CC(=O)N1CSCC1C(=O)O,0,0.5435606060606061
CC(=O)NC1=CC(O)=CC=C1,CC(=O)NC1=CC(=CC(=C1)O)O,0,0.919431279620853
CCN(CC)C(=O)C1=CN=CC=C1,C1CN(CCN1C(=O)C2=CC=CC=C2)C(=O)C3=CN=CC=C3,0,0.7572815533980582
CCN(CC)C(=O)C1=CC(C)=CC=C1,CC1=CC(=CC=C1)C(=O)N2CCCCCC2,0,0.7913043478260869
FC1=C(Cl)C=C(C=C1)S(=O)(=O)NCC1=CC=C(C=C1)C(=O)NNC(=O)C1=CC=CC=C1,CN1CCN(CC1)C(=O)C2=CC=C(C=C2)CNS(=O)(=O)C3=CC(=C(C=C3)F)Cl,0,0.7189189189189189
CC12CC3CC(C)(C1)CC(N)(C3)C2,CC12CC3CC(C1)(CC(C3)(C2)N)C.[N+](=O)(O)[O-],0,0.9264705882352942
COC1=CC=C(\C=C\C(O)=O)C=C1,C1=CC(=CC=C1/C=C/C(=O)O)OCCCF,0,0.8259109311740891
O=C\C=C\C1=CC=CC=C1,C1=CC=C(C=C1)/C=C/C(=O)/C=C/C2=CC=CC=C2,0,0.6896551724137931
NNCCC1=CC=CC=C1,C1=CC=C(C=C1)CCNN.OS(=O)(=O)O,0,0.8706896551724138
CCCNC[C@H](O)COC1=C(C=CC=C1)C(=O)CCC1=CC=CC=C1,CCCNCC(COC1=CC=CC=C1C(=O)CCC2=CC=CC=C2)O.Cl,0,1.0
OC(=O)C1=NC2=CC=CC=C2C(O)=C1,COC1=CC(=NC2=CC=CC=C21)C(=O)O,0,0.8820422535211268
Cl.COC1=CC=C(C=C1)[C@@H](CN(C)C)C1(O)CCCCC1,COC1=CC=C(C=C1)C(C2CCCCC2)(C(CN3CCCC3)C4=CC=CC=C4)O.Cl,0,0.5698569856985699
CC(C)[C@H](NC(=O)N(C)CC1=CSC(=N1)C(C)C)C(=O)N[C@H](C[C@H](O)[C@H](CC1=CC=CC=C1)NC(=O)OCC1=CN=CS1)CC1=CC=CC=C1,CC(C)C1=NC(=CS1)CN(C)C(=O)N[C@@H](C(C)C)C(=O)N[C@@H](CC2=CC=CC=C2)C[C@@H]([C@H](CC3=CC=CC=C3)NC(=O)OCC4=CN=CS4)O,0,1.0
CC1=CC(=O)N(N1)C1=CC=CC=C1,CC1=CC(=O)N(N1)C2=CC=C(C=C2)O,0,0.9121338912133892
C(C1=NCCN1)C1=CC=CC=C1,C1CN=C(N1)CC2=CC=CC=C2.Cl,0,1.0
CCN(CC)CC1=C(O)C=CC(NC2=C3C=CC(Cl)=CC3=NC=C2)=C1,CCN(CC)CC1=C(C=CC(=C1)NC2=C3C=CC(=CC3=NC=C2)Cl)O,0,1.0
CN(C)C(=O)C(CCN1CCC(O)(CC1)C1=CC=C(Cl)C=C1)(C1=CC=CC=C1)C1=CC=CC=C1,CN(C)C(=O)C(CCN1CCC(CC1)(C2=CC=C(C=C2)Cl)O)(C3=CC=CC=C3)C4=CC=CC=C4.Cl,0,1.0
C1CN2CC3=C(C=CC=C3)N=C2C1,C1CC2=NC3=CC=CC=C3CN2C1.Cl,0,1.0
CN(C)CCCN1C2=C(SC3=C1C=C(Cl)C=C3)C=CC=C2,CN(C)CCCN1C2=CC=CC=C2SC3=C1C=C(C=C3)Cl.Cl,0,1.0
O=C(NCC1=CC=CC=C1)C1=CSC(NC2=NC=NC=C2)=N1,CC1=CC=C(C=C1)NC2=NC(=CS2)C(=O)NCC3=CC=CO3,0,0.6076833527357393
C\C(=N\NC1=NC2=C(N=N1)C1=C(N2)C(C)=CC=C1)C1=NC=CC=C1,CC1=C2C(=CC=C1)C3=C(N2)N=C(N=N3)N/N=C\C4=CC=CO4,0,0.8286252354048964
C1CN2C[C@@H](N=C2S1)C1=CC=CC=C1,C1CSC2=NC(CN21)C3=CC=CC=C3.Cl,0,1.0
OCCN1CCN(CCCN2C3=C(SC4=C2C=C(C=C4)C(F)(F)F)C=CC=C3)CC1,C1CN(CCN1CCCN2C3=CC=CC=C3SC4=C2C=C(C=C4)C(F)(F)F)CCO.Cl,0,1.0
O=C1CC2(CCCC2)CC(=O)N1CCCCN1CCN(CC1)C1=NC=CC=N1,C1CCC2(C1)CC(=O)N(C(=O)C2)CCCCN3CCN(CC3)C4=NC=CC=N4.Cl,0,1.0
OC1=NC(O)=C2C=NNC2=N1,CCOC1=NC(=NC2=C1C=NN2C)OCC,0,0.5452091767881242
CC1=NN=C(NS(=O)(=O)C2=CC=C(N)C=C2)S1,CC1=NN=C(S1)NS(=O)(=O)C2=CC=C(C=C2)N,0,1.0
NCCC(O)(P(O)(O)=O)P(O)(O)=O,C[C@@H]1[C@@H](O1)P(=O)([O-])[O-].[Ca+2],0,0.28450704225352114
C1CN=C(N1)[C@@H]1CCCC2=C1C=CC=C2,C1CC(C2=CC=CC=C2C1)C3=NCCN3.Cl,0,1.0
CNCC[C@H](OC1=CC=C(C=C1)C(F)(F)F)C1=CC=CC=C1,CNCCC(C1=CC=CC=C1)OC2=CC=C(C=C2)C(F)(F)F.Cl,0,1.0
CC1=CC=C(C=C1)N(CC1=NCCN1)C1=CC=CC(O)=C1,CC1=CC=C(C=C1)N(CC2=NCCN2)C3=CC(=CC=C3)O.Cl,0,1.0
NC[C@@H]1CN(CC2=CC=CC=C2)C(=O)C1,C1CC(=O)N(C1)CC2=CC=CC=C2,0,0.7024793388429752
[Cl-].CC(=O)OCC[N+](C)(C)C,CC(=O)OCC[N+](C)(C)C.[Br-],0,1.0
C1C2CNCC1C1=C2C=C2N=CC=NC2=C1,CCC(C1=CC=CC=C1)C(=O)NCCC2=CNC3=C2C=C(C=C3)C,0,0.463785046728972
CCCCN(CCCC)CCCOC1=CC=C(C=C1)C(=O)C1=C(CCCC)OC2=C1C=C(NS(C)(=O)=O)C=C2,CCCCC1=C(C2=CC=CC=C2O1)C(=O)C3=CC(=C(C(=C3)I)OCCN(CC)CC)I.Cl,0,0.7581047381546134
CS(=O)(=O)CCNCC1=CC=C(O1)C1=CC=C2N=CN=C(NC3=CC(Cl)=C(OCC4=CC(F)=CC=C4)C=C3)C2=C1,CN1CC(C2(C13C4=CC=CC=C4N(C3=O)C)C(=O)N(C(=S)S2)CC5=CC=CO5)C6=CC=CC=N6,0,0.5468431771894093
NCCC[C@H](N)C(O)=O,C(CC(=O)O)C(C(=O)O)N.Cl,0,0.6410256410256411
OC(=O)CCC1=CC(I)=C(OC2=CC=C(O)C=C2)C(I)=C1,C1=CC(=C(C=C1OC2=C(C=C(C=C2I)C[C@@H](C(=O)[O-])N)I)I)O.[Na+],0,0.8202020202020202
CC1(C)S[C@@H]2[C@H](NC(=O)CC3=CC=CC=C3)C(=O)N2[C@H]1C(O)=O,CC1([C@@H](N2[C@H](S1)[C@@H](C2=O)NC(=O)CC3=CC=CC=C3)C(=O)[O-])C.[K+],0,1.0
CC(C)(O)CC(O)=O,C(C(C(=O)O)O)C(=O)O,0,0.42990654205607476
NC(=N)NC(=O)C1=NC=CN=C1,CCN1CCN(CC1)CNC(=O)C2=NC=CN=C2,0,0.6418269230769231
CCN1C[C@H](CCN2CCOCC2)C(C1=O)(C1=CC=CC=C1)C1=CC=CC=C1,CN(C)C(=O)C(CCN1CCC(CC1)(C2=CC=C(C=C2)Cl)O)(C3=CC=CC=C3)C4=CC=CC=C4.Cl,0,0.6127744510978044
Cl.CCNC[C@H](O)C1=CC=CC(O)=C1,CCNCC(C1=CC(=CC=C1)O)O,0,1.0
OS(=O)(=O)C1=CC2=C(NC(=N2)C2=CC=CC=C2)C=C1,CCCCC1=NC2=C(N1)C=C(C=C2)S(=O)(=O)O,0,0.6128048780487805
OC(=O)C1=C(C=CC=C1)C1=C2C=C(I)C(=O)C(I)=C2OC2=C(I)C(O)=C(I)C=C12,C1=CC(=C(C=C1C2=C3C=CC(=O)C=C3OC4=C2C=CC(=C4)O)C(=O)O)N,0,0.6757728253055356
NC1=CC2=NC3=CC(N)=CC=C3C=C2C=C1,C1=CC=C2C(=C1)C=C3C(=N2)C=CC=C3N,0,0.8664383561643836
COC1=C(OC)C=C(CCN(C)CCCC(C#N)(C(C)C)C2=CC(OC)=C(OC)C=C2)C=C1,CC(C)C(CCCN(C)CCC1=CC(=C(C=C1)OC)OC)(C#N)C2=CC(=C(C=C2)OC)OC.Cl,0,1.0
COC(=O)[C@@H](N1CCC2=C(C1)C=CS2)C1=C(Cl)C=CC=C1,COC(=O)[C@H](C1=CC=CC=C1Cl)N2CCC3=C(C2)C=CS3,0,1.0
NC(=O)N1C2=C(CC(=O)C3=C1C=CC=C3)C=CC=C2,C1C2=CC=CC=C2N(C3=CC=CC=C3C1=O)C(=O)N,0,1.0
ClC1=C(NC2=NCCN2)C2=NSN=C2C=C1,CC(C)C(=O)NC(=S)NC1=C(C=CC2=NSN=C21)Cl,0,0.6813559322033899
CC(=O)OCC(CCN1C=NC2=CN=C(N)N=C12)COC(C)=O,CC(=O)OCC(CCN1C=NC2=CN=C(N=C21)N)COC(=O)C,0,1.0
CC1=NC(C)=C(Cl)C(O)=C1Cl,C1=C(C(=C(C(=N1)C(=O)O)Cl)Cl)Cl,0,0.3713768115942029
OC(=O)[C@@H]1CCN2C1=CC=C2C(=O)C1=CC=CC=C1,C1CN2C(=CC=C2C(=O)C3=CC=CC=C3)C1C(=O)O.C(C(CO)(CO)N)O,0,0.9823008849557522
CN(C)CCOC(C)(C1=CC=CC=C1)C1=NC=CC=C1,CC(C1=CC=CC=C1)(C2=CC=CC=N2)OCCN(C)C.C(CC(=O)O)C(=O)O,0,0.9676511954992968
CN(C)CCC[C@@]1(OCC2=C1C=CC(=C2)C#N)C1=CC=C(F)C=C1,CN(C)CCCC1(C2=C(CO1)C=C(C=C2)C#N)C3=CC=C(C=C3)F,0,1.0
NCCCS(O)(=O)=O,C(CN)CS(=O)(=O)O,0,1.0
NC(=N)NCCC(O)=O,CC(C)CN(CCC(=O)O)CC(C)C,1,0.3146853146853147
OS(=O)(=O)CCS,C(CN)CS(=O)(=O)O,0,0.47435897435897434
NCCCCNC(N)=N,C1CC1CNC(=O)N,0,0.2962962962962963
N[C@@H](C(O)=O)C1=CC(O)=CC(O)=C1,COC1=C(C=C(C=C1)CC(=O)O)O,0,0.5143603133159269
CCN(CC)C(S)=S,CCN(CC)C(=S)SSC(=S)N(CC)CC,0,0.4338235294117647
CC1=C(CCN)SC(N)=N1,CC1=C(SC(=N1)NC)C(C)(C)C,0,0.6050228310502284
CC(=O)NCCCS(O)(=O)=O,C(CN)CS(=O)(=O)O,0,0.5583333333333333
C(C1CCNCC1)C1=CNC=N1,C1=C(NC=N1)CCN.Cl,0,0.34328358208955223
CN(C)CCCSC(N)=N,C1CNC(=NC1)SCCCN.Br,0,0.3415841584158416
NCCCC(N)(C(F)F)C(O)=O,C(CC(C(F)F)(C(=O)O)N)CN.Cl,0,1.0
OC(=O)P(O)(O)=O,C(C(=O)O)P(=O)(O)O,0,0.25862068965517243
C[C@H](CN)CC(O)=O,CC(C)(CC(=O)O)CN.Cl,0,0.7875
OCC1=CC(F)=CN=C1,C1=CC(=CN=C1)C(=O)O,0,0.47368421052631576
CC(C)(C)NC[C@H](O)C1=CC(CO)=C(O)C=C1,C1=CC=C(C=C1)CCCCOCCCCCCNCC(C2=CC(=C(C=C2)O)CO)O,0,0.76
OC[C@H]1O[C@H]([C@H](O)[C@@H](O)[C@@H]1O)C1=C(O)C=CC2=C1OC=C(C2=O)C1=CC=C(O)C=C1,C1=CC(=CC=C1C2=COC3=C(C2=O)C=CC(=C3C4[C@@H]([C@H]([C@@H]([C@H](O4)CO)O)O)O)O)O,0,1.0
Cl.COC(=O)[C@@H](N)CS,COC(=O)[C@H](CS)N.Cl,0,1.0
Cl.CC1=NC=C(CO)C(C=O)=C1O,CC1=NC=C(C(=C1O)/C=N/N=C/C2=CC=CC=C2O)CO,0,0.5924855491329479
CON,[Li+].C(=O)([O-])[O-],0,0.14285714285714285
CCCC[C@H](O)C1=CC=CC=C1,C1CCN(CC1)CCCCC(C2=CC=CC=C2)O.Cl,0,0.7445887445887446
COC1=CC(C(O)C(C)N)=C(OC)C=C1,CC(C(C1=C(C=CC(=C1)OC)OC)O)N.Cl,0,1.0
NCCC1=NNC=C1,CC1=C(C(=NN1)C)CCN.Cl,0,0.3004115226337449
N[C@H]1CCN(C1)C1=CC=CN=C1,CN1CCCN(CC1)C2=CN=C(C=C2)[N+](=O)[O-],0,0.49913344887348354
COC1=C(O)C=CC(CCC(C)=O)=C1,COC1=C(C=C(C=C1)CCC(=O)N)OC,0,0.8012048192771084
CCOC(=O)[C@@H](N)CC1=CC(O)=C(O)C=C1,COC(=O)C(CC1=CC(=C(C=C1)O)O)N.Cl,0,0.9385474860335196
OC\C=C\C(O)=O,C(=C(Br)Br)C(=O)O,0,0.3870967741935484
CC1=C(CCN)NC=N1,C1=C(NC=N1)CCN.Cl,0,0.7151515151515152
CC1=CC=C(Cl)C(NC2=C(C=CC=C2)C(O)=O)=C1Cl,CC1=C(C(=C(C=C1)Cl)NC2=CC=CC=C2C(=O)[O-])Cl.[Na+],0,1.0
CC1(CN)CC2=C(C1)C=CC=C2,C1C2=CC=CC=C2C(=O)C1(CC3=CC=CC=C3)CC4=CC=CC=C4,0,0.47268408551068886
CC1=CC=C(C=C1)S([O-])(=O)=O.CC[N+](C)(C)CC1=C(Br)C=CC=C1,CC[N+](C)(C)CC1=CC=CC=C1Br.CC1=CC=C(C=C1)S(=O)(=O)[O-],0,1.0
CCCN(CCC)CCC1=CC=CC2=C1CC(=O)N2,COC1=CC=C(C=C1)CC(=O)NC2=CC=CC3=C2CCCC3,0,0.5926966292134831
Cl.Cl.OCCOCCN1CCN(CC1)[C@@H](C1=CC=CC=C1)C1=CC=C(Cl)C=C1,C1CN(CCN1CCOCCO)C(C2=CC=CC=C2)C3=CC=C(C=C3)Cl.Cl,0,1.0
Cl.COCCOC1=CC2=NC=NC(NC3=CC(=CC=C3)C#C)=C2C=C1OCCOC,COC1=C(C=C2C(=C1)C(=NC=N2)NC3=CC(=CC=C3)Cl)OC.Cl,0,0.8013698630136986
O=C1CCC2=C(N1)C=CC(OCCCCC1=NN=NN1C1CCCCC1)=C2,C1CCC(CC1)N2C(=NN=N2)CCCCOC3=CC4=C(C=C3)NC(=O)CC4,0,1.0
CC1=C(C)C2=C(CC[C@](C)(O2)C(O)=O)C(C)=C1O,CC1(CC(=O)C2=C(O1)C=CC(=C2)OCC(=O)O)C,0,0.5868055555555556
CC1(C)S[C@@H]2[C@H](NC(=O)[C@H](N)C3=CC=CC=C3)C(=O)N2[C@H]1C(O)=O,CC1([C@@H](N2[C@H](S1)[C@@H](C2=O)NC(=O)[C@@H](C3=CC=CC=C3)N)C(=O)O)C,0,1.0
Cl.CCOC(=O)[C@H](CCC1=CC=CC=C1)N[C@@H](C)C(=O)N1CC2=C(C[C@H]1C(O)=O)C=CC=C2,CC(=O)N1CC2=CC=CC=C2CC1C(=O)O,0,0.6939834024896265
Cl.NC[C@H](O)C1=CC=C(O)C=C1,C1=CC(=CC=C1C(CN)O)O.Cl,0,1.0
OCC1=C[N+]([O-])=CC=C1,C1=CC(=CN=C1)C(=O)O,0,0.4936708860759494
CN1CC(=O)N2[C@H](CC3=C(NC4=C3C=CC=C4)[C@H]2C2=CC3=C(OCO3)C=C2)C1=O,CN1CC(=O)N2[C@@H](C1=O)CC3=C([C@H]2C4=CC5=C(C=C4)OCO5)NC6=CC=CC=C36,0,1.0
[Cl-].C[N+](C)(C)CC(O)=O,CC(=O)OCC[N+](C)(C)C.[Br-],0,0.43820224719101125
OC(=O)[C@@H](S)[C@@H](S)C(O)=O,CC(C)([C@H](C(=O)O)N)S.Cl,0,0.28205128205128205
CNS(=O)(=O)CC1=CC2=C(NC=C2CCN(C)C)C=C1,CNS(=O)(=O)CC1=CC2=C(C=C1)NC=C2CCN(C)C,0,1.0
CC(C)NC(=O)NS(=O)(=O)C1=C(NC2=CC(C)=CC=C2)C=CN=C1,CC1=CC(=CC=C1)NC2=C(C=NC=C2)S(=O)(=O)NC(=O)NC(C)C,0,1.0
CCC1=C2CN3C(=CC4=C(COC(=O)[C@]4(O)CC)C3=O)C2=NC2=CC=C(OC(=O)N3CCC(CC3)N3CCCCC3)C=C12,CC[C@@]1(C2=C(COC1=O)C(=O)N3CC4=CC5=CC=CC=C5N=C4C3=C2)O,0,0.9137232194557036
NC1=NC(=O)N(C=N1)[C@H]1C[C@H](O)[C@@H](CO)O1,C1C(C(OC1N2C=CC(=NC2=O)N)CO)O,0,0.6142011834319526
NCCCNCCSP(O)(O)=O,C1CNCCNCCCNCCNC1,0,0.20610687022900764
CC[C@H]1OC(=O)[C@H](C)[C@@H](O[C@H]2C[C@@](C)(OC)[C@@H](O)[C@H](C)O2)[C@H](C)[C@@H](O[C@@H]2O[C@H](C)C[C@@H]([C@H]2O)N(C)C)[C@](C)(O)C[C@@H](C)C(=O)[C@H](C)[C@@H](O)[C@]1(C)O,CC[C@@H]1[C@@]([C@@H]([C@H](C(=O)[C@@H](C[C@@]([C@@H]([C@H]([C@@H]([C@H](C(=O)O1)C)O[C@H]2C[C@@]([C@H]([C@@H](O2)C)O)(C)OC)C)O[C@H]3[C@@H]([C@H](C[C@H](O3)C)N(C)C)O)(C)O)C)C)O)(C)O,0,1.0
COC1=C2N(C=C(C(O)=O)C(=O)C2=CC(F)=C1N1C[C@@H]2CCCN[C@@H]2C1)C1CC1,C[C@@H]1CN(CCN1)C2=C(C=C3C(=C2OC)N(C=C(C3=O)C(=O)O)C4CC4)F,0,0.9389002036659878
Cl.CCN(CC)CC#CCOC(=O)C(O)(C1CCCCC1)C1=CC=CC=C1,CCN(CC)CC#CCOC(=O)C(C1CCCCC1)(C2=CC=CC=C2)O.Cl,0,1.0
CC#C[C@]1(O)CC[C@H]2[C@@H]3CCC4=CC(=O)CCC4=C3[C@H](C[C@]12C)C1=CC=C(C=C1)N(C)C,CC#C[C@@]1(CC[C@@H]2[C@@]1(C[C@@H](C3=C4CCC(=O)C=C4CC[C@@H]23)C5=CC=C(C=C5)N(C)C)C)O,0,1.0
OC1=CC=C(C=C1)C1=C(C(=O)C2=CC=C(OCCN3CCCCC3)C=C2)C2=C(S1)C=C(O)C=C2,COC1=CC=C(C=C1)C2=C(C3=C(S2)C=CC(=C3)OC)C#CCCO,0,0.6077943615257048
ClC1=CC(=CC=C1)N1CCN(CCCN2N=C3C=CC=CN3C2=O)CC1,C1CN(CCN1CCCN2C(=O)N3C=CC=CC3=N2)C4=CC(=CC=C4)Cl.Cl,0,1.0
COC1=C(OC)C(NS(=O)(=O)C2=CC=C(N)C=C2)=NC=N1,COC1=NC=NC(=C1)NS(=O)(=O)C2=CC=C(C=C2)N,0,0.7312101910828025
CC(=C)[C@@H]1CCC(C)=CC1,CC(=C)C1CCC(=CC1)CN2CCC(CC2)O,0,0.44299674267100975
C[C@H](O)CC(C)(C)O,C1CC[C@@]2(C(C1)CC3CCCC2[C@@H]3O)O,0,0.2608695652173913
CN1C=CC(=O)C(O)=C1C,CC1=C(C(=O)C=CN1C)O,0,1.0
O.O.O.[Na+].CC1=CC=C(C=C1)S(=O)(=O)[N-]Cl,CC(=O)O.C1=CC(=CC=C1CN)S(=O)(=O)N,0,0.6992481203007519
N[C@@H](CC1=CC(I)=C(OC2=CC(I)=C(O)C(I)=C2)C(I)=C1)C(O)=O,C1=CC(=C(C=C1OC2=C(C=C(C=C2I)C[C@@H](C(=O)[O-])N)I)I)O.[Na+],0,0.9919839679358717
Cl.CN(C)CCC=C1C2=C(C=CC=C2)C=CC2=C1C=CC=C2,CN1CCC(=C2C3=CC=CC=C3C=CC4=CC=CC=C42)CC1.Cl,0,0.835820895522388
NC(=O)C([C@@H]1CCN(CCC2=CC3=C(OCC3)C=C2)C1)(C1=CC=CC=C1)C1=CC=CC=C1,CC(C)[N+](C)(CCC(C1=CC=CC=C1)(C2=CC=CC=C2)C(=O)N)C(C)C.[I-],0,0.5654054054054054
CC1=CC=CC(\C=N\NC2=CC(=NC(OCCC3=NC=CC=C3)=N2)N2CCOCC2)=C1,C1COCCN1C2=NC=NC(=C2)N/N=C/C3=CC=C(C=C3)F,0,0.6407035175879398
OS(O)(=O)=O.CC(C)(C)NCC(O)C1=CC(O)=CC(O)=C1.CC(C)(C)NCC(O)C1=CC(O)=CC(O)=C1,CC(C)(C)NCC(C1=CC(=CC(=C1)O)O)O.OS(=O)(=O)O,0,1.0
O.Cl.NC1=C2CCCCC2=NC2=C1CCC2,C1CCC2=C(C1)C(=C3CCCC3=N2)N,0,1.0
CC(C)NC[C@H](O)C1=CC(O)=C(O)C=C1,CC(C)NCC(C1=CC(=C(C=C1)O)O)O.Cl,0,1.0
OC(CCN1CCCCC1)(C1CCCCC1)C1=CC=CC=C1,C1CCC(CC1)C(CCN2CCCCC2)(C3=CC=CC=C3)O.Cl,0,1.0
[Br-].CCCCCCCCCCCCCCCC[N+](C)(C)C,C[N+](C)(C)CCCCCCCCCC[N+](C)(C)C.[Br-],0,1.0
CCOC1=CC2=C(C=C1)N=C(S2)S(N)(=O)=O,CCOC1=CC2=C(C=C1)N=C(S2)S(=O)(=O)N,0,1.0
OS(O)(=O)=O.CC(C)(C)NC(=O)[C@@H]1CN(CC2=CN=CC=C2)CCN1C[C@@H](O)C[C@@H](CC1=CC=CC=C1)C(=O)N[C@@H]1[C@H](O)CC2=C1C=CC=C2,C1C[C@@]23[C@@H](C[C@H](N2C1)C4=CC=CC=C4C#CC5=CC=CC=C5)CN(C3=O)CC6=CN=CC=C6,0,0.5932085932085932
COC1=CC(\C=C/C2=CC(O)=C(OC)C=C2)=CC(OC)=C1OC,COC1=CC(=CC(=C1)/C=C/C2=CC=C(C=C2)O)OC,0,0.7968253968253968
COC1=C(OC[C@@H](O)COC(N)=O)C=CC=C1,COC1=CC=CC=C1OCC(COC(=O)N)O,0,1.0
C[C@H]1C[C@H]2[C@@H]3CC[C@](O)(C(C)=O)[C@@]3(C)CC[C@@H]2[C@@]2(C)CCC(=O)C=C12,C[C@H]1C[C@@H]2[C@H](CC[C@]3([C@H]2CC[C@@]3(C(=O)C)O)C)[C@@]4(C1=CC(=O)CC4)C,0,1.0
C[C@H](NC(C)(C)C)C(=O)C1=CC=CC(Cl)=C1,CC(C(=O)C1=CC(=CC=C1)Cl)NC(C)(C)C.Cl,0,1.0
Cl.CNCCCC12CCC(C3=C1C=CC=C3)C1=C2C=CC=C1,CNCCCC12CCC(C3=CC=CC=C31)C4=CC=CC=C24.Cl,0,1.0
C[C@@H](CN1C2=C(SC3=C1C=CC=C3)C=CC=C2)N(C)C,CC(CN1C2=CC=CC=C2SC3=CC=CC=C31)N(C)C.Cl,0,1.0
OC(=O)\C=C/C(O)=O.CN(C)CCO[C@@H](C1=CC=C(Cl)C=C1)C1=NC=CC=C1,CN(C)CCOC(C1=CC=C(C=C1)Cl)C2=CC=CC=N2.C(=C/C(=O)O)\C(=O)O,0,1.0
O.[Na+].CC1=C(C(=O)N[C@H]2[C@H]3SC(C)(C)[C@@H](N3C2=O)C([O-])=O)C(=NO1)C1=C(Cl)C=CC=C1Cl,CC1=C(C(=NO1)C2=C(C=CC=C2Cl)Cl)C(=O)NC3C4N(C3=O)C(C(S4)(C)C)C(=O)[O-].[Na+],0,1.0
OCC(Br)(Br)Br,C(=C(Br)Br)C(=O)O,0,0.16129032258064516
COC1=C2O[C@H]3C[C@@H](O)C=C[C@]33CCN(C)CC(C=C1)=C23,CN1CC[C@@]23C=C[C@@H](C[C@@H]2OC4=C(C=CC(=C34)C1)OC)O.Br,0,1.0
Cl.NC(=N)NC(=O)CC1=C(Cl)C=CC=C1Cl,C1=CC(=C(C(=C1)Cl)CC(=O)NCCC2=CC=C(C=C2)Cl)Cl,0,0.7342105263157894
COC1=CC=C(C=C1)C1=NC2=C(N1)C=CC(=C2)C1=NNC(=O)C[C@@H]1C,CC1=C(C(=C2C(=C1C)NC(=N2)C3=CC4=C(C=C3)OCO4)C)C,0,0.5149469623915139
CCC1=C(C)CN(C(=O)NCCC2=CC=C(C=C2)S(=O)(=O)NC(=O)N[C@H]2CC[C@H](C)CC2)C1=O,CC1=CC=C(C=C1)S(=O)(=O)NC(=O)N(C)C2CCCCC2,0,0.5536332179930796
OC1=CC=C2C[C@H]3N(CC4CC4)CC[C@@]45[C@@H](OC1=C24)C(=O)CC[C@@]35O,C1CC1CN2CC[C@]34[C@@H]5C(=O)CC[C@]3([C@H]2CC6=C4C(=C(C=C6)O)O5)O.Cl,0,1.0
Cl.COC(=O)C1=C(C)NC(C)=C([C@H]1C1=CC=CC(=C1)[N+]([O-])=O)C(=O)OCCN(C)CC1=CC=CC=C1,CC1=C(C(C(=C(N1)C)C(=O)OCCN(C)CC2=CC=CC=C2)C3=CC(=CC=C3)[N+](=O)[O-])C(=O)OC.Cl,0,1.0
CCCCC1=NC(Cl)=C(CO)N1CC1=CC=C(C=C1)C1=C(C=CC=C1)C1=NN=NN1,CCCCC1=NC(=C(N1CC2=CC=C(C=C2)C3=CC=CC=C3C4=N[N-]N=N4)CO)Cl.[K+],0,1.0
CCN(CCO)CCC[C@H](C)NC1=C2C=CC(Cl)=CC2=NC=C1,CCN1CCC(CC1)NC2=C3C=CC(=CC3=NC=C2)Cl,0,0.8568994889267462
CSC1=CC2=C(SC3=C(C=CC=C3)N2CC[C@H]2CCCCN2C)C=C1,CN1CCCCC1CCN2C3=CC=CC=C3SC4=C2C=C(C=C4)SC.Cl,0,1.0
CC#C[C@@H](CC(O)=O)C1=CC=C(OCC2=CC=CC(=C2)C2=CC=C(C=C2)C(F)(F)F)C=C1,CC(=O)OC1=CC=C(C=C1)C2=CC(=CC=C2)C(=O)OC3=CC=CC=C3,0,0.465149359886202
CN(C)CCCN1C2=C(CCC3=C1C=CC=C3)C=CC=C2,CN(C)CCCN1C2=CC=CC=C2CCC3=CC=CC=C31.Cl,0,1.0
CC1=C(SC=C1)C(=CCCN1CCC[C@H](C1)C(O)=O)C1=C(C)C=CS1,CN1CCC(=C2C3=C(CCC4=CC=CC=C42)SC=C3)CC1.C(=C\C(=O)O)\C(=O)O,0,0.41139240506329117
O.CC1=C(N2[C@H](SC1)[C@H](NC(=O)[C@H](N)C1=CC=CC=C1)C2=O)C(O)=O,CC1=C(N2[C@@H]([C@@H](C2=O)NC(=O)[C@@H](C3=CC=CC=C3)N)SC1)C(=O)O,0,1.0
ClC1=C(Cl)C2=C(C=C1)N=C1NC(=O)CN1C2,C1C2=NC3=C(C=C(C=C3)Cl)C(N2CC(=O)N1)C4=CC=CC=C4,0,0.5376162299239222
Cl.Cl.CNCCC1=CN=CN1,C1=C(NC=N1)CCN.Cl,0,0.8309859154929577
CN[C@H]1CC[C@@H](C2=CC(Cl)=C(Cl)C=C2)C2=C1C=CC=C2,CN[C@H]1CC[C@H](C2=CC=CC=C12)C3=CC(=C(C=C3)Cl)Cl.Cl,0,1.0
CCCN[C@H]1CCC2=C(C1)SC(N)=N2,C1CCCCCC2=C(CCCC1)N=C(S2)N,0,0.6320346320346321
CC[C@@H](CO)NCCN[C@@H](CC)CO,CCC(CO)NCCNC(CC)CO,0,1.0
O=C1NC=NC2=C1NC=N2,C12=C(NC(=S)N1)NC(=S)NC2=O,0,0.6513157894736842
CC(C)NC[C@H](O)C1=CC(O)=CC(O)=C1,CC(C)(C)NCC(C1=CC(=CC(=C1)O)O)O.OS(=O)(=O)O,0,0.9211356466876972
CNCCC=C1C2=C(CCC3=C1C=CC=C3)C=CC=C2,CNCCC=C1C2=CC=CC=C2CCC3=CC=CC=C31.Cl,0,1.0
CC(C)NC[C@H](O)C1=CC(C#N)=C(N)C=C1,C1CNC2=C1C=C(C=C2)C(CN3CCN(CC3)C4=CC=CC=C4)O,0,0.5229508196721312
IC1=CC=C(C=C1)C(=O)NC1CCN(CC2=CC=CC=C2)CC1,C1CN(CCC1NC(=O)C2=CC=CC=C2)CC3=CC=CC=C3,0,0.8733509234828496
CCCC[C@H]1C(=O)N(N(C1=O)C1=CC=C(O)C=C1)C1=CC=CC=C1,CCCCC1C(=O)N(N(C1=O)C2=CC=CC=C2)C3=CC=CC=C3,0,0.9472990777338604
NS(=O)(=O)C1=C(Cl)C=C2N[C@@H](NS(=O)(=O)C2=C1)C(Cl)Cl,C1=C2C(=CC(=C1Cl)S(=O)(=O)N)S(=O)(=O)NC(N2)C(Cl)Cl,0,1.0
CC(C)CCC[C@@H](C)[C@H]1CC[C@H]2[C@@H]3CCC4=CC(CC[C@]4(C)[C@H]3CC[C@]12C)=NO,C[C@@H]1CC[C@@]2([C@@H]([C@@]1(C)CC/C(=C/C(=O)O)/C)CCC=C2C)C,0,0.5199004975124378
OC(=O)\C=C/C(O)=O.OC(=O)\C=C/C(O)=O.CN1CCN(CCCN2C3=C(SC4=C2C=C(Cl)C=C4)C=CC=C3)CC1,CN1CCN(CC1)CCCN2C3=CC=CC=C3SC4=C2C=C(C=C4)Cl.C(=C\C(=O)O)\C(=O)O,0,1.0
[Na+].CC(C)(O)C1=COC(=C1)S(=O)(=O)[N-]C(=O)NC1=C2CCCC2=CC2=C1CCC2,CC1CC(N2C3=C1C=C(C(=C3C4(C2=O)C(=C(OC5=NNC(=C45)C)N)C#N)C)C)(C)C,0,0.4984358706986444
Cl.OC1=CC=C(C[C@@H]2NCCC3=CC(O)=C(O)C=C23)C=C1,C1CN[C@@H](C2=CC(=C(C=C21)O)O)CC3=CC(=C(C=C3)O)O,0,1.0
O=C1NC2=C(C=C1)C=CC(OCCCCN1CCN(CC1)C1=CC=CC3=C1C=CS3)=C2,CN1C2=CC=CC=C2C(=CC1=O)OCCCC(=O)N3CCN(CC3)C4=CC=CC=C4,0,0.5886319845857418
Cl.CC1=C(OC2=C(C=CC=C2C(=O)OCCN2CCCCC2)C1=O)C1=CC=CC=C1,CC1=CC=C(C=C1)NC(=O)COC(=O)C2=CC=CC3=C2OC(=C(C3=O)C)C4=CC=CC=C4,0,0.8664898320070734
O[C@H]([C@@H](O)C([O-])=O)C(O)=O.O[C@H]([C@@H](O)C([O-])=O)C(O)=O.C[N+]1(CCCCC[N+]2(C)CCCC2)CCCC1,C(C(C(=O)O)O)C(=O)O,0,0.4887640449438202
Cl.N[C@@H](CC1=CC=C(Cl)C=C1)C(O)=O,C1=CC=C(C=C1)CC(C(=O)O)NC=O,0,0.6286644951140065
O.O.[Na+].[O-]C(=O)CNC(=O)C1=C(I)C=CC=C1,CCOC(=O)CNC(=O)C1=CC=CC=C1,0,0.5898123324396782
CCC(CC)O[C@@H]1C=C(C[C@H](N)[C@H]1NC(C)=O)C(O)=O,CC1CC2C(C(C3(O2)CCC4C5CC=C6CC(CCC6(C5C(=O)C4=C3C)C)O)C)NC1,0,0.45961698584512906
CN(C)CCN(CC1=CC=CC=C1)C1=NC=CC=C1,CN(C)CCN(CC1=CC=CC=C1)C2=CC=CC=N2.Cl,0,1.0
CC(=C)[C@@H]1CC[C@@](C)(C=C)[C@@H](C1)C(C)=C,C[C@@H]1CC[C@@]2([C@@H]([C@@]1(C)CC/C(=C/C(=O)O)/C)CCC=C2C)C,0,0.4878048780487805
CCCCN1C[C@H](O)[C@@H](O)[C@H](O)[C@H]1CO,CCCCN1C[C@@H]([C@H]([C@@H]([C@H]1CO)O)O)O.Cl,0,1.0
COC(=O)[C@@H](N)CCCNC(=N)N[N+]([O-])=O,CCCCOC(=O)C1CCCC(N1)C.Cl,0,0.30969267139479906
NC[C@@H]1O[C@H](O[C@@H]2[C@@H](CO)O[C@@H](O[C@@H]3[C@@H](O)[C@H](N)C[C@H](N)[C@H]3O[C@H]3O[C@H](CO)[C@@H](O)[C@H](O)[C@H]3N)[C@@H]2O)[C@H](N)[C@@H](O)[C@@H]1O,C1[C@H]([C@@H]([C@H]([C@@H]([C@H]1N)O[C@@H]2[C@@H]([C@H]([C@@H]([C@H](O2)CO)O)O)N)O[C@H]3[C@@H]([C@@H]([C@H](O3)CO)O[C@@H]4[C@@H]([C@H]([C@@H]([C@@H](O4)CN)O)O)N)O)O)N.OS(=O)(=O)O,0,0.9860681114551083
CC(C)NC(=N)NC(=N)NC1=CC=C(Cl)C=C1,CNC(=O)NC1=CC=C(C=C1)Cl,0,0.4388059701492537
ClC1=CC=C(C=C1)C(=O)NCCN1CCOCC1,C1COCCN1CCNC(=O)C2=CC=C(C=C2)Cl,0,1.0
COC1=CC2=NC(NC3=NC(O)=C(C)C(C)=N3)=NC(C)=C2C=C1,CC1=CC(=NC(=N1)NC2=NC(=C3C=CC(=CC3=N2)OC)C)C,0,0.7813765182186235
NC(=N)NNC(=C)C1=CC(=CC(NC(=O)CCCCCCCCC(=O)NC2=CC(=CC(=C2)C(=C)NNC(N)=N)C(=C)NNC(N)=N)=C1)C(=C)NNC(N)=N,C1=CC(=CC(=C1)NC(=O)CCCCC(=O)NC2=CC=CC(=C2)C(=O)N)C(=O)N,0,0.5145797598627787
CCC1=C(N=C(O)N1)C(=O)C1=CC=NC=C1,COC(=O)C1=C(N=CN1)C(=O)C2=CC=CC=C2,0,0.49056603773584906
CN1C(=O)N(C2=C1C=NC1=CC=C(C=C21)C1=CC2=CC=CC=C2N=C1)C1=CC=C(C=C1)C(C)(C)C#N,CC1=CC2=C(C=C1)N(C3=C2N(C(=O)N(C3=O)C4=CC=CC=C4)CC(=O)NCC5CCCO5)C,0,0.641358024691358
CN1CCC\C1=N\C(=O)NC1=C(C)C=CC=C1C,CC1=C(C(=CC=C1)C)NC(=O)NC(=NC)N.Cl,0,0.4789473684210526
CCCCCCCCCCCCOS(O)(=O)=O.CCCCCCCCCCCCOS([O-])(=O)=O.CC1=C(CCO)SC=[N+]1CC1=C(N)N=C(C)N=C1,CC1=C(SC=[N+]1CC2=CN=C(N=C2N)C)CCO.[Cl-],0,0.9139784946236559
NC(=O)C1=CN=CC=C1,C1=CC(=CN=C1)C(=O)N,0,1.0
NC(=O)C1=NC=CN=C1,C1=CN=C(C=N1)C(=O)N,0,1.0
N[C@]1(CC[C@H]2[C@@H]([C@@H]12)C(O)=O)C(O)=O,CC1(C(CCC1(C)C(=O)O)C(=O)N)C,0,0.42105263157894735
CN1C(=O)C[C@@H](C1=O)C1=CC=CC=C1,CC(C)OC1=CC=C(C=C1)C2CC(=O)N(C2=O)C,0,0.8351449275362319
C1N2CN3CN1CN(C2)C3,C[N+]12CN3CN(C1)CN(C3)C2.[I-],0,0.7538461538461538
C(NC1=NC=NC2=C1NC=N2)C1=CC=CC=C1,C1=CC=C(C=C1)CNC2=NC=NC3=C2NC=N3,0,1.0
CCCCCCCCC(=O)NCC1=CC(OC)=C(O)C=C1,CC(C)/C=C\CCCCC(=O)NCC1=CC(=C(C=C1)O)OC,0,0.9128205128205128
COC1=CC=C(C=C1)C1=COC2=C(C=CC(O)=C2)C1=O,COC1=CC2=C(C=C1)C(=O)C(=CO2)C3=CC=CC=C3,0,0.9417322834645669
O=C1NC2=C(C=CC=C2)C(=O)N1CCCN1CCN(CC1)C1=CC=CC=C1,C1CN(CCN1C2=CC=C(C=C2)Cl)C(=O)CCN3C(=O)C4=CC=CC=C4NC3=O,0,0.9040348964013086
CCC(C)C(N)C(=O)NCCN1CCOCC1,CCCC(CCC)C(=O)NCCN1CCOCC1.Cl,0,0.6282894736842105
C[C@H]1COC2(CCN(CC2)C2=NC(=O)C3=CC(=CC(=C3S2)[N+]([O-])=O)C(F)(F)F)O1,CN1CC(C2(C13C4=CC=CC=C4N(C3=O)C)C(=O)N(C(=S)S2)CC5=CC=CO5)C6=CC=CC=N6,0,0.5836693548387096
COC1=CC2=C(NC=C2C2=CCNCC2)C=C1,C1CNCC=C1C2=CNC3=CC=CC=C32,0,0.8524804177545692
IC1=CC=C(C=C1)C(=O)NCCN1CCCCC1,CC1=CC=C(C=C1)C(=O)NCCN2CCCC2.Cl,0,0.7275449101796407
ClC(Cl)[C@@H](C1=CC=C(Cl)C=C1)C1=C(Cl)C=CC=C1,C1=CC=C2C(=C1)C(=CN2)C(CN)C3=C(C=C(C=C3)Cl)Cl,0,0.40077821011673154
NC(=O)NCCN1CCN(CC1)C1=CC=CC(=C1)C(F)(F)F,C#CCN1CCN(CC1)C2=CC=CC(=C2)C(F)(F)F,0,0.8651960784313726
O=C1C(=CC2=CN=CC=C2)C(=O)C2=C1C=CC=C2,COC1=CC(=CC(=C1)C=C2C(=O)C3=CC=CC=C3C2=O)OC,0,0.723589001447178
COC1=CC(OC)=C(C=O)C=C1OC,COC1=CC2=C(C=C1C=O)OCO2,0,0.8549222797927462
CCCN[C@@H](C)C(=O)NC1=C(C)C=CC=C1,CCCNC(C)C(=O)NC1=CC=CC=C1C.Cl,0,1.0
COC1=CC2=C(C=C1)N=C(NC(=O)NC1=CC=CC=C1)S2,COC1=CC2=C(C=C1)N=C(S2)NC(=O)NC3=CC=CC=C3,0,1.0
CCCCNC(=O)NS(=O)(=O)C1=CC=C(C)C=C1,CCCCNC(=O)NS(=O)(=O)C1=CC=C(C=C1)C,0,1.0
CC1=CC=C(C=C1)S(N)(=O)=O,CC(=O)O.C1=CC(=CC=C1CN)S(=O)(=O)N,0,0.8193832599118943
CC1=CC=C(C=C1)S(=O)(=O)NCC1=CC=CC=C1,CC1=CC=C(C=C1)S(=O)(=O)NCC2=CC=CC=C2,0,1.0
CN(C)S(=O)(=O)C1=C(C)C=CC(=C1)[N+]([O-])=O,CC1=C(C=C(C=C1)[N+](=O)[O-])S(=O)(=O)N2CCNCC2,0,0.8450074515648286
CC1=CC(C)=C(C(C)=C1)S(=O)(=O)NC1=CC(=CC=C1)C(F)(F)F,CC1=CC(=C(C(=C1)C)S(=O)(=O)NC2=CC=C(C=C2)O)C,0,0.7834394904458599
CC1=CC=CC(C)=C1NC(=O)CN1CCCCCC1,CC1=CC(=C(C(=C1)C)NC(=O)CN2CCCCCC2)C,0,0.9371980676328503
C(CC1=CC=CC=C1)NC1=NC(=CS1)C1=CC=CC=C1,C1=CC=C(C=C1)CCNC2=NC(=CS2)C3=CC=NC=C3,0,0.8484288354898336
CN1C2=C(N(CCOC(=O)C(C)(C)OC3=CC=C(Cl)C=C3)C=N2)C(=O)N(C)C1=O,CN1C2=C(C(=O)N(C1=O)C)N(C=N2)CCOC3=CC=C(C=C3)OC,0,0.8179297597042514
CC1=CC=CC(CN2CCN(CC2)[C@@H](C2=CC=CC=C2)C2=CC=C(Cl)C=C2)=C1,CC1=CC(=CC=C1)CN2CCN(CC2)C(C3=CC=CC=C3)C4=CC=C(C=C4)Cl.Cl,0,1.0
NS(=O)(=O)C1=CC=C(C=C1)C(O)=O,C1=CC(=CC=C1C(=O)O)S(=O)(=O)N,0,1.0
CCN(CC)S(=O)(=O)C1=CC=C(C=C1)C(O)=O,CCN(CC)S(=O)(=O)C1=CC=C(C=C1)C(=O)O,0,1.0
CCCN(CCC)S(=O)(=O)C1=CC=C(C=C1)C(O)=O,CCCN(CCC)S(=O)(=O)C1=CC=C(C=C1)C(=O)O,0,1.0
CCOC(=O)C1=CC=C(O)C=C1,COC(=O)C1=CC=C(C=C1)O,0,0.8755980861244019
CCCOC(=O)C1=CC=CC=C1,C1=CC=C(C=C1)C(=O)OCCCCOC(=O)C2=CC=CC=C2,0,0.8910891089108911
CC[C@@]1(NC(=O)N(C)C1=O)C1=CC=CC=C1,CCC1(C(=O)N(C(=O)N1)CC#N)C2=CC=CC=C2,0,0.880801687763713
CCN1C(=O)N[C@@H](C1=O)C1=CC=CC=C1,CC1(C(=O)N(C(=O)N1)CC#N)C2=CC=CC=C2,0,0.7134292565947242
CCOC(=O)C1=CC=C(N)C=C1,CC(C)OC(=O)C1=CC=C(C=C1)N,0,0.9251101321585903
CC(=O)NC1=CC=C(C=C1)C(=O)NC(C)(C)C,CC(=O)NC1=CC=C(C=C1)C(=O)NCCOC,0,0.819718309859155
CCOC1=C(C=CC=C1)C(N)=O,C#CCOC1=CC=CC=C1C(=O)N,0,0.927710843373494
CCN(CC)CC(=O)NC1=C(C)C=CC=C1C,CCN(CC)CC(=O)NC1=C(C=CC=C1C)C.Cl,0,1.0
C(N1CCN(CC1)C1=NC=CC=C1)C1=NC2=C(N1)C=CC=C2,C1CN(CCN1CC2=NC3=CC=CC=C3N2)C4=CC=CC=N4,0,1.0
CC(C)(C)NC[C@H](O)COC1=C(Cl)C=CC(Cl)=C1,C1=CC(=C(C=C1Cl)OCCCNCCO)Cl,0,0.7906976744186046
CC(=O)NC1=CC=C(NC(=S)NC(=O)C2=CC=C(C=C2)C(C)(C)C)C=C1,CC(C)(C)C1=CC=C(C=C1)C(=O)NC(=S)NC2=CC=C(C=C2)N3CCOCC3,0,0.8170515097690941
CN1C=NC2=C1C(=O)NC(=O)N2C,CN1C2=C(NC1=O)N(C(=O)N(C2=O)C)C,0,0.8493150684931506
COC1=C(O)C=CC(CC=C)=C1,COC1=C(C=C(C=C1)CC=C)OC,0,0.939622641509434
NS(=O)(=O)C1=C(Cl)C=C2NCNS(=O)(=O)C2=C1,C1NC2=CC(=C(C=C2S(=O)(=O)N1)S(=O)(=O)N)Cl,0,1.0
CN(C)C(=S)SSC(=S)N(C)C,CN(C)C(=S)SSC(=S)N(C)C,0,1.0
OC(=O)CCCC1=CNC2=C1C=CC=C2,CCOC(=O)CCCC1=CNC2=CC=CC=C21,0,0.9415730337078652
CC(C)NC[C@H](O)C1=CC=C(C=C1)[N+]([O-])=O,CC(=O)NCC(C1=CC=C(C=C1)[N+](=O)[O-])O,0,0.8717948717948718
OC(=O)CN1C(=O)C2=CC=CC3=CC=CC(C1=O)=C23,C#CCOC(=O)CN1C(=O)C2=CC=CC3=C2C(=CC=C3)C1=O,0,0.9174917491749175
CC1=C(OCCCC(=O)NO)C=CC(Cl)=C1,CC1=C(C=CC(=C1)Cl)OCCCC(=O)NO,0,1.0
C=CC(=O)NCC1=CC=CC=C1,C1=CC=C(C=C1)CNC(=O)/C=C\C(=O)O,0,0.7149532710280374
CC(=O)NC1=NN(C(C)=O)[C@@](C)(S1)C1=CC=CC=C1,CC(=O)NC1=NN(C(S1)(C)C2=CC=CC=C2)C(=O)C,0,1.0
COC(=O)C1=C(C)NC(C)=C(C1C1=C(OC(F)F)C=CC=C1)C(=O)OC,CCOC(=O)C1=C(NC(=C(C1C2=C(C=CC(=C2)N)OC(F)F)C(=O)OCC)C)C,0,0.9204244031830239
C(C1=NCCN1)C1=CC=CC2=CC=CC=C12,C1CN=C(N1)CC2=CC=CC3=CC=CC=C32.Cl,0,1.0
CC1=CC(=O)OC2=C1C=CC(O)=C2,CC1=CC(=O)OC2=C1C=CC(=C2)OC(C)C,0,0.8560460652591171
CCN1C=NC(C(=O)NC)=C1C(=O)NC,COC(=O)C1=C(N=CN1CC(COC2=CC=CC=C2)O)C(=O)NCC3=CC=CC=C3,0,0.5167724388032638
CCS(=O)(=O)CCN1C(C)=NC=C1[N+]([O-])=O,CCS(=O)(=O)CCN1C(=NC=C1[N+](=O)[O-])C,0,1.0
COC1=CC(NS(=O)(=O)C2=CC=C(N)C=C2)=NC(OC)=N1,COC1=NC(=NC(=C1)NS(=O)(=O)C2=CC=C(C=C2)N)OC,0,1.0
O[C@@H](CC1=CC=NC=C1)C(Cl)(Cl)Cl,C1CC1C2=CC=[N+](C=C2)[O-],0,0.37786259541984735
OC1=CC=C(C=C1)C1(OS(=O)(=O)C2=C1C=CC=C2)C1=CC=C(O)C=C1,CC1=C/C(=C(\C2=CC(=C(C=C2)O)C)/C3=CC=CC=C3S(=O)(=O)O)/C=CC1=O,0,0.4674502712477396
NCCCC(O)(P(O)(O)=O)P(O)(O)=O,C[C@@H]1[C@@H](O1)P(=O)([O-])[O-].[Ca+2],0,0.2724867724867725
OC12CC3CC(C1)C(=O)C(C3)C2,CC(=O)[C@H]1CC[C@@H]2[C@@]1(CC(=O)[C@H]3[C@H]2CC[C@@H]4[C@@]3(CC[C@H](C4)O)C)C,0,0.5680933852140078
OC(=O)C1=CC(=NC2=CC=CC=C12)C1=CC=CC=C1,C1=CC=C(C=C1)C2=NC3=CC=CC=C3C(=C2)C(=O)O,0,1.0
COC1=CC2=C(C=C1)N(C(=O)C1=CC=C(Cl)C=C1)C(C)=C2CC(O)=O,CC1=C(C2=C(N1C(=O)C3=CC=C(C=C3)Cl)C=CC(=C2)OC)CC(=O)O,0,1.0
COC1=CC2=C(C=C1)C(C)(C)C(=O)N(CCC1=CC=C(C=C1)S(=O)(=O)NC(=O)NC1CCCCC1)C2=O,CC1(C2=C(C=C(C=C2)OC)C(=O)N(C1=O)CCC3=CC=C(C=C3)S(=O)(=O)NC(=O)NC4CCCCC4)C,0,1.0
NC1=C2CCCCC2=NC2=CC=CC=C12,C1CCC2=NC3=CC=CC=C3C(=C2C1)N.Cl,0,1.0
CC1=CC(C)=NC(NS(=O)(=O)C2=CC=C(N)C=C2)=N1,CC1=CC(=NC(=N1)NS(=O)(=O)C2=CC=C(C=C2)N)C,0,1.0
CCN(CC)C1=CC(C)=NC2=NC=NN12,CCN(CC)C1=CC(=NC2=NC=NN12)C,0,1.0
CC1(C)CC(=O)C([C@H]2C3=C(OC4=C2C(=O)CC(C)(C)C4)C=CC=C3)C(=O)C1,CC1(CC(=O)C(C(=O)C1)C2C3=CC=CC=C3OC4=C2C(=O)CC(C4)(C)C)C,0,1.0
NN1C=NC2=CC3=CC=CC=C3C=C2C1=O,C1=CC=C2C=C3C(=CC2=C1)C(=O)N(C=N3)N,0,1.0
NNC(=O)CN1C2=C(C=C(Br)C=C2)C(=NCC1=O)C1=CC=CC=C1,C1C(=O)N(C2=C(C=C(C=C2)Br)C(=N1)C3=CC=CC=C3)CC(=O)NN,0,1.0
C1CN(CCO1)SC1=NC2=C(S1)C=CC=C2,C1COCCN1SC2=NC3=CC=CC=C3S2,0,1.0
CC1=CC=CC(C)=C1NC1=NCCCS1,CC1=C(C(=CC=C1)C)NC2=NCCCS2,0,1.0
CN1CCC2=C(C1)C1=C(C=CC=C1)N2CC1=CC=CC=C1,CN1CCC2=C(C1)C3=CC=CC=C3N2CC4=CC=CC=C4.Cl,0,1.0
NC1=CC=C(C=C1)S(N)(=O)=O,C1=CC=C(C=C1)S(=O)(=O)[NH-].[Na+],0,0.7365591397849462
OC(=O)CCNC(=O)C1=CC=CC=C1,C1=CC=C(C=C1)C(=O)NCCC(=O)O,0,1.0
OC(=O)C1=C(C=CC=C1)C1=CC=C(C=C1)C(F)(F)F,C1=CC=C(C=C1)C2=C(C=C(C=C2C(=O)O)C(=O)O)C(=O)O,0,0.6826347305389222
O=C1CNC(=O)CN1,COCCNC(=O)C(=O)NCCN1CCNCC1.O,0,0.37988826815642457
NC(=O)CN1CCCC1=O,C1CC(=O)N(C1)CC(=O)N,0,1.0
CN1N(C(=O)C(N)=C1C)C1=CC=CC=C1,CC1=C(C(=O)N(N1C)C2=CC=CC=C2)NC=C(C#N)C#N,0,0.811088295687885
S=C=NCC1=CC=CC=C1,C1=CC=C(C=C1)C(=O)N,0,0.43448275862068964
Cl.C[C@H](N)C12CC3CC(CC(C3)C1)C2,CC(C12CC3CC(C1)CC(C3)C2)N.Cl,0,1.0
CC(=O)NC1=C(I)C(C(O)=O)=C(I)C(NC(C)=O)=C1I,CC(=O)NC1=C(C(=C(C(=C1I)C(=O)[O-])I)NC(=O)C)I.[Na+],0,1.0
NC1=NC2=C(S1)C=CC1=CC=CC=C21,CC(=O)NC1=NC2=C(S1)C=CC3=CC=CC=C32,0,0.7753378378378378
OC(=O)C1=C(NC(=O)C23CC4CC(CC(C4)C2)C3)C=CC=C1,COC(=O)C1=CC=CC=C1NC(=O)C2CCCC2,0,0.8102564102564103
OC1CNC(C1)C(O)=O,C1CC(=O)NC1C(=O)O,0,0.5159010600706714
O=C(CC#N)C1=CC=CC=C1,C1=CC=C(C=C1)CCCC(=O)C2=CC=CC=C2,0,0.6826923076923077
CC(=O)NCCCCCC(O)=O,CC(=O)NCCCCCCNC(=O)C,0,0.6476190476190476
NS(=O)(=O)C#CC1=CC=CC=C1,C1=CC=C(C=C1)C#CP(=O)(O)O,0,0.2809917355371901
CN(C)CC1=CNC2=C1C=CC=C2,CCN(CC)CC1=CNC2=CC=CC=C21,0,0.9097387173396675
CC1=CC=CC(C(O)=O)=C1O,C1=CC=C(C(=C1)C(=O)O)O,0,0.7653846153846153
NC1=CC=C(C=C1)S(=O)(=O)NC1=NC2=CC=CC=C2N=C1,C1=CC=C2C(=C1)N=CC(=N2)NS(=O)(=O)C3=CC=C(C=C3)N,0,1.0
OC(=O)C1=CC(=O)C2=C(O1)C=CC=C2,C1=CC=C2C(=C1)C(=O)C=C(O2)C(=O)O,0,1.0
OC1=CC=C(C2=CC=CN=C12)[N+]([O-])=O,C1=CC2=C(C=CC(=C2N=C1)O)[N+](=O)[O-],0,1.0
S=C=NCCC1=CC=CC=C1,C1=CC=C(C=C1)CCNN.OS(=O)(=O)O,0,0.5675675675675675
OC1=CC=CC2=CC=CN=C12,C1=CC2=C(C(=C1)O)N=CC=C2,0,1.0
CCN1C=C(C(O)=O)C(=O)C2=CC(F)=C(C=C12)N1CCNCC1,CCN1C=C(C(=O)C2=CC(=C(C=C21)N3CCNCC3)F)C(=O)O,0,1.0
OC(=O)C1=CN(C2CC2)C2=CC(N3CCNCC3)=C(F)C=C2C1=O,CCN1CCN(CC1)C2=C(C=C3C(=C2)N(C=C(C3=O)C(=O)O)C4CC4)F,0,0.9865107913669064
CC(=O)NC1=CC=C(O)C=C1,CCOC1=CC=C(C=C1)NC(=O)C,0,0.7671232876712328
SC(=S)N1CCCC1,C1CCN(C1)C(=S)SCC(=O)O,0,0.45754716981132076
OC1=C(CC2=C(O)C=CC3=CC=CC=C23)C2=CC=CC=C2C=C1,CC(=O)NC(C1=CC=CC=C1)C2=C(C=CC3=CC=CC=C32)O,0,0.5522388059701493
CC(=O)N[C@@H](CC1=CC=CC=C1)C(O)=O,CC(=O)NC(CC1=CC=CC=C1)C(=O)O,0,1.0
OC(=O)CCCC[C@H]1CCSS1,C1CSSC1CCCCC(=O)O,0,1.0
OC(C1CCNCC1)(C1=CC=CC=C1)C1=CC=CC=C1,C1CNCCC1C(C2=CC=CC=C2)(C3=CC=CC=C3)O,0,1.0
CC(=O)NC1=CC=C(C=C1)C(O)=O,C=CCNC1=CC=C(C=C1)C(=O)O,0,0.8093385214007782
CC(C)C(N)=O,CCC(=O)NCCCCNC(=O)CC,0,0.2875
CNCCC1=NC=CC=C1,CNCCC1=CC=CC=N1.Cl,0,1.0
CCOC(=O)C1=C(C)NC(=S)N[C@H]1C1=CC(O)=CC=C1,CC1=C(C(NC(=S)N1)C2=CC(=C(C=C2)OC(C)C)OC)C(=O)OC(C)C,0,0.8894927536231884
COC1=CC(O)=C(C=C1)C(C)=O,CC(=O)C1=CC(=C(C=C1O)OC)OC,0,0.7211055276381909
C[C@H](N)CC1=CC=C(O)C=C1,C1=CC(=CC=C1CCN)O,0,0.7950310559006211
CCN1C(=O)NC2=C1C=CC=C2,CCCN1C2=CC=CC=C2NC1=O,0,0.9155844155844156
OC(=O)CCC1=NC2=C(N1)C=CC=C2,C1=CC=C2C(=C1)NC(=N2)CCCO,0,0.903114186851211
NC(=O)C1=CC(=CC(=C1)[N+]([O-])=O)[N+]([O-])=O,C1CC1CNC(=O)C2=CC(=CC(=C2)[N+](=O)[O-])[N+](=O)[O-],0,0.7640918580375783
CCCCOC(=O)C1=CC=C(N)C=C1,CCCCOC(=O)C1=CC=C(C=C1)N,0,1.0
N[C@@H](CC1=CC=C(O)C=C1)C(O)=O,COC(=O)[C@H](CC1=CC=C(C=C1)O)N,0,0.8694029850746269
NC1=CC=C(C=C1)C(O)=O,C=CCNC1=CC=C(C=C1)C(=O)O,0,0.6919642857142857
CC(C)C1=C(O)C=C(C)C=C1,CC1=CC(=C(C=C1)C(C)C)OCCN.Cl,0,0.6099071207430341
NC1=CC(C(O)=O)=C(O)C=C1,C1=CC(=CC(=C1)N=NC2=CC(=C(C=C2)O)C=O)C(=O)O,0,0.703125
OC1=CC2=CC=CC=C2C=C1,C1=CC2=CC3=C(C(=CC=C3)O)C(=C2C(=C1)O)O,0,0.5844155844155844
OC(=O)CCCCCCCC(O)=O,C(CCCC(=O)O)CCCC(=O)O,0,1.0
OC(=O)CCCCC(O)=O,C(CCCC(=O)O)CCCC(=O)O,0,0.7796610169491526
OC(=O)CCC(=O)C(O)=O,COC(=O)CCC(=O)CN.Cl,0,0.3708609271523179
OC1=CC=C(O)C=C1,C1=CC(=CC=C1O)OC2=CC=C(C=C2)OC3=CC=C(C=C3)O,0,0.44660194174757284
CC(C)(C)C1=CC=C(O)C=C1,C1=CC(=CC=C1CCN)O,0,0.6583850931677019
OC(=O)C1=CC=CN=C1C(O)=O,COC(=O)C1=CN=C(C=C1)C(=O)O,0,0.5627376425855514
O[C@@H](C(=O)C1=CC=CC=C1)C1=CC=CC=C1,CN(C)C1=CC=C(C=C1)C(=O)C(C2=CC=CC=C2)O,0,0.7621483375959079
O=C1OC2=C(C=CC=C2)C=C1,C1=CC=C2C(=C1)C=CC(=O)O2,0,1.0
CCOC(=O)C1=C(C)N(C)C2=C1C=C(O)C=C2,CC1=C(C2=C(N1C)C=CC(=C2)OC)C(=O)OCCN(C)C.Cl,0,0.9378818737270875
ClC1=CC2=C(OC(=O)N2)C=C1,C1=CC2=C(C=C1Cl)NC(=O)O2,0,1.0
OC1=CC=C(C=C1)C1=C(O)C(=O)C2=C(O1)C=C(O)C=C2O,C1=CC(=C(C=C1C2=C(C(=O)C3=C(C=C(C=C3O2)O)O)O)O)O.O,0,0.9447004608294931
CC1=CC(NS(=O)(=O)C2=CC=C(N)C=C2)=NO1,CC1=CC(=NO1)NS(=O)(=O)C2=CC=C(C=C2)N,0,1.0
NC1=CC=C(C=C1)S(=O)(=O)NC1=NC=CS1,CC(=O)NC1=CC=C(C=C1)S(=O)(=O)NC2=NC=CS2,0,0.8650190114068441
CC(=O)NS(=O)(=O)C1=CC=C(N)C=C1,CC(=O)NS(=O)(=O)C1=CC=C(C=C1)N,0,1.0
OC1=C(C=CC=C1)C(=O)OC1=CC=CC=C1,COC1=CC=CC=C1C(=O)OC2=CC3=C(C=CC(=C3)O)C=C2,0,0.7643020594965675
COC1=C(O)C=CC(=C1)C(C)=O,CCC(=O)C1=CC(=C(C=C1)O)OC,0,0.8772455089820359
C(NC1=NC=NC2=C1N=CN2)C1=CC=CO1,C1=COC(=C1)CNC2=NC=NC3=C2NC=N3,0,1.0
NC(=N)NC(=N)NC1=CC=CC=C1,CC1(N=C(NC(=N1)NC2=CC=CC=C2)N)C,0,0.49865951742627346
C(CC1=CC=CC=C1)NCC1=CC=CC=C1,C1=CC=C(C=C1)CCNCC2=CC=CC=C2.Cl,0,1.0
CCCCC1C(=O)N(N(C1=O)C1=CC=CC=C1)C1=CC=CC=C1,CCCCC1C(=O)N(N(C1=O)C2=CC=CC=C2)C3=CC=CC=C3,0,1.0
C[C@H](N)C(O)=O,C(CC(=O)O)CN,0,0.45614035087719296
OC(=O)CN1C2=C(C=CC=C2)C(=O)C2=C1C=CC=C2,C1=CC=C2C(=C1)C(=O)C3=CC=CC=C3N2CC(=O)O,0,1.0
OC(=O)CC1=C(NC2=C(Cl)C=CC=C2Cl)C=CC=C1,C1=CC=C(C(=C1)CC(=O)[O-])NC2=C(C=CC=C2Cl)Cl.[Na+],0,1.0
CCOC1=C(O)C=CC(C=O)=C1,COC1=C(C=C(C=C1)C=O)O,0,0.7584905660377359
COC1=C(O)C=CC(C=O)=C1,COC1=C(C=C(C=C1)C=O)O,0,0.8777292576419214
OC1=C(I)C=C(I)C2=CC=CN=C12,C1=CC2=C(C(=C(C=C2I)I)O)N=C1,0,1.0
COC1=CC(C=O)=C(C=C1OC)[N+]([O-])=O,COC1=C(C=C(C(=C1)C(=O)C2=CC=CC=C2)[N+](=O)[O-])OC,0,0.7510094212651414
OC1=C(C=C(Cl)C=C1)C(=O)NC1=C(Cl)C=C(C=C1)[N+]([O-])=O,CC1=CC(=CC(=C1OC(=O)C)C(=O)NC2=C(C=C(C=C2)[N+](=O)[O-])Cl)Cl,0,0.7657004830917874
NC(=O)C1=C(Cl)C=C(C=C1)[N+]([O-])=O,C1=CC=C(C=C1)CCCNC(=O)C2=C(C=C(C=C2)[N+](=O)[O-])Cl,0,0.7286527514231499
OCC1=NC=CC=C1,C1=CC(=C(N=C1)CO)O,0,0.5686274509803921
[Cl-].C[N+]1=C(C=NO)C=CC=C1,C[N+]1=CC=CC=C1/C=N/O.[I-],0,1.0
O=C1CCCCCCCCCCCCCCO1,COC(=O)CCCCCCCC=C,0,0.6666666666666666
[O-][N+](=O)OCCNC(=O)C1=CN=CC=C1,C1=CC(=CN=C1)C(=O)NCCO[N+](=O)[O-],0,1.0
NNC(=O)C1=CC=NC=C1,C1=CN=CC=C1C(=O)NN,0,1.0
[O-][N+](=O)C1=CC2=C(C=CS2(=O)=O)C=C1,C1CCN(CC1)C2=CS(=O)(=O)C3=CC=CC=C32,0,0.49896265560165975
OC(=O)C1=CC2=CC=CC(=C2N1)[N+]([O-])=O,CCCCNC(=O)C1=CC2=C(N1)C(=CC=C2)[N+](=O)[O-],0,0.7115839243498818
O=C(CC1=CC=C(C=C1)C1=CC=CC=C1)NC1=NC=CC=C1,C1=CC=C(C=C1)C2=CC=C(C=C2)CC(=O)NC3=CC=CC=N3,0,1.0
CCN(CC)C(=O)N1CCN(C)CC1,CCN(CC)C(=O)N1CCN(CC1)C(=O)N(CC)CC,0,0.9615384615384616
COC1=CC(=CC(OC)=C1OC)C(=O)NCC1=CC=C(OCCN(C)C)C=C1,COC1=CC(=CC(=C1OC)OC)C(=O)NCCOC2=CC=CC=C2,0,0.8466019417475729
COC1=C(OC)C=C(C=C1)C(=O)NCC1=CC=C(OCCN(C)C)C=C1,C1COC2=C(O1)C=CC(=C2)C(=O)NCC3=CC=CC=C3,0,0.8488612836438924
OC1=C(C=CC=C1)C(=O)NC1=CC=CC=C1,C1=CC=C(C=C1)NC(=O)C2=CC=CC=C2O,0,1.0
COC1=C(OC[C@@H](O)CN2CCN(CC(=O)NC3=C(C)C=CC=C3C)CC2)C=CC=C1,CC1=C(C(=CC=C1)C)NC(=O)C[N+](C)(C)CC(COC2=CC=CC3=CC=CC=C32)O.[Cl-],0,0.7336309523809523
NC(=O)C1=C(O)C=CC=C1,C1=CC=C(C(=C1)C(=O)N)O,0,1.0
NS(=O)(=O)NCC1=CSC2=C1C=CC=C2,CCN(CCO)CC1=CSC2=CC=CC=C21.Cl,0,0.6028622540250447
O=C(NCCN1CCN(CC1)C1=NC=CC=N1)C12CC3CC(CC(C3)C1)C2,C1CCC(CC1)C(=O)N2CCN(CC2)C3=NC=CC=N3,0,0.779874213836478
NC1=C(C=CC=C1)S(N)(=O)=O,C1=CC=C(C=C1)S(=O)(=O)[NH-].[Na+],0,0.5708333333333333
COC(=O)NC1=NC2=C(N1)C=CC=C2,CC(=O)NC1=NC2=CC=CC=C2N1,0,0.7333333333333333
COC1=C(OC)C=C2C(N)=NC(=NC2=C1)N1CCN(CC1)C(=O)[C@@H]1COC2=C(O1)C=CC=C2,COC1=C(C=C2C(=C1)C(=NC(=N2)N3CCN(CC3)C(=O)[C@H]4COC5=CC=CC=C5O4)N)OC,0,1.0
CCCCCOC(=O)C1=CC=C(C=C1)N(C)C,CCCCCCOC(=O)C1=CC=C(C=C1)N,0,0.8246753246753247
CC1=CC=CC(C)=C1NC(=O)CN1CCCC1=O,CC1=C(C=CC(=C1)Br)NC(=O)CN2C(=O)CCC2=O,0,0.7923809523809524
BrC1=C(NC2=NCCN2)C=CC2=NC=CN=C12,C1CN=C(N1)NC2=C(C3=NC=CN=C3C=C2)Br,0,1.0
NC1=C2N=CN([C@@H]3O[C@H](CO)[C@@H](O)[C@@H]3O)C2=NC(F)=N1,C1=NC2=C(N=C(N=C2N1[C@H]3[C@H]([C@@H]([C@H](O3)CO)O)O)F)N,0,1.0
CCC1=C(C)NC2=C1C(=O)[C@@H](CN1CCOCC1)CC2,CC1=C(C2=C(N1O)CC(CC2=O)(C)C)CC(Cl)(Cl)Cl,0,0.6419098143236074
C[C@H](N)CC1=CC=CC(O)=C1,C1=CC(=C(C=C1CCN)O)O.Cl,0,0.6607929515418502
CC(C)(OC1=CC=C(Cl)C=C1)C(=O)N1CSC[C@H]1C(O)=O,CC(C)(C(=O)NC1CCSC1=O)OC2=CC=C(C=C2)Cl,0,0.5951468710089399
C[C@H](N)COC1=C(C)C=CC=C1C,CC1=C(C(=CC=C1)C)OCCCCCNCCO,0,0.7588652482269503
CS(=O)(=O)C1=CC=C(C=C1)C1=CN2C=CC=CC2=N1,CN(C)S(=O)(=O)C1=CC=C(C=C1)C2=CN3C=CC=CC3=N2,0,0.7929515418502202
CCCC1=CC=C(C=C1)C(O)=O,CCC1=CC=C(C=C1)C(=O)O,0,0.88268156424581
CCN1CCC[C@@H]1CNC(=O)C1=C(OC)C=CC(=C1)S(N)(=O)=O,CCN1CCC[C@H]1CNC(=O)C2=C(C=CC(=C2)S(=O)(=O)N)OC,0,1.0
OC(=O)[C@H](CC1=CNC2=C1C=CC=C2)NC(=O)C1=CC=C(Cl)C=C1,C1=CC=C2C(=C1)C(=CN2)C[C@@H](C(=O)O)NC(=O)C3=CC=C(C=C3)Cl,0,1.0
OC(=O)CNC(=O)C1=CC=CC=C1,CCOC(=O)CNC(=O)C1=CC=CC=C1,0,0.8494208494208494
CC(C)(C)C(=O)NCCCC(O)=O,C1CCN(C1)C(=O)CCC(=O)O,0,0.5128205128205128
NCC1=CC=C(C=C1)S(N)(=O)=O,CC(=O)O.C1=CC(=CC=C1CN)S(=O)(=O)N,0,0.947136563876652
OCC1=CNC2=C1C=CC=C2,C1=CC=C2C(=C1)C(=CN2)CCO,0,0.6191588785046729
C(N1CCN(CC1)C1=NC2=C(S1)C=CC=C2)C1=CC2=C(OCO2)C=C1,COC1=CC=C(C=C1)CN2CCN(CC2)C3=NC4=CC=CC=C4S3,0,0.8580024067388689
NNC1=NN=CC2=CC=CC=C12,C1=CC=C2C(=C1)C(=NN=C2N)N,0,0.7272727272727273
CC(C)(C(O)=O)C1=CC=C(C=C1)[C@@H](O)CCCN1CCC(CC1)C(O)(C1=CC=CC=C1)C1=CC=CC=C1,CC(C)(C1=CC=C(C=C1)[C@@H](CCCN2CCC(CC2)C(C3=CC=CC=C3)(C4=CC=CC=C4)O)O)C(=O)O,0,1.0
[Cl-].CCCCCCCCCCCCCCCC[N+]1=CC=CC=C1,C1=CC=[N+](C=C1)CCCC[N+]2=CC=CC=C2.[Br-],0,0.8260869565217391
OC(=O)C1=CC2=C(S1)C=CC=C2,CCOC(=O)C1=CC2=C(S1)C3=CC=CC=C3C=C2.C(CCC(=O)O)CC(=O)O,0,0.7218045112781954
NC1=NC2=C(O1)C=CC(Cl)=C2,C1=CC2=C(C=C1Cl)NC(=O)O2,0,0.6383399209486166
CNC(=O)C1=NC=CC(OC2=CC=C(NC(=O)NC3=CC(=C(Cl)C=C3)C(F)(F)F)C=C2)=C1,COC1=CC=CC(=C1)C(=O)NC2=CC(=C(C=C2)Cl)C(F)(F)F,0,0.5056947608200456
Cl.CC(C)NC[C@H](O)COC1=CC=CC2=CC=CC=C12,C1CCN(C1)CC(COC2=CC=CC3=CC=CC=C32)O,0,0.834375
CC(=O)NC1=CC=C(CC(O)=O)C=C1,CC(=O)NC1=CC=C(C=C1)CC(=O)O,0,1.0
CC1=NOC(NS(=O)(=O)C2=CC=C(N)C=C2)=C1C,CC1=C(ON=C1C)NS(=O)(=O)C2=CC=C(C=C2)N,0,1.0
CN1C(C)=NC=C1[N+]([O-])=O,CC1=NC=C(N1CCO)[N+](=O)[O-],0,0.6994106090373281
CC(=O)N1CCC(CC1)NC(=O)C1=CC=C(F)C=C1,C1CN(CCC1NC(=O)C2=CC=CC=C2)CC3=CC=C(C=C3)F,0,0.7933491686460807
O[C@@H](CC(O)=O)C(O)=O,C(C(C(=O)O)O)C(=O)O,0,1.0
NC1=CC=NC=C1,C1=CN=CC=C1N,0,1.0
CC1=CC=C(O)C=C1,C1=CC(=CC=C1CCN)O,0,0.5859375
O[C@@H](C(O)=O)C1=CC=CC=C1,C1=CC=C(C=C1)C(C(=O)O)O.C1=CC=C(C=C1)C(C(=O)O)O,0,1.0
OC(=O)[C@@H]1CSCN1,CCCCC1NC(CS1)C(=O)O,0,0.4937106918238994
N.N.N.OC(=O)CC(O)(CC(O)=O)C(O)=O,CCN(CCCC1=CC=CC=C1)CCCC2=CC=CC=C2.C(C(=O)O)C(CC(=O)O)(C(=O)O)O,0,0.6208955223880597
CC1=CC=CC(O)=C1,C1=CC(=C(C=C1C=O)O)O,0,0.5308641975308642
CC1=CC(=C(O)C(=C1)C(C)(C)C)C(C)(C)C,CC1=CC(=C(C(=C1)C(C)(C)C)O)C(C)(C)C,0,1.0
OC1=CC(O)=CC=C1,COC1=CC=CC=C1O,0,0.375
C[Si](C)(C)O[Si](C)(C)C,C[Si](C)(C)N1C=CN=C1,0,0.04516129032258064
NCCCC(O)=O,C(CC(=O)O)CN,0,1.0
NCC(O)=O,C(CC(=O)O)CN,0,0.36
OC1=CC2=C(SC(=O)O2)C=C1,C1CCC(CC1)NC(=O)OC2=C(C=C3C(=C2)OC(=O)S3)Br,0,0.5562659846547314
CC1=C(Cl)C=CC(O)=C1,CC1=C(C=CC(=C1)OCC(CN)O)Cl,0,0.5381944444444444
CC1=NC=C(CO)C(CO)=C1O,CC1=NC=C(C(=C1O)COC)CCl,0,0.6859083191850595
OC(=O)C1=CC(O)=C(O)C(O)=C1,C1=CC(=C(C=C1C(=O)O)O)O,0,0.924
CCCCCCCCCCCC(O)=O,C(CCCC(=O)O)CCCC(=O)O,0,1.0
CCOC(=O)C(C)=O,CCCC(=O)OCC[N+](C)(C)C.[Cl-],0,0.3191489361702128
CC1=CNN=C1,CC1=C(C(=NN1)C)CCN.Cl,0,0.23195876288659795
OC(=O)C1=C(O)C=C(NC(=O)C2=CC=CC=C2)C=C1,C1=CC=C(C=C1)C(=O)NC2=CC(=C(C=C2)C(=O)O)O,0,1.0
CC1=C(C=C(C=C1C(N)=O)[N+]([O-])=O)[N+]([O-])=O,CC1=CC(=NO1)NC(=O)C2=C(C(=CC(=C2)[N+](=O)[O-])[N+](=O)[O-])C,0,0.6829573934837093
C1CCC(CC1)NC1CCCCC1,C1CCC(CC1)NCCC(=O)O,0,0.626984126984127
CN1CCN(CC1)C1=NC2=CC=CC=C2N=C1Cl,CCCCNC1=NC2=CC=CC=C2N=C1Cl,0,0.722662440570523
OC(=O)CCC(=O)C1=CC=C(C=C1)C1=CC=CC=C1,C1=CC=C(C=C1)C2=CC=C(C=C2)C(=O)CCC(=O)O,0,1.0
CCC1(C)CC(=O)NC(=O)C1,CC(C)(C)CC(=O)NCCCCCCNC(=O)CC(C)(C)C,0,0.6198830409356725
COC1=CC=C(CN2CCNCC2)C(OC)=C1OC,COC1=C(C(=C(C=C1)CN2CCNCC2)OC)OC.Cl,0,1.0
