smiles,title,cid
CC(C)NC[C@H](O)C1=C(Cl)C=CC=C1,(R)-Clorprenaline,36688586.0
CN(CC#C)CC1=CC=CC=C1,Pargyline,4688.0
CCCCCNCC(N)=O,Milacemide,53569.0
OCCCNC1=CC=CC=C1,3-Anilino-1-propanol,410467.0
CC1=CC(OC[C@H]2CNC(=O)O2)=CC(C)=C1,"(5R)-5-[(3,5-Dimethylphenoxy)methyl]-1,3-oxazolidin-2-one",25271694.0
CCOC1=C(C=CC=C1)C(O)=O,2-Ethoxybenzoic acid,67252.0
OC1=C(Cl)C=C(Cl)C2=CC=CN=C12,Chloroxine,2722.0
CN1C2=C(N(CC(O)=O)C=N2)C(=O)N(C)C1=O,Acefylline,69550.0
CN1C2=C(N(CCO)C=N2)C(=O)N(C)C1=O,Etofylline,1892.0
CN1C=NC2=C1C(=O)N(C)C(=O)N2C,Caffeine,2519.0
NC(=O)C1=CC2=C(NC=C2)C=C1,1H-Indole-5-carboxamide,14973220.0
O=S(=O)(N1CCCNCC1)C1=CC=CC2=CN=CC=C12,Fasudil,3547.0
COC1=C(OC)C=C2C(N)=NC(=NC2=C1)N1CCN(CC1)C(=O)[C@@H]1CCCO1,"[4-(4-Amino-6,7-dimethoxy-2-quinazolinyl)-1-piperazinyl]-[(2S)-2-oxolanyl]methanone",969465.0
OC(=O)COCCN1CCN(CC1)[C@@H](C1=CC=CC=C1)C1=CC=C(Cl)C=C1,(S)-Cetirizine,150716.0
CC1=CC=C2C(Cl)=CC(Cl)=C(O)C2=N1,Chlorquinaldol,6301.0
COC1=CC2=C(NC=C2CCNC(C)=O)C=C1,Melatonin,896.0
CC1OC2=C(CC1N(C)C)C=CC=C2,Trebenzomine,32142.0
NC(=O)C1=CC(N)=CC=C1,3-Aminobenzamide,1645.0
NCCC1=NC=CC=C1,2-(2-Aminoethyl)pyridine,75919.0
N#CC1=NC=CC=N1,2-Cyanopyrimidine,2757979.0
COC1=CC2=C(C=C1)N=C(N2)SCC1=NC=C(C)C(OC)=C1C,Ufiprazole,155794.0
CCOC1=C(OC[C@H]2CNCCO2)C=CC=C1,(R)-Viloxazine,12226596.0
CC1=CC(O)=CC(C)=C1Cl,Chloroxylenol,2723.0
C1CNCCN1,Piperazine,4837.0
N[C@@H](CC1=CNC2=C1C=CC=C2)C(O)=O,Tryptophan,6305.0
OC(=O)[C@@H]1CCCN1,L-Proline,145742.0
CC1=C(O)C=C(C=C1)[N+]([O-])=O,2-Methyl-5-nitrophenol,93576.0
NC1=NC=CS1,2-Aminothiazole,2155.0
NCCCCN,Putrescine,1045.0
OCC1=C(O)C=CC=C1,Salicyl alcohol,5146.0
CC(C)C1=CC=CC(C(C)C)=C1O,Propofol,4943.0
OCCOCCOC(=O)C1=C(NC2=CC=CC(=C2)C(F)(F)F)C=CC=C1,Etofenamate,35375.0
S1C2=C(C=CC=C2)C2=C1C=CC=C2,Dibenzothiophene,3023.0
N1C2=C(SC3=C1C=CC=C3)C=CC=C2,Phenothiazine,7108.0
CCC(=O)C1=CC=C(O)C=C1,Paroxypropione,6271.0
N[C@@H](CCC(O)=O)C(O)=O,Glutamic acid,33032.0
CC(C)C[C@H](N)C(O)=O,Leucine,6106.0
CSCC[C@H](N)C(O)=O,Methionine,6137.0
CC(=O)OCC(COC(C)=O)OC(C)=O,Triacetin,5541.0
NCC1(CC(O)=O)CCCCC1,Gabapentin,3446.0
COC1=CC(=CC(OC)=C1OC)[C@H]1[C@@H]2[C@H](COC2=O)[C@@H](O)C2=C1C=C1OCOC1=C2,Podofilox,10607.0
OC[C@H]1O[C@H](O)[C@H](O)[C@@H](O)[C@@H]1O,alpha-D-Glucose,79025.0
[O-][N+](=O)C1=C2NN=CC2=CC=C1,7-Nitroindazole,1893.0
CC(C)(O)C(Cl)(Cl)Cl,Chlorobutanol,5977.0
CC1=C(CCCl)SC=N1,Clomethiazole,10783.0
CCC(C)(C)C(O)=O,"2,2-Dimethylbutyric acid",11684.0
CNCC(O)=O,Sarcosine,1088.0
OCCN(CCO)C1=NC(N2CCCCC2)=C2N=C(N=C(N3CCCCC3)C2=N1)N(CCO)CCO,Dipyridamole,3108.0
OC(=O)[C@@H]1CCC(=O)N1,L-Pyroglutamic acid,7405.0
OC(=O)CCCCCCCCC(O)=O,Sebacic acid,5192.0
CCCCCCC1=C(O)C=C(O)C=C1,Hexylresorcinol,3610.0
C[C@@H](O)[C@H](N)C(O)=O,L-Threonine,6288.0
OC1=CC=C(Cl)C=C1,4-Chlorophenol,4684.0
COC1=CC=C(O)C=C1,4-Methoxyphenol,9015.0
O[C@H]([C@@H](O)C(O)=O)C(O)=O,L(+)-Tartaric acid,444305.0
CCCCCCCCO,1-Octanol,957.0
COC1=C(O)C=CC=C1,Guaiacol,460.0
C=CC(=O)NC1=CC=CC=C1,N-Phenylacrylamide,221792.0
CC(=O)N[C@@H](CC1=CC=C(O)C=C1)C(O)=O,N-Acetyl-L-tyrosine,68310.0
COC1=CC=CC(NC(=O)C=C)=C1,N-(3-Methoxyphenyl)prop-2-enamide,4069606.0
OC(=O)C1=C(S)C=CC=C1,Thiosalicylic acid,5443.0
N[C@@H](CS)C(O)=O,Cysteine,5862.0
N[C@@H](CC(N)=O)C(O)=O,Asparagine,6267.0
N[C@H](CC1=CNC=N1)C(O)=O,D-Histidine,71083.0
O=C1NCCN[C@H]1C1=CC=CS1,(R)-3-Thiophen-2-YL-piperazin-2-one,52539209.0
CCC(C)C(N)C(O)=O,DL-Isoleucine,791.0
COC1=CC=C(NC(=O)C=C)C=C1,N-(4-Methoxyphenyl)acrylamide,82197.0
NC1=NC(=C(Br)C(=O)N1)C1=CC=CC=C1,Bropirimine,135413497.0
N[C@H](CO)C(O)=O,D-Serine,71077.0
C[C@@H](CC1=CC=CC=C1)N(C)CC#C,(+)-Selegiline,199605.0
[Cl-].CC(C)(C)CC(C)(C)C1=CC=C(OCCOCC[N+](C)(C)CC2=CC=CC=C2)C=C1,Benzethonium chloride,8478.0
NC(CO)(CO)CO,"2-Amino-2-hydroxymethyl-propane-1,3-diol",6503.0
CC(C)C1=CC(Cl)=C(C)C=C1O,Chlorothymol,6982.0
NCCS(O)(=O)=O,Taurine,1123.0
O=C1NC2=C(N1)C(=O)NC(=O)N2,Uric acid,1175.0
FC(F)(F)C1=CC(=CC=C1)[C@@H]1CNCCO1,(R)-2-(3-(Trifluoromethyl)phenyl)morpholine,76971764.0
CC1CCN(CCCC(=O)C2=CC=C(F)C=C2)CC1,Melperone,15387.0
C1CN=C(N1)C1=NC2=CC=CC=C2N=C1,"2-(4,5-Dihydro-1H-imidazol-2-yl)quinoxaline",4520732.0
CC1=CC=C(C=C1)S(=O)(=O)C1=CC=C(O1)[N+]([O-])=O,2-[(4-Methylphenyl)sulfonyl]-5-nitrofuran,394449.0
ClC1=CC=C(C=C1)C(=O)N(CC1=CC=CC=C1)C1CCCCC1,Fps-ZM1,24752728.0
NC[C@H](CC(O)=O)C1=CC=CC=C1,(R)-4-Amino-3-phenylbutanoic acid,685622.0
CC(C)C[C@H](NC(C)=O)C(O)=O,N-Acetyl-L-leucine,70912.0
OC(=O)C1=CC2=C(N1)C=CO2,"4H-Furo[3,2-b]pyrrole-5-carboxylic acid",7141881.0
CCCC(CCC)C(=O)NCC(N)=O,Valrocemide,6918293.0
CC(C)[C@H]1CC[C@@H](CC1)C(=O)N[C@@H](CC1=CC=CC=C1)C(O)=O,,
CC(C)[C@H]1CC[C@@H](CC1)C(=O)N[C@H](CC1=CC=CC=C1)C(O)=O,,
CC(=O)OC1=C(C=CC=C1)C(=O)NC1=NC=C(S1)[N+]([O-])=O,Nitazoxanide,41684.0
[O-][N+](=O)C1=C(C=CC(=C1)C(F)(F)F)C(=O)C1C(=O)CCCC1=O,Nitisinone,115355.0
CCN(CC)C(=S)SSC(=S)N(CC)CC,Disulfiram,3117.0
CC1=C(CCN2CCC(CC2)C2=NOC3=C2C=CC(F)=C3)C(=O)N2CCCCC2=N1,Risperidone,5073.0
CC(C)(C#N)C1=CC(=CC(CN2C=NC=N2)=C1)C(C)(C)C#N,Anastrozole,2187.0
COC1=CC(CC2=C(N)N=C(N)N=C2)=CC(OC)=C1OC,Trimethoprim,5578.0
CCCC1=NN(C)C2=C1N=C(NC2=O)C1=C(OCC)C=CC(=C1)S(=O)(=O)N1CCN(C)CC1,Sildenafil,135398744.0
COC1=CN=C(NS(=O)(=O)C2=CC=C(N)C=C2)N=C1,Sulfameter,5326.0
CC1=C(C=C(C#N)C(=O)N1)C1=CC=NC=C1,Milrinone,4197.0
NC[C@H](CC(O)=O)C1=CC=C(Cl)C=C1,Arbaclofen,44602.0
Cl.CN1CCC[C@@H]1CCOC(C)(C1=CC=CC=C1)C1=CC=C(Cl)C=C1,,
CC(C)CC1=CC=C(C=C1)[C@@H](C)C(=O)NCCO,(2R)-N-(2-Hydroxyethyl)-2-[4-(2-methylpropyl)phenyl]propanamide,11391028.0
C[C@@H](C(=O)NC1=NC=CC(C)=C1)C1=CC=CC(=C1)C(=O)C1=CC=CC=C1,"Piketoprofen, (-)-",68571753.0
ClC1=C(Cl)C(=CC=C1)N1CCN(CCCCOC2=CC3=C(CCC(=O)N3)C=C2)CC1,Aripiprazole,60795.0
ONC(=O)CCCCCCC(=O)NC1=CC=CC=C1,Vorinostat,5311.0
COC1=C(OC2=C(OCCO)N=C(N=C2NS(=O)(=O)C2=CC=C(C=C2)C(C)(C)C)C2=NC=CC=N2)C=CC=C1,Bosentan,104865.0
NC(=O)C1=CN(CC2=C(F)C=CC=C2F)N=N1,Rufinamide,129228.0
NC(=O)OCC(COC(N)=O)C1=CC=CC=C1,Felbamate,3331.0
N[C@@H](CC(=O)N1CCN2C(C1)=NN=C2C(F)(F)F)CC1=CC(F)=C(F)C=C1F,Sitagliptin,4369359.0
NC1=CC(=NC(N)=[N+]1[O-])N1CCCCC1,,
CN(C1=CC2=NN(C)C(C)=C2C=C1)C1=CC=NC(NC2=CC(=C(C)C=C2)S(N)(=O)=O)=N1,Pazopanib,10113978.0
C[C@H](N)C(=O)N[C@@H](CCC(N)=O)C(O)=O,l-Alanyl-l-glutamine,123935.0
NC1=NN=C(C(N)=N1)C1=CC=CC(Cl)=C1Cl,Lamotrigine,3878.0
CC(C)COC1=C(C=C(C=C1)C1=NC(C)=C(S1)C(O)=O)C#N,Febuxostat,134018.0
CCCCNC1=CC(=CC(=C1OC1=CC=CC=C1)S(N)(=O)=O)C(O)=O,Bumetanide,2471.0
O[C@@H](CC[C@@H]1[C@H](N(C1=O)C1=CC=C(F)C=C1)C1=CC=C(O)C=C1)C1=CC=C(F)C=C1,Ezetimibe,150311.0
CN1[C@@H](CCl)NC2=CC(Cl)=C(C=C2S1(=O)=O)S(N)(=O)=O,"(3S)-6-Chloro-3-(chloromethyl)-2-methyl-1,1-dioxo-3,4-dihydro-1lambda6,2,4-benzothiadiazine-7-sulfonamide",12309469.0
CO[C@H]1O[C@@H]2O[C@@]3(C)CC[C@H]4[C@H](C)CC[C@@H]([C@H]1C)[C@@]24OO3,Artemether,68911.0
CN1CCN(CC2=CC=C(C=C2)C(=O)NC2=CC(NC3=NC(=CC=N3)C3=CN=CC=C3)=C(C)C=C2)CC1,Imatinib,5291.0
COC1=C(CC2=CN(C)C3=C2C=C(NC(=O)OC2CCCC2)C=C3)C=CC(=C1)C(=O)NS(=O)(=O)C1=C(C)C=CC=C1,Zafirlukast,5717.0
CCOC(=O)C1=C2CN(C)C(=O)C3=C(C=CC(F)=C3)N2C=N1,Flumazenil,3373.0
NC(=O)N[C@@H](CCC(O)=O)C(O)=O,Carglumic acid,121396.0
CC1=CC2=CC3=C(OC(=O)C=C3C)C(C)=C2O1,Trioxsalen,5585.0
COC1=C(OCCCN2CCOCC2)C=C2C(NC3=CC(Cl)=C(F)C=C3)=NC=NC2=C1,Gefitinib,123631.0
CN1N=NC2=C(N=CN2C1=O)C(N)=O,Temozolomide,5394.0
CN1C(=O)C(O)=C(N=C1C(C)(C)NC(=O)C1=NN=C(C)O1)C(=O)NCC1=CC=C(F)C=C1,Raltegravir,54671008.0
CCN1C=C(C(O)=O)C(=O)C2=CC(F)=C(N=C12)N1CCNCC1,Enoxacin,3229.0
[Cl-].C[N+](C)(C)CCOC(N)=O,Carbachol,5831.0
CC(C)(SC1=CC(=C(O)C(=C1)C(C)(C)C)C(C)(C)C)SC1=CC(=C(O)C(=C1)C(C)(C)C)C(C)(C)C,Probucol,4912.0
FC(F)O[C@@H](Cl)C(F)(F)F,(S)-(+)-Isoflurane,4369440.0
CC(C)CN(C[C@@H](O)[C@H](CC1=CC=CC=C1)NC(=O)O[C@H]1CCOC1)S(=O)(=O)C1=CC=C(N)C=C1,Amprenavir,65016.0
NC1=C2N=CN([C@@H]3O[C@H](CO)[C@@H](O)[C@@H]3F)C2=NC(Cl)=N1,Clofarabine,119182.0
Cl.CN(C)CCC=C1C2=C(COC3=C1C=CC=C3)C=CC=C2,Doxepin HCl,14675.0
CC(=O)C1=CC=C(C=C1)S(=O)(=O)NC(=O)NC1CCCCC1,Acetohexamide,1989.0
FC1=C(F)C=C(CN2CCC(CC2)NC2=NN=C(C=C2)C(F)(F)F)C=C1,"3-Pyridazinamine, N-(1-((3,4-difluorophenyl)methyl)-4-piperidinyl)-6-(trifluoromethyl)-",16058752.0
O=C(C1CCCCC1)N1C[C@@H]2N(CCC3=C2C=CC=C3)C(=O)C1,(R)-(-)-Praziquantel,445900.0
CC[C@H]1OC(=O)[C@H](C)[C@@H](O[C@H]2C[C@@](C)(OC)[C@@H](O)[C@H](C)O2)[C@H](C)[C@@H](O[C@@H]2O[C@H](C)C[C@@H]([C@H]2O)N(C)C)[C@](C)(O)C[C@@H](C)CN(C)[C@H](C)[C@@H](O)[C@]1(C)O,Azithromycin,447043.0
C[C@@H](C(O)=O)C1=CC(OC2=CC=CC=C2)=CC=C1,(R)-Fenoprofen,41097863.0
CC1(C)[C@@H](N2[C@@H](CC2=O)S1(=O)=O)C(O)=O,Sulbactam,130313.0
C[C@H](N[C@@H](CCC1=CC=CC=C1)C(O)=O)C(=O)N1CCC[C@H]1C(O)=O,Enalaprilat,5462501.0
CCC(C)N1N=CN(C1=O)C1=CC=C(C=C1)N1CCN(CC1)C1=CC=C(OC[C@H]2CO[C@@](CN3C=NC=N3)(O2)C2=C(Cl)C=C(Cl)C=C2)C=C1,Sporanox,55283.0
O=C1C(CC[S@](=O)C2=CC=CC=C2)C(=O)N(N1C1=CC=CC=C1)C1=CC=CC=C1,"1,2-Diphenyl-4-[2-[(S)-phenylsulfinyl]ethyl]pyrazolidine-3,5-dione",25273605.0
Cl.Cl.CN1CCN(CCCN2C3=C(SC4=C2C=C(C=C4)C(F)(F)F)C=CC=C3)CC1,Trifluoperazine dihydrochloride,66064.0
OCCC1=CC=C(OCCN2C=CN=C2)C=C1,2-{4-[2-(1H-Imidazol-1-yl)ethoxy]phenyl}ethan-1-ol,10443938.0
OC[C@H]1O[C@@](CO)(O[C@H]2O[C@H](CO)[C@@H](O)[C@H](O)[C@H]2O)[C@@H](O)[C@@H]1O,Sucrose,5988.0
CC(N)(CC1=CC=C(O)C=C1)C(O)=O,Racemetirosine,3125.0
CC(=O)C1=CC(=C(SC2=C(F)C=C(F)C=C2)S1)[N+]([O-])=O,"1-[5-(2,4-Difluoro-phenylsulfanyl)-4-nitro-thiophen-2-yl]-ethanone",46931953.0
CN1C2=C(N(CC3=NOC(C)=N3)C=N2)C(=O)N(C)C1=O,"7-((5-Methyl-1,2,4-oxadiazol-3-yl)methyl)theophylline",139570.0
C=CC(=O)N1CCCCC1,1-(Piperidin-1-yl)prop-2-en-1-one,350473.0
CC1=CC(OC[C@@H](O)CNC(C)(C)C)=C(Cl)C=C1,"Bupranolol, (S)-",66601885.0
OC(=O)C1=C(NCCC2=CC=CC=C2)C=CC=C1,Enfenamic acid,31635.0
NC1=NC2=C(S1)C=C(OC(F)(F)F)C=C2,Riluzole,5070.0
COC1=CC(OC)=C(Cl)C=C1NC(=O)NC1=NOC(C)=C1,"1-(5-Chloro-2,4-dimethoxyphenyl)-3-(5-methylisoxazol-3-yl)urea",311434.0
CN(C)CCOC(=O)COC1=CC=C(Cl)C=C1,Meclofenoxate,4039.0
CC(C)NC[C@H](O)COC1=C(Cl)C=CC(C)=C1,(2S)-1-(2-Chloro-5-methylphenoxy)-3-(isopropylamino)propane-2-ol,39359447.0
ClCCC(=O)NCCC1=CC=CC=C1,Fenaclon,9376.0
COC1=C(OCCCN2CCC(CC2)C2=NOC3=C2C=CC(F)=C3)C=CC(=C1)C(C)=O,Iloperidone,71360.0
N#CC1=CC=C(C=C1)[C@@H]1CCCC2=CN=CN12,"4-[(5S)-5,6,7,8-Tetrahydroimidazo[1,5-a]pyridin-5-yl]benzonitrile",13688212.0
CCCC(=O)OCOC(=O)C1=C(C)NC(C)=C([C@@H]1C1=CC=CC(Cl)=C1Cl)C(=O)OC,"Clevidipine, (S)-",22884799.0
NS(=O)(=O)C1=C(Cl)C=C2N=CNS(=O)(=O)C2=C1,Chlorothiazide,2720.0
NC1=NC2=C(C(CCC3=CC=C(C=C3)C(=O)N[C@H](CCC(O)=O)C(O)=O)=CN2)C(=O)N1,Pemetrexed acid,135565230.0
FC(F)OC(F)(F)[C@@H](F)Cl,(S)-Enflurane,7059516.0
COC(F)(F)C(Cl)Cl,Methoxyflurane,4116.0
NS(=O)(=O)C1=C(Cl)C=C2N=C(CSCC3=CC=CC=C3)NS(=O)(=O)C2=C1,Benzthiazide,2343.0
C[C@@H](C(O)=O)C1=CC=CC(=C1)C(=O)C1=CC=CC=C1,(R)-Ketoprofen,180540.0
CC(C)CC1=CC=C(C=C1)[C@@H](C)C(O)=O,(R)-(-)-Ibuprofen,114864.0
CC1=CC=NC2=C1NC(=O)C1=C(N=CC=C1)N2C1CC1,Nevirapine,4463.0
CC1=CN([C@@H]2O[C@H](CO)C=C2)C(=O)NC1=O,Stavudine,18283.0
CC(C)[C@@H]1CC[C@@H](C)C[C@H]1O,l-Menthol,16666.0
CN[C@@H](C)CC1=C(OC)C=CC=C1,"Benzeneethanamine, 2-methoxy-N,alpha-dimethyl-, (alphaS)-",6918906.0
Br.CCSC(N)=N,S-Ethylisothiourea hydrobromide,200213.0
O=C1C2=C(OC3=C1C=CC=C3)C=CC=C2,Xanthone,7020.0
OC(=O)CC1=CC=C(CCNS(=O)(=O)C2=CC=C(Cl)C=C2)C=C1,Daltroban,54343.0
OB1OCC2=C1C=CC(F)=C2,Tavaborole,11499245.0
NC1=NC(=O)N(C=C1F)[C@@H]1CS[C@H](CO)O1,Emtricitabine,60877.0
CC(=O)N[C@@H](CS)C(O)=O,Acetylcysteine,12035.0
COC1=C(OC)C=C(CCN)C=C1,"3,4-Dimethoxyphenethylamine",8421.0
CC(C)[C@@H](N)C(O)=O,D-Valine,71563.0
N#CC1=CC=C(C=C1)C(N1C=NC=N1)C1=CC=C(C=C1)C#N,Letrozole,3902.0
NC1(CC1)C(O)=O,1-Aminocyclopropanecarboxylic acid,535.0
NC1=C(N)C=NC=C1,"3,4-Diaminopyridine",5918.0
NCCCC[C@H](N)C(O)=O,Lysine,5962.0
NC(=N)NC(=O)C1=C(N)N=C(N)C(Cl)=N1,Amiloride,16231.0
CN1C2=C(C3=C1C=CC=C3)C(=O)[C@@H](CN1C=CN=C1C)CC2,"Ondansetron, (3R)-",667538.0
CCCCCOC(=O)NC1=NC(=O)N(C=C1F)[C@@H]1O[C@H](C)[C@@H](O)[C@H]1O,Capecitabine,60953.0
CC1(C)S[C@@H]2[C@H](N)C(=O)N2[C@H]1C(O)=O,6-Aminopenicillanic acid,11082.0
N#CC1=NC=NC=C1,Pyrimidine-4-carbonitrile,10313094.0
CCC1=C(O)C=CC(C)=N1,2-Ethyl-3-hydroxy-6-methylpyridine,114681.0
C[C@H](CN1C=NC2=C(N)N=CN=C12)OCP(O)(O)=O,Tenofovir,464205.0
NCC1=CC=CN=C1,3-(Aminomethyl)pyridine,31018.0
C#CCN[C@@H]1CCC2=C1C=CC=C2,Rasagiline,3052776.0
OC[C@H]1O[C@H]([C@H](O)[C@@H]1O)N1C=CC(=O)NC1=O,Uridine,6029.0
CC1=NC(C)=C(C)N=C1C,Tetramethylpyrazine,14296.0
NC1=CC=CC2=C1CN([C@H]1CCC(=O)NC1=O)C2=O,S-Lenalidomide,12044976.0
CCOC(=O)C1=CN=CN1[C@H](C)C1=CC=CC=C1,Amidate,667484.0
COC1=CC2=CC=CN=C2C(N[C@@H](C)CCCN)=C1,"(4s)-N~4~-(6-Methoxyquinolin-8-Yl)pentane-1,4-Diamine",3044369.0
COC1=CC2=C(C=CN=C2C=C1)[C@H](O)[C@H]1C[C@@H]2CCN1C[C@@H]2C=C,Quinidine,441074.0
CC(=O)C(O)=O,Pyruvic acid,1060.0
Cl.CNCC[C@H](OC1=CC=CC2=CC=CC=C12)C1=CC=CS1,Duloxetine hydrochloride,60834.0
COC1=CC2=C(C=C1OC)C(=O)[C@@H](CC1CCN(CC3=CC=CC=C3)CC1)C2,(S)-Donepezil,969462.0
COC1=CC=C2C=C(C=CC2=C1)[C@H](C)C(O)=O,Naproxen,156391.0
CC[C@H](N1CCCC1=O)C(N)=O,Levetiracetam,5284583.0
CC(=O)OCC1=C(N2[C@H](SC1)[C@H](NC(=O)CC1=CC=CS1)C2=O)C(O)=O,Cephalothin,6024.0
CC(=O)[C@@H]1C(=O)OC(C)=CC1=O,"(3S)-3-Acetyl-6-methylpyran-2,4-dione",1712264.0
OC(=O)C1=NN(CC2=C(Cl)C=C(Cl)C=C2)C2=C1C=CC=C2,Lonidamine,39562.0
CC(C)CC1=CC=C(C=C1)[C@H](C)C(O)=O,Dexibuprofen,39912.0
CC1=C(CCl)OC(=O)O1,"4-(Chloromethyl)-5-methyl-1,3-dioxol-2-one",9855518.0
NC(=N)C1=CC=C(OCCCCCOC2=CC=C(C=C2)C(N)=N)C=C1,Pentamidine,4735.0
NC1=C2N=CN([C@@H]3O[C@H](CO)[C@@H](O)[C@H]3O)C2=NC=N1,Adenosine,60961.0
CN(CCOC1=CC=C(C[C@@H]2SC(=O)NC2=O)C=C1)C1=NC=CC=C1,"2,4-Thiazolidiinedione, 5-[[4-[2-(methyl-2-pyridinylamino)ethoxy]phenyl]methyl]-(9CL)",445655.0
CC1(C)[C@@H]2CC[C@@]1(C)C(=O)C2,D-Camphor,159055.0
OCC1=CN=CC=C1,3-Pyridinemethanol,7510.0
CCOC(=O)N1CCC(CC1)=C1C2=C(CCC3=C1N=CC=C3)C=C(Cl)C=C2,Loratadine,3957.0
NC1=NC(=O)N(C=C1)[C@@H]1CS[C@H](CO)O1,Lamivudine,60825.0
CC(=O)NC[C@H]1CN(C(=O)O1)C1=CC(F)=C(C=C1)N1CCOCC1,Linezolid,441401.0
CN(CC(O)=O)C(N)=N,Creatine,586.0
CCOC(=O)C1=C(O)C(=O)N(CC2=CC=CC=C2)C1,"1-Benzyl-4-hydroxy-5-oxo-2,5-dihydro-1H-pyrrole-3-carboxylic acid ethyl ester",54677973.0
NC1=NC(=O)N(C=C1)[C@@H]1O[C@H](CO)[C@@H](O)C1(F)F,Gemcitabine,60750.0
OC[C@@H](O)[C@@H](O)[C@H](O)[C@@H](O)C=O,D(+)-Glucose,107526.0
CC(C)(C)C1=CC(O)=C(C=C1O)C(C)(C)C,"2,5-Di-tert-butylhydroquinone",2374.0
CN1CCN(CC1)C1=NC2=C(NC3=C1C=CC=C3)C=CC(Cl)=C2,Clozapine,135398737.0
N[C@H](CCCNC(N)=N)C(O)=O,D-Arginine,71070.0
CC(C)C[C@H](NC(=O)OCC1C2=C(C=CC=C2)C2=C1C=CC=C2)C(O)=O,Fmoc-L-leucine,1549133.0
CCC(C)(C)C(=O)O[C@H]1C[C@@H](C)C=C2C=C[C@H](C)[C@H](CC[C@@H]3C[C@@H](O)CC(=O)O3)[C@@H]12,Simvastatin,54454.0
C[C@@H](O)[C@@H]1[C@H]2[C@@H](C)C(S[C@@H]3CN[C@@H](C3)C(=O)N(C)C)=C(N2C1=O)C(O)=O,Meropenem,441130.0
CC1=C(CCN2CCC(CC2)C2=NOC3=C2C=CC(F)=C3)C(=O)N2CCC[C@H](O)C2=N1,(S)-Paliperidone,9823781.0
CC1(C)S[C@@H]2[C@H](NC(=O)[C@H](N)C3=CC=C(O)C=C3)C(=O)N2[C@H]1C(O)=O,Amoxicillin,33613.0
C[C@H]1COC2=C3N1C=C(C(O)=O)C(=O)C3=CC(F)=C2N1CCN(C)CC1,Levofloxacin,149096.0
COC1=CC=C(C=C1)N1C(SCC2=NC(=NO2)C2=CC=C(C)C=C2)=NN=C1C1=CC=NC=C1,"5-[[4-(4-Methoxyphenyl)-5-pyridin-4-yl-1,2,4-triazol-3-yl]sulfanylmethyl]-3-(4-methylphenyl)-1,2,4-oxadiazole",16013152.0
O=C1NCC2(CCN(CCC3=CC=CC=C3)CC2)O1,Fenspiride,3344.0
CCOC1=C(C=CC(CC(=O)N[C@@H](CC(C)C)C2=C(C=CC=C2)N2CCCCC2)=C1)C(O)=O,Repaglinide,65981.0
C[C@@H](C(O)=O)C1=CC2=C(C=C1)C1=C(N2)C=CC(Cl)=C1,(R)-Carprofen,6997572.0
OC1=CC=C(C=C1)[C@@H]1CNCCC2=C1C=C(O)C(O)=C2Cl,"(5S)-9-Chloro-5-(4-hydroxyphenyl)-2,3,4,5-tetrahydro-1H-3-benzazepine-7,8-diol",6603851.0
ClC1=CC=C(NC(=O)C=C)C=C1,N-(4-Chlorophenyl)acrylamide,227241.0
CN1CCN(CC1)C1=NC2=C(NC3=C1C=C(C)S3)C=CC=C2,Olanzapine,135398745.0
C[C@H]1C[C@H]2[C@@H]3CCC4=CC(=O)C=C[C@]4(C)[C@H]3C(=O)C[C@]2(C)[C@@]1(O)C(=O)CO,Meprednisone,5284587.0
OC(=O)CCNC1=NC(=NC(=C1)N1CCC2=C(CC1)C=CC=C2)C1=NC=CC=C1,"3-[[2-Pyridin-2-Yl-6-(1,2,4,5-Tetrahydro-3-Benzazepin-3-Yl)pyrimidin-4-Yl]amino]propanoic Acid",56963315.0
CCOC(=O)CCNC1=NC(=NC(=C1)N1CCC2=C(CC1)C=CC=C2)C1=NC=CC=C1,"Ethyl 3-((6-(4,5-dihydro-1H-benzo[d]azepin-3(2H)-yl)-2-(pyridin-2-yl)pyrimidin-4-yl)amino)propanoate",71729975.0
CC1=CC(NC2=CC=C(NC(=O)C3=CC=C(NC4=CC=NC5=CC=CC=C45)C=C3)C=C2)=NC(N)=N1,N-(4-((2-Amino-6-methylpyrimidin-4-yl)amino)phenyl)-4-(quinolin-4-ylamino)benzamide,24858111.0
NC1=C2C(=NC=N1)N(N=C2C1=CC=C(OC2=CC=CC=C2)C=C1)[C@@H]1CCCN(C1)C(=O)C=C,Ibrutinib,24821094.0
CN[C@@H]1[C@H](O)[C@H](NC)[C@H]2O[C@]3(O)[C@@H](O[C@H](C)CC3=O)O[C@@H]2[C@H]1O,Spectinomycin,15541.0
CC1=CN=C(C=N1)C(=O)NCCC1=CC=C(C=C1)S(=O)(=O)NC(=O)NC1CCCCC1,Glipizide,3478.0
CC1=CC=C(C=C1)S(=O)(=O)NC(=O)NN1CCCCCC1,Tolazamide,5503.0
NS(=O)(=O)C1=CC2=C(NCNS2(=O)=O)C=C1C(F)(F)F,Hydroflumethiazide,3647.0
CCC(=C)C(=O)C1=CC=C(OCC(O)=O)C(Cl)=C1Cl,Ethacrynic acid,3278.0
C[C@H]1CN(C[C@@H](C)N1)C1=C(F)C2=C(C(N)=C1F)C(=O)C(=CN2C1CC1)C(O)=O,Sparfloxacin,60464.0
N[C@@H](C(O)=O)C1=NN=NN1,(R)-2-(1H-Tetrazol-5-yl)-2-aminoethanoic acid,15024268.0
C[C@H](O)CO,"S-1,2-Propanediol",439846.0
CC(C)C1=CC=C(NC(=O)CN2C=NC3=C2C(=O)N(C)C(=O)N3C)C=C1,"2-(1,3-Dimethyl-2,6-dioxo-1,2,3,6-tetrahydro-7H-purin-7-yl)-N-(4-isopropylphenyl)acetamide",1150897.0
FCOC(C(F)(F)F)C(F)(F)F,Sevoflurane,5206.0
CCCN1C2=C(NC=N2)C(=O)NC1=O,Enprofylline,1676.0
C[C@H](CCC(O)=O)[C@H]1CC[C@H]2[C@@H]3CC[C@@H]4C[C@H](O)CC[C@]4(C)[C@H]3C[C@H](O)[C@]12C,Deoxycholic acid,222528.0
OCCN1CCN(CCCN2C3=C(SC4=C2C=C(Cl)C=C4)C=CC=C3)CC1,Perphenazine,4748.0
COC1=CC(O)=C(C=C1)C(=O)C1=CC=CC=C1,Oxybenzone,4632.0
COC1=CC=C(C=C1)N1N=C(C(N)=O)C2=C1C(=O)N(CC2)C1=CC=C(C=C1)N1CCCCC1=O,Apixaban,10182969.0
NC(=N)NC1=CC=C(Cl)C=C1,1-(4-Chlorophenyl)guanidine,2757788.0
OC(=O)C1=C(O)C=CC=C1,Salicylic acid,338.0
OC1=C(I)C=C(I)C=C1I,"2,4,6-Triiodophenol",11862.0
CCN(CC)CCNC(=O)C1=CC=C(N)C=C1,Procainamide,4913.0
[Cl-].C[N+](C)(C)CCO,Choline chloride,6209.0
NCCC1=CNC=N1,Histamine,774.0
CCC(C)(C)O,2-Methyl-2-butanol,6405.0
OC1=CC(O)=CC(O)=C1,Phloroglucinol,359.0
CCCCC[C@H](C)N,(S)-(+)-2-Aminoheptane,2734517.0
CC1=CC=NC(NS(=O)(=O)C2=CC=C(N)C=C2)=N1,Sulfamerazine,5325.0
OC1=CC=C(Cl)C2=CC=CN=C12,5-Chloro-8-hydroxyquinoline,2817.0
ClN1C(=O)N(Cl)C(=O)N(Cl)C1=O,Trichloroisocyanuric acid,6909.0
COC(=O)C1=CC=C(O)C=C1,Methylparaben,7456.0
COC(=O)C1=C(O)C=CC=C1,Methyl salicylate,4133.0
CCN(CC)CC1=CC=C2C=C(COC(=O)NC3=CC=C(C=C3)C(=O)NO)C=CC2=C1,Givinostat,9804992.0
C[C@H](O)CN1C(C)=NC=C1[N+]([O-])=O,"Secnidazole, (S)-",6997191.0
OC1=CC=C(OCC2=CC=CC=C2)C=C1,Monobenzone,7638.0
OCCOC(=O)NCC1=CC=CC=C1,Buramate,20787.0
NC1=NC2=C(N=CN2CCC(CO)CO)C(=O)N1,Penciclovir,135398748.0
CC1=NN=C2C=CC(=NN12)C1=CC=CC(=C1)C(F)(F)F,"3-Methyl-6-[3-(trifluoromethyl)phenyl]-[1,2,4]triazolo[4,3-b]pyridazine",107950.0
CC(=O)C1=CC2=C(O1)C(=O)C1=C(C=CC=C1)C2=O,Napabucasin,10331844.0
OC(=O)[C@@H]1CSC(=O)N1,Procysteine,72390.0
CCC(=O)NCC[C@@H]1CCC2=CC=C3OCCC3=C12,Ramelteon,208902.0
OC(CCCN1CCCCC1)(C1=CC=CC=C1)C1=CC=CC=C1,Diphenidol,3055.0
C(N1C2=C(C=CC=C2)N=C1N1CCNCC1)C1=CC=CC=C1,Lerisetron,65997.0
CCN1N=C(C(O)=O)C(=O)C2=C1C=C1OCOC1=C2,Cinoxacin,2762.0
OC[C@@H](NC(=O)C(Cl)Cl)[C@H](O)C1=CC=C(C=C1)[N+]([O-])=O,Chloramphenicol,5959.0
CC(=O)C1=CC2=C(SC3=C(C=CC=C3)N2CCCN2CCC(CCO)CC2)C=C1,Piperacetazine,19675.0
CC(C)N(CC[C@H](C1=CC=CC=C1)C1=C(O)C=CC(C)=C1)C(C)C,Tolterodine,443879.0
OC1=CC=C(C=C1)[C@@H]1CC(=O)C2=C(O1)C=C(O)C=C2O,Naringetol,439246.0
N[C@@H](CC1=NC=CC=C1)C1=CC=CC=C1,Lanicemine,9794203.0
CCC(C)(O)C#C,3-Methyl-1-pentyn-3-ol,6494.0
CC(O)(CS(=O)(=O)C1=CC=C(F)C=C1)C(=O)NC1=CC(=C(C=C1)C#N)C(F)(F)F,Bicalutamide,2375.0
CN(C)CC[C@@H](C1=CC=C(Cl)C=C1)C1=NC=CC=C1,Dexchlorpheniramine,33036.0
CC(=O)N[C@@H](CSSC[C@H](NC(C)=O)C(O)=O)C(O)=O,"N,N'-Diacetylcystine",6995101.0
OC(=O)CCC1=NC(=C(O1)C1=CC=CC=C1)C1=CC=CC=C1,Oxaprozin,4614.0
N[C@@H](CCC(=O)N[C@@H](CS)C(=O)NCC(O)=O)C(O)=O,Glutathione,124886.0
FC(F)(F)[C@]1(OC(=O)NC2=C1C=C(Cl)C=C2)C#CC1CC1,Efavirenz,64139.0
CC[C@@H](C1=CC=CC=C1)C1=C(O)C2=C(OC1=O)C=CC=C2,(S)-Phenprocoumon,54681533.0
CCN(CC)CCNC(=O)C1=CC(Cl)=C(N)C=C1OC,Metoclopramide,4168.0
C(N1CCCNCCNCCCNCC1)C1=CC=C(CN2CCCNCCNCCCNCC2)C=C1,Plerixafor,65015.0
OC(=O)C1=C2C=CC=CC2=CC2=CC=CC=C12,9-Anthracenecarboxylic acid,2201.0
OC(=O)CCC1=CNC2=C1C=CC=C2,3-Indolepropionic acid,3744.0
CC1=CC=C(C=C1)C1=CC(=NN1C1=CC=C(C=C1)S(N)(=O)=O)C(F)(F)F,Celecoxib,2662.0
CCCC1=NC2=C(C=C(C=C2C)C2=NC3=C(C=CC=C3)N2C)N1CC1=CC=C(C=C1)C1=C(C=CC=C1)C(O)=O,Telmisartan,65999.0
CC(C)C[C@H](NC(=O)[C@H](CC1=CC=CC=C1)NC(=O)C1=NC=CN=C1)B(O)O,Bortezomib,387447.0
NC(=O)C1=C(O)N=CN1,5-Hydroxy-1H-imidazole-4-carboxamide,124343.0
OC[C@H]1O[C@H](C[C@@H]1O)N1C=NC2=C1N=CNC[C@H]2O,Pentostatin,439693.0
O=C1N(C[C@H]2CCCC3=CC=CC1=C23)[C@@H]1CN2CCC1CC2,Palonosetron,6337614.0
N[C@@H](CC1=CC(I)=C(OC2=CC(I)=C(O)C=C2)C(I)=C1)C(O)=O,Liothyronine,5920.0
OCCOCCN1CCN(CC1)C1=NC2=C(SC3=C1C=CC=C3)C=CC=C2,Quetiapine,5002.0
CCCCN(CCCC)CC[C@H](O)C1=C2C=CC(=CC2=C2C=C(Cl)C=C(Cl)C2=C1)C(F)(F)F,Halofantrina,72454.0
COC1=C(OC)C=C(C=C1)S(=O)(=O)N1CCCN(CC1)S(=O)(=O)C1=CC(OC)=C(OC)C=C1,"1,4-Bis((3,4-dimethoxyphenyl)sulfonyl)-1,4-diazepane",1520267.0
CCC1=C(N2C=C(Cl)C=CC2=N1)C(=O)NCC1=CC=C(C=C1)N1CCC(CC1)C1=CC=C(OC(F)(F)F)C=C1,"6-Chloro-2-ethyl-N-[[4-[4-[4-(trifluoromethoxy)phenyl]piperidin-1-yl]phenyl]methyl]imidazo[1,2-a]pyridine-3-carboxamide",68234908.0
N[C@@H](CCC(O)=O)C=C,(S)-4-Aminohex-5-enoic acid,10219440.0
CCOC(=O)C1=C(COCCN)NC(C)=C([C@@H]1C1=C(Cl)C=CC=C1)C(=O)OC,Levamlodipine,9822750.0
NC1=C2N=CN([C@@H]3O[C@H](COP(O)(O)=O)[C@@H](O)[C@@H]3O)C2=NC(F)=N1,Fludarabine phosphate,30751.0
CCCCCCCN(CC)CCC[C@H](O)C1=CC=C(NS(C)(=O)=O)C=C1,"Methanesulfonamide, N-(4-((1S)-4-(ethylheptylamino)-1-hydroxybutyl)phenyl)-",24848689.0
CCCCCN(C)CCC(O)(P(O)(O)=O)P(O)(O)=O,Ibandronic Acid,60852.0
NC1=NC(NC2CC2)=C2N=CN([C@@H]3C[C@H](CO)C=C3)C2=N1,Abacavir,441300.0
CN(C)CCO[C@@H](C1=CC=CC=C1)C1=C(C)C=CC=C1,[(S)-2-Methylbenzhydryl]2-(dimethylamino)ethyl ether,736041.0
[Cl-].CN(C)C(=O)OC1=C[N+](C)=CC=C1,Pyridostigmine chloride,202190.0
[Cl-].CC[N+](C)(CC)CCOC(=O)C(O)(C1CCCCC1)C1=CC=CC=C1,,
OC1=NC2=C(C=CC=C2)N1C1CCN(CCOC2=CC=CC=C2)CC1,Oxiperomide,68634.0
NC(=N)NC[C@H]1COC2(CCCCC2)O1,"2-[[(3S)-1,4-Dioxaspiro[4.5]decan-3-yl]methyl]guanidine",45356255.0
COC1=C(C=C(Cl)C=C1)C(=O)NCCC1=CC=C(C=C1)C(O)=O,Meglitinide,41214.0
FC1=CC=C(C=C1)C(=O)CCCN1CCC(=CC1)N1C(=O)NC2=C1C=CC=C2,Droperidol,3168.0
O=C1NC=NC2=C1C=NN2,Allopurinol,135401907.0
C1CN(CCN1)C1=NC2=CC=CC=C2C=C1,Quipazine,5011.0
CN1CC[C@H]2NC3=C(C=C(C)C=C3)[C@H]2C1,"(4Ar,9bS)-2,3,4,4a,5,9b-hexahydro-2,8-dimethyl-1H-Pyrido[4,3-b]indole",108089.0
CCC(C)C(CC)C(N)=O,Valnoctamide,20140.0
CC1=C(C=NO1)C(=O)NC1=CC=C(C=C1)C(F)(F)F,Leflunomide,3899.0
C[C@@H](C(O)=O)C1=CC2=C(C=C1)C1=C(C2)C=CC=C1,"9H-Fluorene-2-acetic acid, alpha-methyl-, (alphaR)-",14694110.0
CN1C=C(C=C1C(O)=O)C(=O)C1=CC=CC2=CC=CC=C12,Napirimus,3047779.0
CSC1=C(OC[C@@H](O)CNC(C)C)C=CC=C1,(S)-1-(Isopropylamino)-3-[2-(methylthio)phenoxy]-2-propanol,76966339.0
CC1=C(NC(N)=C1C#N)C1=C(F)C=CC=C1,2-Amino-5-(2-fluorophenyl)-4-methyl-1H-pyrrole-3-carbonitrile,10176749.0
CS(=O)(=O)CS(=O)(=O)OCCCl,Clomesone,100651.0
CN1N=C(N(C)C1=S)C1=CC(F)=CC=C1,Suritozole,25431.0
NC(=O)CN1C=CCC(=C1)C(N)=O,Caricotamide,403128.0
CCOC(=O)C1=C(OC(N)=O)C=CC=C1,Ethyl 2-carbamoyloxybenzoate,145917.0
NC(N)=O,Urea,1176.0
ClC1=C(CN2CCC3=C(C2)C=CS3)C=CC=C1,Ticlopidine,5472.0
C[C@H](N)CC1=C(C)C=C(C=C1)N(C)C,Amiflamine,71221.0
CN1CCN2[C@@H](C1)C1=C(CC3=CC=CN=C23)C=CC=C1,(R)-Mirtazapine,3085219.0
CCC(O)(CC(N)=O)C1=CC=CC=C1,3-Hydroxy-3-phenylpentanamide,64814.0
NC(=O)CN1CC2=C(OC1=O)C=CC=C2,Caroxazone,29083.0
CS(=O)(=O)OCOS(C)(=O)=O,Methylene dimethanesulfonate,9083.0
NC1=C(SN=C1C1=CC(=CC=C1)C(F)(F)F)C(O)=O,Amflutizole,54833.0
CNC(=S)[C@@]1(CCCS1)C1=NC=CC=C1,(2R)-N-Methyl-2-pyridin-2-ylthiolane-2-carbothioamide,60001524.0
CNC(=O)ON(C(C)=O)C(=O)NC,Caracemide,54747.0
COC1=CC2=C(N)C3=C(CCCC3)N=C2C=C1,"7-Methoxy-1,2,3,4-tetrahydroacridin-9-amine",119053.0
OC(=O)C1=CC=C(O)C2=NC=CC=C12,8-Hydroxy-5-quinolinecarboxylic acid,459617.0
OC1=CC=C(C=C1)S(O)(=O)=O,4-Hydroxybenzenesulfonic acid,4765.0
CC(C)CCC[C@H](C)N,"(S)-1,5-Dimethylhexylamine",2734518.0
OC(=O)CCCC1=CC=CC=C1,4-Phenylbutyric acid,4775.0
COC(=O)NC1=NC2=C(N1)C=C(C=C2)C(=O)C1=CC=CC=C1,Mebendazole,4030.0
OCCC1=CC=CC=C1,2-Phenylethanol,6054.0
O=C(CN1CCNCC1)NC1CCCCC1,Esaprazole,68835.0
N1C2=C(C=CC=C2)N=C1C1=CSC=N1,Thiabendazole,5430.0
OC(CN1C=NC=N1)(CN1C=NC=N1)C1=C(F)C=C(F)C=C1,Fluconazole,3365.0
CCN(CC)CCOC(=O)C1=CC=C(N)C=C1,Procaine,4914.0
OC(=O)CCCNC(=O)C1=CN=CC=C1,4-(Nicotinamido)butanoic acid,60608.0
N=C(NC1=CC=CC=C1)C1=CC=CS1,N-Phenylthiophene-2-carboximidamide,10219864.0
CC(N)(CC1=CC=CC=C1)C1=CC=CC=C1,"1,2-Diphenylpropan-2-amine",164087.0
CC[C@@]1(C)CC(=O)NC1=O,(S)-Ethosuximide,10630591.0
CN(C)CCCN1C2=C(SC3=C1C=C(C=C3)C(F)(F)F)C=CC=C2,Triflupromazine,5568.0
CC1=C2CCC[C@@H](C(N)=S)C2=NC=C1,"(8R)-4-Methyl-5,6,7,8-tetrahydroquinoline-8-carbothioamide",76961135.0
FC(F)(F)COC1=CC(C(=O)NC[C@H]2CCCCN2)=C(OCC(F)(F)F)C=C1,R-(-)-Flecainide,6603850.0
CC(=O)NC1=CC=C(C=C1)C(=O)NC1=C(N)C=CC=C1,Tacedinaline,2746.0
CCOC(=O)C1=C(C)NC(C)=C([C@@H]1C1=CC=CC(Cl)=C1Cl)C(=O)OC,(R)-(+)-Felodipine,941699.0
CCCCC1=CN=C(C=C1)C(N)=O,Bupicomide,31447.0
CC1=CC(Cl)=C(NC2=NCCN2)C=C1,Tolonidine,72138.0
CC(C)(C)NC[C@H](O)C1=CC(Br)=NO1,"5-Isoxazolemethanol, 3-bromo-alpha-(((1,1-dimethylethyl)amino)methyl)-, (S)-",13626986.0
NCCNC(=O)C1=NC=C(Cl)C=C1,Lazabemide,71307.0
COC1=CC(=CC(OC)=C1OC)C(=O)N[C@H]1CCCNC1,"3,4,5-Trimethoxy-N-[(S)-3-piperidinyl]benzamide",40467000.0
O=S(=O)(N1CCNCC1)C1=CC=CC2=CN=CC=C12,1-(5-Isoquinolinesulfonyl)piperazine,3545.0
CC(C)C[C@@H](NC(=O)OCC1C2=C(C=CC=C2)C2=C1C=CC=C2)C(O)=O,Fmoc-D-Leu-OH,1549477.0
CC1=C(C(O)=O)C2=CC(F)=CC=C2N=C1C1=CC=C(C=C1)C1=C(F)C=CC=C1,Brequinar,57030.0
FC1=CC=C(C=C1)[C@@H]1CCNC[C@H]1COC1=CC2=C(OCO2)C=C1,Paroxetine,43815.0
O=C1NS(=O)(=O)C2=C1C=CC=C2,Saccharin,5143.0
OC(=O)CC1=CC=C(C=C1)C1=CC=CC=C1,Felbinac,3332.0
OC1=C(Br)C=C(Br)C2=CC=CN=C12,Broxyquinoline,2453.0
CC1=CN([C@@H]2C[C@@H](O)[C@H](CO)O2)C(=O)NC1=O,Telbivudine,159269.0
OC1=C(\C=N\NC(=O)C2=C(O)C=CC=C2)C=CC=C1,N'-Salicylidenesalicylic acid hydrazide,135445765.0
CN1CCC(CC1)=C1C2=C(CCC3=CC=CN=C13)C=CC=C2,Azatadine,19861.0
Cl.OC(=O)C1=CCCNC1,Guvacine hydrochloride,11957555.0
CC1=C(C(=O)N[C@H]2[C@H]3SC(C)(C)[C@@H](N3C2=O)C(O)=O)C(=NO1)C1=C(Cl)C=CC=C1,Cloxacillin,6098.0
NC1=NC(=O)C2=NC(CNC3=CC=C(C=C3)C(=O)N[C@@H](CCC(O)=O)C(O)=O)=CN=C2N1,(2S)-2-[[4-[(2-Amino-4-oxo-1H-pteridin-6-yl)methylamino]benzoyl]amino]pentanedioic acid,6037.0
OC(=O)CCNC(=O)C1=CC=C(C=C1)\N=N\C1=CC(C(O)=O)=C(O)C=C1,Balsalazide,54585.0
OC(=O)C1=CC2=C(C=C1)N=C(O2)C1=CC(Cl)=CC(Cl)=C1,Tafamidis,11001318.0
C[C@@H](C1=C(F)C=NC=N1)C(O)(CN1C=NC=N1)C1=C(F)C=C(F)C=C1,"(3S)-2-(2,4-Difluorophenyl)-3-(5-fluoropyrimidin-4-yl)-1-(1,2,4-triazol-1-yl)butan-2-ol",69155711.0
CC1=CN=C(C=C1)C1=NC=C(C)C=C1,Abametapir,15664.0
OC(=O)C1=C[N+]([O-])=CC=C1,Nicotinic acid N-oxide,16976.0
NC1=CC=C(C=C1)S(=O)(=O)C1=CC=C(N)C=C1,Dapsone,2955.0
N=C(NC1=CC=CC=C1)NC1=CC=CC=C1,"1,3-Diphenylguanidine",7594.0
CC1=NC2=C(C=CC=C2)N1CC1=CC=C(Cl)C=C1,Chlormidazole,71821.0
CCN(CC)CCNC(=O)C1=CC=C(NC(C)=O)C=C1,Acecainide,4342.0
CC(=O)NCCC1=CNC2=C1C=CC=C2,N-Acetyltryptamine,70547.0
OCCCC(=O)NCCO,4-Hydroxy-N-(2-hydroxyethyl)butanamide,522232.0
CCCCCCCCCCCCOS(O)(=O)=O,Lauryl sulfate,8778.0
OC(CC1=CN=CC=C1)(P(O)(O)=O)P(O)(O)=O,Risedronic acid,5245.0
NC(=N)NCCN1CCCCCCC1,Guanethidine,3518.0
CNC[C@H](O)C1=CC(O)=C(O)C=C1,Epinephrine,5816.0
OC(=O)CN(CCN(CC(O)=O)CC(O)=O)CC(O)=O,Edetic acid,6049.0
NC1=NC(NC2CC2)=NC(N)=N1,Cyromazine,47866.0
CN1C2=C(NC=N2)C(=O)N(C)C1=O,Theophylline,2153.0
NC1=CC=C(C=C1)S(=O)(=O)NC1=NC=CC=N1,Sulfadiazine,5215.0
NC1=CC=C(C=C1)S(=O)(=O)NC1=NC=CC=C1,Sulfapyridine,5336.0
CCOC1=CC2=C(NC(C)(C)C=C2C)C=C1,Ethoxyquin,3293.0
CN1[C@H](C2=CC=C(Cl)C=C2)S(=O)(=O)CCC1=O,(S)-Chlormezanone,6603760.0
ClC1=NC=CN=C1,2-Chloropyrazine,73277.0
NC(=O)N[C@H]1NC(=O)NC1=O,(+)-Allantoin,439714.0
CC1=C(CC#N)N2C=CC=C(OCC3=CC=CC=C3)C2=N1,"2-Methyl-8-(phenylmethoxy)imidazo[1,2-a]pyridine-3-acetonitrile",108137.0
NC[C@@H](O)CC(O)=O,(3S)-4-Azaniumyl-3-hydroxybutanoate,6971280.0
COC1=C(OC)C=C(CCC(=O)NC2=NC3=C(S2)C=C(Cl)C=C3)C=C1,"N-(6-Chlorobenzo[d]thiazol-2-yl)-3-(3,4-dimethoxyphenyl)propanamide",8582409.0
CC(C)NC[C@H](O)COC1=CC=C(NC(C)=O)C=C1,(S)-Practolol,443371.0
COC1=C(OC)C=C2C(N)=NC(=NC2=C1)N1CCN(CC1)C(=O)C1=CC=CO1,Prazosin,4893.0
NCCC1=CC(O)=C(O)C=C1,Dopamine,681.0
NS(=O)(=O)C1=C(Cl)C=C(NCC2=CC=CO2)C(=C1)C(O)=O,Furosemide,3440.0
NCCS,Cysteamine,6058.0
O[C@@H](CN1C2=C(C=C(Br)C=C2)C2=C1C=CC(Br)=C2)CN1CCNCC1,"(2R)-1-(3,6-Dibromocarbazol-9-yl)-3-piperazin-1-ylpropan-2-ol",981053.0
CN1N=C(C)C2=C1OC(N)=C(C#N)[C@@H]2C1=CC=C(C=C1)C(F)(F)F,"(4R)-6-Amino-1,3-dimethyl-4-[4-(trifluoromethyl)phenyl]-4H-pyrano[2,3-c]pyrazole-5-carbonitrile",99910914.0
C1=CN(C=N1)[C@@H](C1=CC=CC=C1)C1=CC=C(C=C1)C1=CC=CC=C1,(S)-Bifonazole,5459391.0
CC1=C(NC=N1)C1=CC=C(Cl)C=C1,Lofemizole,71967.0
O=C1C(C(=O)C2=C1C=CC=C2)C1=CC=CC=C1,Phenindione,4760.0
NC(=O)NS(=O)(=O)C1=CC=C(N)C=C1,Sulfacarbamide,11033.0
OC1=NC=NC2=CC=CC=C12,4-Hydroxyquinazoline,135408753.0
CC(C)OC(=O)C(C)(C)OC1=CC=C(C=C1)C(=O)C1=CC=C(Cl)C=C1,Fenofibrate,3339.0
CC[C@@]1(O)C(=O)OCC2=C1C=C1N(CC3=CC4=C(CN(C)C)C(O)=CC=C4N=C13)C2=O,Topotecan,60700.0
OC1=C(I)C=C(Cl)C2=CC=CN=C12,Clioquinol,2788.0
COC(=O)C1=C(NC(=O)C2=CC=C(F)C=C2)C=CC=C1,Methyl 2-[(4-fluorobenzoyl)amino]benzoate,310557.0
CN1N(C(=O)C(NC(=O)C2=CN=CC=C2)=C1C)C1=CC=CC=C1,Nifenazone,4487.0
COC1=C(C=C(Cl)C=C1)C(=O)NCCC1=CC=C(C=C1)S(=O)(=O)NC(=O)NC1CCCCC1,Glyburide,3488.0
CN(C)C(=N)NC(N)=N,Metformin,4091.0
COC1=NC=CN=C1NS(=O)(=O)C1=CC=C(N)C=C1,Sulfalene,9047.0
CCN(CC)CCNC(=O)C1=CC=C(I)C=C1,N-(2-(Diethylamino)ethyl)-4-iodobenzamide,129424.0
COC(=O)C1=C(C)NC(C)=C([C@H]1C1=C(C=CC=C1)[N+]([O-])=O)C(=O)OCC(C)C,(S)-Nisoldipine,25273563.0
[Cl-].C[N+]1=CC=C(C=C1)C(=O)NCC1=CC=CC=C1,N-Benzyl-1-methylpyridin-1-ium-4-carboxamide;chloride,72188615.0
C1CN[C@@H](C1)C1=CC=CN=C1,(S)-3-(Pyrrolidin-2-yl)pyridine,91462.0
O=C(CC(C1=CC=CC=C1)C1=CC=CC=C1)N1CCN(CC1)C(C1=CC=CC=C1)C1=CC=CC=C1,"1-[4-(Diphenylmethyl)-1-piperazinyl]-3,3-diphenyl-1-propanone",4988454.0
O=C(N1CCN(CC2=CC=CC=C2)CC1)C1=CC2=C(O1)C=CC=C2,Befuraline,68664.0
O[C@H]1CO[C@@H]2[C@H](O)CO[C@H]12,Isosorbide,12597.0
CC(=O)NC1=CC=CC=C1,Acetanilide,904.0
[O-][N+](=O)C1=CC(C(=O)NC2=CC=CC=C2)=C(Cl)C=C1,2-Chloro-5-nitro-N-phenylbenzamide,644213.0
NS(=O)(=O)C1=CC2=C(N[C@H](CC3=CC=CC=C3)NS2(=O)=O)C=C1C(F)(F)F,(S)-Bendroflumethiazide,6604206.0
COC1=C(OCCNC[C@H](O)COC2=C3C(NC4=C3C=CC=C4)=CC=C2)C=CC=C1,(S)-Carvedilol,185395.0
CC(C)N(CCC(C(N)=O)(C1=CC=CC=C1)C1=NC=CC=C1)C(C)C,Disopyramide,3114.0
CC1=NC(=CC(NC2=NC=C(S2)C(=O)NC2=C(Cl)C=CC=C2C)=N1)N1CCN(CCO)CC1,Dasatinib,3062316.0
C[C@H]1CC2=C(C=CC=C2)N1NC(=O)C1=CC(=C(Cl)C=C1)S(N)(=O)=O,(S)-Indapamide,12598931.0
O=C(OC1=CC=CC2=CC=CN=C12)C1=CC=CC=C1,Benzoxiquine,6855.0
COC1=CC(=CC(OC)=C1OC)C(=O)N1CCOCC1,Trimetozine,12478.0
CCCCOC(=O)C1=CC=C(O)C=C1,Butylparaben,7184.0
[O-][N+](=O)C1=NC=CN1CC(=O)NCC1=CC=CC=C1,Benznidazole,31593.0
Cl.OC(=O)\C=C\C1=CNC=N1,3-(1H-Imidazol-4-yl)prop-2-enoic acid hydrochloride,22163062.0
C[C@@H](NCCCC1=CC=CC(=C1)C(F)(F)F)C1=CC=CC2=CC=CC=C12,Cinacalcet,156419.0
OC[C@@H](O)CN1CCN(CC1)C1=CC=CC=C1,Levodropropizine,65859.0
O=C1CCC2CCC(=O)N12,Rolziracetam,71893.0
NC(=O)CN1C[C@H](O)CC1=O,(R)-Oxiracetam,3051965.0
CNC(=O)C1=CC2=C(C=C1)C(=O)C1=C(C=CC=C1)S2(=O)=O,"N-Methyl-9-oxothioxanthene-3-carboxamide 10,10-dioxide",11722381.0
Cl.Cl.Cl.NC1=C(C=CC=N1)C1=NC2=C(N=C(C=C2)C2=CC=CC=C2)N1C1=CC=C(C=C1)C1(N)CCC1,,
ClC1=CC=C(OCC(=O)N2CCN(CC3=CC4=C(OCO4)C=C3)CC2)C=C1,Fipexide,3351.0
CC(C)NC1=NC=CC=N1,Isaxonine,71169.0
C(N1CCN(CC1)C1=NC=CC=N1)C1=CC2=C(OCO2)C=C1,Piribedil,4850.0
CCN(CC)CCC[C@H](C)NC1=C2C=CC(Cl)=CC2=NC=C1,(S)-Chloroquine,639540.0
CCN(CC)CCC[C@H](C)NC1=C2C=CC(Cl)=CC2=NC2=CC=C(OC)C=C12,(S)-Quinacrine,6603979.0
COC1=C(C=CC=C1)N1CCN(C[C@H](O)COC2=CC=CC3=CC=CC=C23)CC1,"Naftopidil, (S)-",11452157.0
COC1=C(OC)C=C(CCNC[C@H](O)COC2=CC(C)=CC=C2)C=C1,(S)-Bevantolol,13591018.0
O=C(N1CCCCC1)C1=CC2=C(OCO2)C=C1,"1-(1,3-Benzodioxol-5-ylcarbonyl)piperidine",1370.0
CCN(CC)CCNC(=O)COC1=CC=C(OC)C=C1,Mefexamide,4045.0
CCOC(=O)N1CSC[C@H]1C(O)=O,Telmesteine,65946.0
CC(=O)NC1=CC(O)=CC=C1,Metacetamol,12124.0
CCN(CC)C(=O)C1=CN=CC=C1,Nikethamide,5497.0
CCN(CC)C(=O)C1=CC(C)=CC=C1,"N,N-Diethyl-3-methylbenzamide",4284.0
FC1=C(Cl)C=C(C=C1)S(=O)(=O)NCC1=CC=C(C=C1)C(=O)NNC(=O)C1=CC=CC=C1,N-(4-(2-Benzoylhydrazinecarbonyl)benzyl)-3-chloro-4-fluorobenzenesulfonamide,4787937.0
CC12CC3CC(C)(C1)CC(N)(C3)C2,Memantine,4054.0
COC1=CC=C(\C=C\C(O)=O)C=C1,4-Methoxycinnamic acid,699414.0
O=C\C=C\C1=CC=CC=C1,Cinnamaldehyde,637511.0
NNCCC1=CC=CC=C1,Phenelzine,3675.0
CCCNC[C@H](O)COC1=C(C=CC=C1)C(=O)CCC1=CC=CC=C1,(S)-Propafenone,184820.0
OC(=O)C1=NC2=CC=CC=C2C(O)=C1,Kynurenic acid,3845.0
Cl.COC1=CC=C(C=C1)[C@@H](CN(C)C)C1(O)CCCCC1,"Venlafaxine hydrochloride, (S)-",11846745.0
CC(C)[C@H](NC(=O)N(C)CC1=CSC(=N1)C(C)C)C(=O)N[C@H](C[C@H](O)[C@H](CC1=CC=CC=C1)NC(=O)OCC1=CN=CS1)CC1=CC=CC=C1,Ritonavir,392622.0
CC1=CC(=O)N(N1)C1=CC=CC=C1,3-Methyl-1-phenyl-1H-pyrazol-5-ol,70335.0
C(C1=NCCN1)C1=CC=CC=C1,Tolazoline,5504.0
CCN(CC)CC1=C(O)C=CC(NC2=C3C=CC(Cl)=CC3=NC=C2)=C1,Amodiaquine,2165.0
CN(C)C(=O)C(CCN1CCC(O)(CC1)C1=CC=C(Cl)C=C1)(C1=CC=CC=C1)C1=CC=CC=C1,Loperamide,3955.0
C1CN2CC3=C(C=CC=C3)N=C2C1,Deoxypeganine,442894.0
CN(C)CCCN1C2=C(SC3=C1C=C(Cl)C=C3)C=CC=C2,Chlorpromazine,2726.0
O=C(NCC1=CC=CC=C1)C1=CSC(NC2=NC=NC=C2)=N1,N-Benzyl-2-(pyrimidin-4-ylamino)thiazole-4-carboxamide,46209426.0
C\C(=N\NC1=NC2=C(N=N1)C1=C(N2)C(C)=CC=C1)C1=NC=CC=C1,"6-Methyl-N-[(Z)-1-pyridin-2-ylethylideneamino]-5H-[1,2,4]triazino[5,6-b]indol-3-amine",6413301.0
C1CN2C[C@@H](N=C2S1)C1=CC=CC=C1,Levamisole,26879.0
OCCN1CCN(CCCN2C3=C(SC4=C2C=C(C=C4)C(F)(F)F)C=CC=C3)CC1,Fluphenazine,3372.0
O=C1CC2(CCCC2)CC(=O)N1CCCCN1CCN(CC1)C1=NC=CC=N1,Buspirone,2477.0
OC1=NC(O)=C2C=NNC2=N1,Oxypurinol,135398752.0
CC1=NN=C(NS(=O)(=O)C2=CC=C(N)C=C2)S1,Sulfamethizole,5328.0
NCCC(O)(P(O)(O)=O)P(O)(O)=O,Pamidronic acid,4674.0
C1CN=C(N1)[C@@H]1CCCC2=C1C=CC=C2,"2-[(1R)-1,2,3,4-Tetrahydronaphthalen-1-yl]-4,5-dihydro-1H-imidazole",716126.0
CNCC[C@H](OC1=CC=C(C=C1)C(F)(F)F)C1=CC=CC=C1,(3S)-N-Methyl-3-phenyl-3-[4-(trifluoromethyl)phenoxy]propan-1-amine,1548968.0
CC1=CC=C(C=C1)N(CC1=NCCN1)C1=CC=CC(O)=C1,Phentolamine,5775.0
NC[C@@H]1CN(CC2=CC=CC=C2)C(=O)C1,N-Benzyl-(4R)-4-aminomethyl-pyrrolidin-2-one,40490185.0
[Cl-].CC(=O)OCC[N+](C)(C)C,Acetylcholine chloride,6060.0
C1C2CNCC1C1=C2C=C2N=CC=NC2=C1,Varenicline,170361.0
CCCCN(CCCC)CCCOC1=CC=C(C=C1)C(=O)C1=C(CCCC)OC2=C1C=C(NS(C)(=O)=O)C=C2,Dronedarone,208898.0
CS(=O)(=O)CCNCC1=CC=C(O1)C1=CC=C2N=CN=C(NC3=CC(Cl)=C(OCC4=CC(F)=CC=C4)C=C3)C2=C1,Lapatinib,208908.0
NCCC[C@H](N)C(O)=O,L-Ornithine,6262.0
OC(=O)CCC1=CC(I)=C(OC2=CC=C(O)C=C2)C(I)=C1,"3,5-Diiodothyropropionic acid",160565.0
CC1(C)S[C@@H]2[C@H](NC(=O)CC3=CC=CC=C3)C(=O)N2[C@H]1C(O)=O,Penicillin g,5904.0
CC(C)(O)CC(O)=O,beta-Hydroxyisovaleric acid,69362.0
NC(=N)NC(=O)C1=NC=CN=C1,N-(Pyrazine-2-carbonyl)-guanidine,124704.0
CCN1C[C@H](CCN2CCOCC2)C(C1=O)(C1=CC=CC=C1)C1=CC=CC=C1,(R)-Doxapram,28248395.0
Cl.CCNC[C@H](O)C1=CC=CC(O)=C1,"Etilefrine hydrochloride, (R)-",12309454.0
OS(=O)(=O)C1=CC2=C(NC(=N2)C2=CC=CC=C2)C=C1,Ensulizole,33919.0
OC(=O)C1=C(C=CC=C1)C1=C2C=C(I)C(=O)C(I)=C2OC2=C(I)C(O)=C(I)C=C12,Erythrosin(E),27873.0
NC1=CC2=NC3=CC(N)=CC=C3C=C2C=C1,Proflavine,7099.0
COC1=C(OC)C=C(CCN(C)CCCC(C#N)(C(C)C)C2=CC(OC)=C(OC)C=C2)C=C1,Verapamil,2520.0
COC(=O)[C@@H](N1CCC2=C(C1)C=CS2)C1=C(Cl)C=CC=C1,Clopidogrel,60606.0
NC(=O)N1C2=C(CC(=O)C3=C1C=CC=C3)C=CC=C2,Oxcarbazepine,34312.0
ClC1=C(NC2=NCCN2)C2=NSN=C2C=C1,Tizanidine,5487.0
CC(=O)OCC(CCN1C=NC2=CN=C(N)N=C12)COC(C)=O,Famciclovir,3324.0
CC1=NC(C)=C(Cl)C(O)=C1Cl,Clopidol,18087.0
OC(=O)[C@@H]1CCN2C1=CC=C2C(=O)C1=CC=CC=C1,(R)-Ketorolac,181818.0
CN(C)CCOC(C)(C1=CC=CC=C1)C1=NC=CC=C1,Doxylamine,3162.0
CN(C)CCC[C@@]1(OCC2=C1C=CC(=C2)C#N)C1=CC=C(F)C=C1,(R)-Citalopram,6101829.0
NCCCS(O)(=O)=O,Tramiprosate,1646.0
NC(=N)NCCC(O)=O,3-Guanidinopropionic acid,67701.0
OS(=O)(=O)CCS,2-Mercaptoethanesulfonic acid,598.0
NCCCCNC(N)=N,Agmatine,199.0
N[C@@H](C(O)=O)C1=CC(O)=CC(O)=C1,"(2R)-2-Amino-2-(3,5-dihydroxyphenyl)acetic acid",10197959.0
CCN(CC)C(S)=S,Diethylcarbamodithioic acid,8987.0
CC1=C(CCN)SC(N)=N1,Amthamine,126688.0
CC(=O)NCCCS(O)(=O)=O,Acamprosate,71158.0
C(C1CCNCC1)C1=CNC=N1,Immepip,3035842.0
CN(C)CCCSC(N)=N,Dimaprit,3077.0
NCCCC(N)(C(F)F)C(O)=O,Eflornithine,3009.0
OC(=O)P(O)(O)=O,Foscarnet,3415.0
C[C@H](CN)CC(O)=O,(3S)-4-Azaniumyl-3-methylbutanoate,44313225.0
OCC1=CC(F)=CN=C1,(5-Fluoropyridin-3-yl)methanol,152449.0
CC(C)(C)NC[C@H](O)C1=CC(CO)=C(O)C=C1,Levalbuterol,123600.0
OC[C@H]1O[C@H]([C@H](O)[C@@H](O)[C@@H]1O)C1=C(O)C=CC2=C1OC=C(C2=O)C1=CC=C(O)C=C1,Puerarin,5281807.0
Cl.COC(=O)[C@@H](N)CS,Visclair,29144.0
Cl.CC1=NC=C(CO)C(C=O)=C1O,Pyridoxal hydrochloride,6171.0
CON,O-Methylhydroxylamine,4113.0
CCCC[C@H](O)C1=CC=CC=C1,"Benzenemethanol, alpha-butyl-, (alphas)-",6992754.0
COC1=CC(C(O)C(C)N)=C(OC)C=C1,Methoxamine,6082.0
NCCC1=NNC=C1,Betazole,7741.0
N[C@H]1CCN(C1)C1=CC=CN=C1,(3S)-1-Pyridin-3-ylpyrrolidin-3-amine,39220800.0
COC1=C(O)C=CC(CCC(C)=O)=C1,Zingerone,31211.0
CCOC(=O)[C@@H](N)CC1=CC(O)=C(O)C=C1,Etilevodopa,170345.0
OC\C=C\C(O)=O,4-Hydroxycrotonic acid,6155526.0
CC1=C(CCN)NC=N1,4-Methylhistamine,37463.0
CC1=CC=C(Cl)C(NC2=C(C=CC=C2)C(O)=O)=C1Cl,Meclofenamic acid,4037.0
CC1(CN)CC2=C(C1)C=CC=C2,"(2-Methyl-1,3-dihydroinden-2-yl)methanamine",22152353.0
CC1=CC=C(C=C1)S([O-])(=O)=O.CC[N+](C)(C)CC1=C(Br)C=CC=C1,Bretylium tosylate,6100.0
CCCN(CCC)CCC1=CC=CC2=C1CC(=O)N2,Ropinirole,5095.0
Cl.Cl.OCCOCCN1CCN(CC1)[C@@H](C1=CC=CC=C1)C1=CC=C(Cl)C=C1,2-[2-[4-[(S)-(4-Chlorophenyl)-phenylmethyl]piperazin-1-yl]ethoxy]ethanol;dihydrochloride,73416009.0
Cl.COCCOC1=CC2=NC=NC(NC3=CC(=CC=C3)C#C)=C2C=C1OCCOC,Erlotinib hydrochloride,176871.0
O=C1CCC2=C(N1)C=CC(OCCCCC1=NN=NN1C1CCCCC1)=C2,Cilostazol,2754.0
CC1=C(C)C2=C(CC[C@](C)(O2)C(O)=O)C(C)=C1O,"(S)-(-)-6-Hydroxy-2,5,7,8-tetramethylchroman-2-carboxylic acid",688071.0
CC1(C)S[C@@H]2[C@H](NC(=O)[C@H](N)C3=CC=CC=C3)C(=O)N2[C@H]1C(O)=O,Ampicillin,6249.0
Cl.CCOC(=O)[C@H](CCC1=CC=CC=C1)N[C@@H](C)C(=O)N1CC2=C(C[C@H]1C(O)=O)C=CC=C2,Quinapril hydrochloride,54891.0
Cl.NC[C@H](O)C1=CC=C(O)C=C1,"Octopamine hydrochloride, (-)-",23724773.0
OCC1=C[N+]([O-])=CC=C1,Mepiroxol,71668.0
CN1CC(=O)N2[C@H](CC3=C(NC4=C3C=CC=C4)[C@H]2C2=CC3=C(OCO3)C=C2)C1=O,Tadalafil,110635.0
[Cl-].C[N+](C)(C)CC(O)=O,Betaine hydrochloride,11545.0
OC(=O)[C@@H](S)[C@@H](S)C(O)=O,Succimer,2724354.0
CNS(=O)(=O)CC1=CC2=C(NC=C2CCN(C)C)C=C1,Sumatriptan,5358.0
CC(C)NC(=O)NS(=O)(=O)C1=C(NC2=CC(C)=CC=C2)C=CN=C1,Torsemide,41781.0
CCC1=C2CN3C(=CC4=C(COC(=O)[C@]4(O)CC)C3=O)C2=NC2=CC=C(OC(=O)N3CCC(CC3)N3CCCCC3)C=C12,Irinotecan,60838.0
NC1=NC(=O)N(C=N1)[C@H]1C[C@H](O)[C@@H](CO)O1,Decitabine,451668.0
NCCCNCCSP(O)(O)=O,Amifostine,2141.0
CC[C@H]1OC(=O)[C@H](C)[C@@H](O[C@H]2C[C@@](C)(OC)[C@@H](O)[C@H](C)O2)[C@H](C)[C@@H](O[C@@H]2O[C@H](C)C[C@@H]([C@H]2O)N(C)C)[C@](C)(O)C[C@@H](C)C(=O)[C@H](C)[C@@H](O)[C@]1(C)O,Erythromycin,12560.0
COC1=C2N(C=C(C(O)=O)C(=O)C2=CC(F)=C1N1C[C@@H]2CCCN[C@@H]2C1)C1CC1,Moxifloxacin,152946.0
Cl.CCN(CC)CC#CCOC(=O)C(O)(C1CCCCC1)C1=CC=CC=C1,Oxybutynin chloride,91505.0
CC#C[C@]1(O)CC[C@H]2[C@@H]3CCC4=CC(=O)CCC4=C3[C@H](C[C@]12C)C1=CC=C(C=C1)N(C)C,Mifepristone,55245.0
OC1=CC=C(C=C1)C1=C(C(=O)C2=CC=C(OCCN3CCCCC3)C=C2)C2=C(S1)C=C(O)C=C2,Raloxifene,5035.0
ClC1=CC(=CC=C1)N1CCN(CCCN2N=C3C=CC=CN3C2=O)CC1,Trazodone,5533.0
COC1=C(OC)C(NS(=O)(=O)C2=CC=C(N)C=C2)=NC=N1,Sulfadoxine,17134.0
CC(=C)[C@@H]1CCC(C)=CC1,D-Limonene,440917.0
C[C@H](O)CC(C)(C)O,"(4S)-2-Methyl-2,4-pentanediol",5288834.0
CN1C=CC(=O)C(O)=C1C,Deferiprone,2972.0
O.O.O.[Na+].CC1=CC=C(C=C1)S(=O)(=O)[N-]Cl,Chloramine-T trihydrate,517414.0
N[C@@H](CC1=CC(I)=C(OC2=CC(I)=C(O)C(I)=C2)C(I)=C1)C(O)=O,Levothyroxine,5819.0
Cl.CN(C)CCC=C1C2=C(C=CC=C2)C=CC2=C1C=CC=C2,Cyclobenzaprine hydrochloride,22576.0
NC(=O)C([C@@H]1CCN(CCC2=CC3=C(OCC3)C=C2)C1)(C1=CC=CC=C1)C1=CC=CC=C1,Darifenacin,444031.0
CC1=CC=CC(\C=N\NC2=CC(=NC(OCCC3=NC=CC=C3)=N2)N2CCOCC2)=C1,N-[(E)-(3-Methylphenyl)methylideneamino]-6-morpholin-4-yl-2-(2-pyridin-2-ylethoxy)pyrimidin-4-amine,10173277.0
OS(O)(=O)=O.CC(C)(C)NCC(O)C1=CC(O)=CC(O)=C1.CC(C)(C)NCC(O)C1=CC(O)=CC(O)=C1,Terbutaline sulphate,31620.0
O.Cl.NC1=C2CCCCC2=NC2=C1CCC2,Ipidacrine hydrochloride hydrate,6917941.0
CC(C)NC[C@H](O)C1=CC(O)=C(O)C=C1,Levisoprenaline,443372.0
OC(CCN1CCCCC1)(C1CCCCC1)C1=CC=CC=C1,Trihexyphenidyl,5572.0
[Br-].CCCCCCCCCCCCCCCC[N+](C)(C)C,Cetrimonium bromide,5974.0
CCOC1=CC2=C(C=C1)N=C(S2)S(N)(=O)=O,Ethoxzolamide,3295.0
OS(O)(=O)=O.CC(C)(C)NC(=O)[C@@H]1CN(CC2=CN=CC=C2)CCN1C[C@@H](O)C[C@@H](CC1=CC=CC=C1)C(=O)N[C@@H]1[C@H](O)CC2=C1C=CC=C2,Indinavir sulfate,5462355.0
COC1=CC(\C=C/C2=CC(O)=C(OC)C=C2)=CC(OC)=C1OC,Combretastatin A4,5351344.0
COC1=C(OC[C@@H](O)COC(N)=O)C=CC=C1,(R)-Methocarbamol,688484.0
C[C@H]1C[C@H]2[C@@H]3CC[C@](O)(C(C)=O)[C@@]3(C)CC[C@@H]2[C@@]2(C)CCC(=O)C=C12,Medroxyprogesterone,10631.0
C[C@H](NC(C)(C)C)C(=O)C1=CC=CC(Cl)=C1,(S)-Bupropion,667684.0
Cl.CNCCCC12CCC(C3=C1C=CC=C3)C1=C2C=CC=C1,Maprotiline hydrochloride,71478.0
C[C@@H](CN1C2=C(SC3=C1C=CC=C3)C=CC=C2)N(C)C,"(2S)-N,N-Dimethyl-1-phenothiazin-10-ylpropan-2-amine",667687.0
OC(=O)\C=C/C(O)=O.CN(C)CCO[C@@H](C1=CC=C(Cl)C=C1)C1=NC=CC=C1,(S)-Carbinoxamine maleate,23723101.0
O.[Na+].CC1=C(C(=O)N[C@H]2[C@H]3SC(C)(C)[C@@H](N3C2=O)C([O-])=O)C(=NO1)C1=C(Cl)C=CC=C1Cl,Dicloxacillin sodium monohydrate,23675786.0
OCC(Br)(Br)Br,"2,2,2-Tribromoethanol",6400.0
COC1=C2O[C@H]3C[C@@H](O)C=C[C@]33CCN(C)CC(C=C1)=C23,Galantamine,9651.0
Cl.NC(=N)NC(=O)CC1=C(Cl)C=CC=C1Cl,Guanfacine hydrochloride,71401.0
COC1=CC=C(C=C1)C1=NC2=C(N1)C=CC(=C2)C1=NNC(=O)C[C@@H]1C,"(4S)-3-[2-(4-Methoxyphenyl)-3H-benzimidazol-5-yl]-4-methyl-4,5-dihydro-1H-pyridazin-6-one",6918916.0
CCC1=C(C)CN(C(=O)NCCC2=CC=C(C=C2)S(=O)(=O)NC(=O)N[C@H]2CC[C@H](C)CC2)C1=O,,
OC1=CC=C2C[C@H]3N(CC4CC4)CC[C@@]45[C@@H](OC1=C24)C(=O)CC[C@@]35O,Naltrexone,5360515.0
Cl.COC(=O)C1=C(C)NC(C)=C([C@H]1C1=CC=CC(=C1)[N+]([O-])=O)C(=O)OCCN(C)CC1=CC=CC=C1,"Nicardipine hydrochloride, (S)-",66587092.0
CCCCC1=NC(Cl)=C(CO)N1CC1=CC=C(C=C1)C1=C(C=CC=C1)C1=NN=NN1,Losartan,3961.0
CCN(CCO)CCC[C@H](C)NC1=C2C=CC(Cl)=CC2=NC=C1,"Hydroxychloroquine, (S)-",178396.0
CSC1=CC2=C(SC3=C(C=CC=C3)N2CC[C@H]2CCCCN2C)C=C1,10-{2-[(2r)-1-Methylpiperidin-2-Yl]ethyl}-2-(Methylsulfanyl)-10h-Phenothiazine,6604030.0
CC#C[C@@H](CC(O)=O)C1=CC=C(OCC2=CC=CC(=C2)C2=CC=C(C=C2)C(F)(F)F)C=C1,"(S)-3-(4-((4'-(Trifluoromethyl)-[1,1'-biphenyl]-3-yl)methoxy)phenyl)hex-4-ynoic acid",46854655.0
CN(C)CCCN1C2=C(CCC3=C1C=CC=C3)C=CC=C2,Imipramine,3696.0
CC1=C(SC=C1)C(=CCCN1CCC[C@H](C1)C(O)=O)C1=C(C)C=CS1,Tiagabine,60648.0
O.CC1=C(N2[C@H](SC1)[C@H](NC(=O)[C@H](N)C1=CC=CC=C1)C2=O)C(O)=O,Cephalexin monohydrate,62921.0
ClC1=C(Cl)C2=C(C=C1)N=C1NC(=O)CN1C2,Anagrelide,135409400.0
Cl.Cl.CNCCC1=CN=CN1,Nalpha-Methylhistamine dihydrochloride,16078977.0
CN[C@H]1CC[C@@H](C2=CC(Cl)=C(Cl)C=C2)C2=C1C=CC=C2,Sertraline,68617.0
CCCN[C@H]1CCC2=C(C1)SC(N)=N2,Pramipexole,119570.0
CC[C@@H](CO)NCCN[C@@H](CC)CO,Ethambutol Hydrochloride,14052.0
O=C1NC=NC2=C1NC=N2,"3,7-Dihydropurin-6-one",790.0
CC(C)NC[C@H](O)C1=CC(O)=CC(O)=C1,(R)-Orciprenaline,6603919.0
CNCCC=C1C2=C(CCC3=C1C=CC=C3)C=CC=C2,Nortriptyline,4543.0
CC(C)NC[C@H](O)C1=CC(C#N)=C(N)C=C1,2-Amino-5-[(1R)-1-hydroxy-2-(propan-2-ylamino)ethyl]benzonitrile,6604722.0
IC1=CC=C(C=C1)C(=O)NC1CCN(CC2=CC=CC=C2)CC1,N-(1-Benzylpiperidin-4-yl)-4-iodobenzamide,132995.0
CCCC[C@H]1C(=O)N(N(C1=O)C1=CC=C(O)C=C1)C1=CC=CC=C1,"4-Butyl-1-(4-hydroxyphenyl)-2-phenylpyrazolidine-3,5-dione",448033.0
NS(=O)(=O)C1=C(Cl)C=C2N[C@@H](NS(=O)(=O)C2=C1)C(Cl)Cl,"(3S)-6-Chloro-3-(dichloromethyl)-1,1-dioxo-3,4-dihydro-2H-1lambda6,2,4-benzothiadiazine-7-sulfonamide",12444480.0
CC(C)CCC[C@@H](C)[C@H]1CC[C@H]2[C@@H]3CCC4=CC(CC[C@]4(C)[C@H]3CC[C@]12C)=NO,"Cholest-4-en-3-one, oxime",76971721.0
OC(=O)\C=C/C(O)=O.OC(=O)\C=C/C(O)=O.CN1CCN(CCCN2C3=C(SC4=C2C=C(Cl)C=C4)C=CC=C3)CC1,Prochlorperazine maleate,5281032.0
[Na+].CC(C)(O)C1=COC(=C1)S(=O)(=O)[N-]C(=O)NC1=C2CCCC2=CC2=C1CCC2,MCC950 sodium,91826093.0
Cl.OC1=CC=C(C[C@@H]2NCCC3=CC(O)=C(O)C=C23)C=C1,(-)-Higenamine hydrochloride,86278140.0
O=C1NC2=C(C=C1)C=CC(OCCCCN1CCN(CC1)C1=CC=CC3=C1C=CS3)=C2,Brexpiprazole,11978813.0
Cl.CC1=C(OC2=C(C=CC=C2C(=O)OCCN2CCCCC2)C1=O)C1=CC=CC=C1,Flavoxate hydrochloride,441345.0
O[C@H]([C@@H](O)C([O-])=O)C(O)=O.O[C@H]([C@@H](O)C([O-])=O)C(O)=O.C[N+]1(CCCCC[N+]2(C)CCCC2)CCCC1,Pentolinium tartrate,5849.0
Cl.N[C@@H](CC1=CC=C(Cl)C=C1)C(O)=O,4-Chloro-L-phenylalanine Hydrochloride,12647247.0
O.O.[Na+].[O-]C(=O)CNC(=O)C1=C(I)C=CC=C1,Iodohippurate sodium dihydrate,72941473.0
CCC(CC)O[C@@H]1C=C(C[C@H](N)[C@H]1NC(C)=O)C(O)=O,Oseltamivir acid,449381.0
CN(C)CCN(CC1=CC=CC=C1)C1=NC=CC=C1,Tripelennamine,5587.0
CC(=C)[C@@H]1CC[C@@](C)(C=C)[C@@H](C1)C(C)=C,beta-Elemene,6918391.0
CCCCN1C[C@H](O)[C@@H](O)[C@H](O)[C@H]1CO,Miglustat,51634.0
COC(=O)[C@@H](N)CCCNC(=N)N[N+]([O-])=O,L-Name,39836.0
NC[C@@H]1O[C@H](O[C@@H]2[C@@H](CO)O[C@@H](O[C@@H]3[C@@H](O)[C@H](N)C[C@H](N)[C@H]3O[C@H]3O[C@H](CO)[C@@H](O)[C@H](O)[C@H]3N)[C@@H]2O)[C@H](N)[C@@H](O)[C@@H]1O,Paromomycin,165580.0
CC(C)NC(=N)NC(=N)NC1=CC=C(Cl)C=C1,N-(4-Chlorophenyl)-N'-(isopropyl)-imidodicarbonimidic diamide,4923.0
ClC1=CC=C(C=C1)C(=O)NCCN1CCOCC1,Moclobemide,4235.0
COC1=CC2=NC(NC3=NC(O)=C(C)C(C)=N3)=NC(C)=C2C=C1,Madrasin,135444382.0
NC(=N)NNC(=C)C1=CC(=CC(NC(=O)CCCCCCCCC(=O)NC2=CC(=CC(=C2)C(=C)NNC(N)=N)C(=C)NNC(N)=N)=C1)C(=C)NNC(N)=N,"N,N'-Bis[3,5-bis[1-[2-(diaminomethylidene)hydrazinyl]ethenyl]phenyl]decanediamide",129010076.0
CCC1=C(N=C(O)N1)C(=O)C1=CC=NC=C1,Piroximone,55263.0
CN1C(=O)N(C2=C1C=NC1=CC=C(C=C21)C1=CC2=CC=CC=C2N=C1)C1=CC=C(C=C1)C(C)(C)C#N,Dactolisib,11977753.0
CN1CCC\C1=N\C(=O)NC1=C(C)C=CC=C1C,Xilobam,39689.0
CCCCCCCCCCCCOS(O)(=O)=O.CCCCCCCCCCCCOS([O-])(=O)=O.CC1=C(CCO)SC=[N+]1CC1=C(N)N=C(C)N=C1,Thiamine bis-laurylsulfate,71587146.0
NC(=O)C1=CN=CC=C1,Nicotinamide,936.0
NC(=O)C1=NC=CN=C1,Pyrazinamide,1046.0
N[C@]1(CC[C@H]2[C@@H]([C@@H]12)C(O)=O)C(O)=O,Eglumetad,213056.0
CN1C(=O)C[C@@H](C1=O)C1=CC=CC=C1,(3R)-N-Methyl-3-phenylsuccinimide,6604215.0
C1N2CN3CN1CN(C2)C3,Methenamine,4101.0
C(NC1=NC=NC2=C1NC=N2)C1=CC=CC=C1,6-Benzylaminopurine,62389.0
CCCCCCCCC(=O)NCC1=CC(OC)=C(O)C=C1,Nonivamide,2998.0
COC1=CC=C(C=C1)C1=COC2=C(C=CC(O)=C2)C1=O,Formononetin,5280378.0
O=C1NC2=C(C=CC=C2)C(=O)N1CCCN1CCN(CC1)C1=CC=CC=C1,Pelanserin,65435.0
CCC(C)C(N)C(=O)NCCN1CCOCC1,2-Amino-3-methyl-N-[2-(morpholin-4-yl)ethyl]pentanamide,11959372.0
C[C@H]1COC2(CCN(CC2)C2=NC(=O)C3=CC(=CC(=C3S2)[N+]([O-])=O)C(F)(F)F)O1,Unii-G55ZH52P57,42609849.0
COC1=CC2=C(NC=C2C2=CCNCC2)C=C1,"5-Methoxy-3-(1,2,3,6-tetrahydropyridin-4-yl)-1H-indole",108029.0
IC1=CC=C(C=C1)C(=O)NCCN1CCCCC1,N-[2-(Piperidinylamino)ethyl]-4-iodobenzamide,127898.0
ClC(Cl)[C@@H](C1=CC=C(Cl)C=C1)C1=C(Cl)C=CC=C1,"Mitotane, (S)-",6603772.0
NC(=O)NCCN1CCN(CC1)C1=CC=CC(=C1)C(F)(F)F,Fluprazine,71153.0
O=C1C(=CC2=CN=CC=C2)C(=O)C2=C1C=CC=C2,"1,3-Indandione, 2-(3-pyridylmethylene)-",207893.0
COC1=CC(OC)=C(C=O)C=C1OC,"2,4,5-Trimethoxybenzaldehyde",20525.0
CCCN[C@@H](C)C(=O)NC1=C(C)C=CC=C1,(S)-N-(2-Methylphenyl)-2-(propylamino)propanamide,6603976.0
COC1=CC2=C(C=C1)N=C(NC(=O)NC1=CC=CC=C1)S2,Frentizole,33334.0
CCCCNC(=O)NS(=O)(=O)C1=CC=C(C)C=C1,Tolbutamide,5505.0
CC1=CC=C(C=C1)S(N)(=O)=O,P-Toluenesulfonamide,6269.0
CC1=CC=C(C=C1)S(=O)(=O)NCC1=CC=CC=C1,N-Benzyl-p-toluenesulfonamide,95801.0
CN(C)S(=O)(=O)C1=C(C)C=CC(=C1)[N+]([O-])=O,"N,N,2-Trimethyl-5-nitrobenzenesulfonamide",2921148.0
CC1=CC(C)=C(C(C)=C1)S(=O)(=O)NC1=CC(=CC=C1)C(F)(F)F,m-3M3FBS,761523.0
CC1=CC=CC(C)=C1NC(=O)CN1CCCCCC1,Pincainide,71267.0
C(CC1=CC=CC=C1)NC1=NC(=CS1)C1=CC=CC=C1,Fanetizole,54339.0
CN1C2=C(N(CCOC(=O)C(C)(C)OC3=CC=C(Cl)C=C3)C=N2)C(=O)N(C)C1=O,Etofylline clofibrate,41109.0
CC1=CC=CC(CN2CCN(CC2)[C@@H](C2=CC=CC=C2)C2=CC=C(Cl)C=C2)=C1,(S)-Meclizine,6604289.0
NS(=O)(=O)C1=CC=C(C=C1)C(O)=O,Carzenide,8739.0
CCN(CC)S(=O)(=O)C1=CC=C(C=C1)C(O)=O,Etebenecid,14604.0
CCCN(CCC)S(=O)(=O)C1=CC=C(C=C1)C(O)=O,Probenecid,4911.0
CCOC(=O)C1=CC=C(O)C=C1,Ethylparaben,8434.0
CCCOC(=O)C1=CC=CC=C1,Propyl benzoate,16846.0
CC[C@@]1(NC(=O)N(C)C1=O)C1=CC=CC=C1,(R)-(-)-Mephenytoin,119127.0
CCN1C(=O)N[C@@H](C1=O)C1=CC=CC=C1,(R)-Ethotoin,12309784.0
CCOC(=O)C1=CC=C(N)C=C1,Benzocaine,2337.0
CC(=O)NC1=CC=C(C=C1)C(=O)NC(C)(C)C,4-Acetamido-N-tert-butylbenzamide,151118.0
CCOC1=C(C=CC=C1)C(N)=O,Ethenzamide,3282.0
CCN(CC)CC(=O)NC1=C(C)C=CC=C1C,Lidocaine,3676.0
C(N1CCN(CC1)C1=NC=CC=C1)C1=NC2=C(N1)C=CC=C2,2-[(4-Pyridin-2-ylpiperazin-1-yl)methyl]-1H-benzimidazole,5025739.0
CC(C)(C)NC[C@H](O)COC1=C(Cl)C=CC(Cl)=C1,"Cloranolol, (S)-",60022665.0
CC(=O)NC1=CC=C(NC(=S)NC(=O)C2=CC=C(C=C2)C(C)(C)C)C=C1,Tenovin-1,1013376.0
CN1C=NC2=C1C(=O)NC(=O)N2C,Theobromine,5429.0
COC1=C(O)C=CC(CC=C)=C1,Eugenol,3314.0
NS(=O)(=O)C1=C(Cl)C=C2NCNS(=O)(=O)C2=C1,Hydrochlorothiazide,3639.0
CN(C)C(=S)SSC(=S)N(C)C,Thiram,5455.0
OC(=O)CCCC1=CNC2=C1C=CC=C2,Indole-3-butyric acid,8617.0
CC(C)NC[C@H](O)C1=CC=C(C=C1)[N+]([O-])=O,(R)-Nifenalol,202058.0
OC(=O)CN1C(=O)C2=CC=CC3=CC=CC(C1=O)=C23,Alrestatin,2120.0
CC1=C(OCCCC(=O)NO)C=CC(Cl)=C1,4-(4-Chloro-2-methylphenoxy)-N-hydroxybutanamide,568416.0
C=CC(=O)NCC1=CC=CC=C1,N-Benzylacrylamide,139428.0
CC(=O)NC1=NN(C(C)=O)[C@@](C)(S1)C1=CC=CC=C1,"N-[(5S)-4-Acetyl-5-methyl-5-phenyl-1,3,4-thiadiazol-2-yl]acetamide",686905.0
COC(=O)C1=C(C)NC(C)=C(C1C1=C(OC(F)F)C=CC=C1)C(=O)OC,Riodipine,68909.0
C(C1=NCCN1)C1=CC=CC2=CC=CC=C12,Naphazoline,4436.0
CC1=CC(=O)OC2=C1C=CC(O)=C2,4-Methylumbelliferone,5280567.0
CCN1C=NC(C(=O)NC)=C1C(=O)NC,Etimizol,6168.0
CCS(=O)(=O)CCN1C(C)=NC=C1[N+]([O-])=O,Tinidazole,5479.0
COC1=CC(NS(=O)(=O)C2=CC=C(N)C=C2)=NC(OC)=N1,Sulfadimethoxine,5323.0
O[C@@H](CC1=CC=NC=C1)C(Cl)(Cl)Cl,"(2s)-1,1,1-Trichloro-3-(pyridin-4-yl)propan-2-ol",736879.0
OC1=CC=C(C=C1)C1(OS(=O)(=O)C2=C1C=CC=C2)C1=CC=C(O)C=C1,Phenol red,4766.0
NCCCC(O)(P(O)(O)=O)P(O)(O)=O,Alendronic acid,2088.0
OC12CC3CC(C1)C(=O)C(C3)C2,Idramantone,64184.0
OC(=O)C1=CC(=NC2=CC=CC=C12)C1=CC=CC=C1,Cinchophen,8593.0
COC1=CC2=C(C=C1)N(C(=O)C1=CC=C(Cl)C=C1)C(C)=C2CC(O)=O,Indomethacin,3715.0
COC1=CC2=C(C=C1)C(C)(C)C(=O)N(CCC1=CC=C(C=C1)S(=O)(=O)NC(=O)NC1CCCCC1)C2=O,Gliquidone,91610.0
NC1=C2CCCCC2=NC2=CC=CC=C12,Tacrine,1935.0
CC1=CC(C)=NC(NS(=O)(=O)C2=CC=C(N)C=C2)=N1,Sulfamethazine,5327.0
CCN(CC)C1=CC(C)=NC2=NC=NN12,Trapidil,5531.0
CC1(C)CC(=O)C([C@H]2C3=C(OC4=C2C(=O)CC(C)(C)C4)C=CC=C3)C(=O)C1,"2-[(9S)-3,3-Dimethyl-1-oxo-4,9-dihydro-2H-xanthen-9-yl]-5,5-dimethylcyclohexane-1,3-dione",969478.0
NN1C=NC2=CC3=CC=CC=C3C=C2C1=O,Centazolone,72846.0
NNC(=O)CN1C2=C(C=C(Br)C=C2)C(=NCC1=O)C1=CC=CC=C1,Gidazepam,121919.0
C1CN(CCO1)SC1=NC2=C(S1)C=CC=C2,2-(Morpholinothio)benzothiazole,7619.0
CC1=CC=CC(C)=C1NC1=NCCCS1,Xylazine,5707.0
CN1CCC2=C(C1)C1=C(C=CC=C1)N2CC1=CC=CC=C1,Mebhydrolin,22530.0
NC1=CC=C(C=C1)S(N)(=O)=O,Sulfanilamide,5333.0
OC(=O)CCNC(=O)C1=CC=CC=C1,Betamipron,71651.0
OC(=O)C1=C(C=CC=C1)C1=CC=C(C=C1)C(F)(F)F,Xenalipin,55251.0
O=C1CNC(=O)CN1,"2,5-Piperazinedione",7817.0
NC(=O)CN1CCCC1=O,Piracetam,4843.0
CN1N(C(=O)C(N)=C1C)C1=CC=CC=C1,4-Aminoantipyrine,2151.0
S=C=NCC1=CC=CC=C1,Benzyl isothiocyanate,2346.0
Cl.C[C@H](N)C12CC3CC(CC(C3)C1)C2,(1S)-1-(Adamantan-1-yl)ethan-1-amine hydrochloride,16048571.0
CC(=O)NC1=C(I)C(C(O)=O)=C(I)C(NC(C)=O)=C1I,Diatrizoic acid,2140.0
NC1=NC2=C(S1)C=CC1=CC=CC=C21,"Naphtho[1,2-d]thiazol-2-amine",94880.0
OC(=O)C1=C(NC(=O)C23CC4CC(CC(C4)C2)C3)C=CC=C1,N-(1-Adamantanoyl)anthranilic acid,2847479.0
OC1CNC(C1)C(O)=O,4-Hydroxyproline,825.0
O=C(CC#N)C1=CC=CC=C1,Benzoylacetonitrile,64799.0
CC(=O)NCCCCCC(O)=O,6-Acetamidohexanoic acid,2005.0
NS(=O)(=O)C#CC1=CC=CC=C1,2-Phenylethynesulfonamide,327653.0
CN(C)CC1=CNC2=C1C=CC=C2,Gramine,6890.0
CC1=CC=CC(C(O)=O)=C1O,3-Methylsalicylic acid,6738.0
NC1=CC=C(C=C1)S(=O)(=O)NC1=NC2=CC=CC=C2N=C1,Sulfaquinoxaline,5338.0
OC(=O)C1=CC(=O)C2=C(O1)C=CC=C2,Chromocarb,2741.0
OC1=CC=C(C2=CC=CN=C12)[N+]([O-])=O,Nitroxoline,19910.0
S=C=NCCC1=CC=CC=C1,Phenethyl isothiocyanate,16741.0
OC1=CC=CC2=CC=CN=C12,8-Hydroxyquinoline,1923.0
CCN1C=C(C(O)=O)C(=O)C2=CC(F)=C(C=C12)N1CCNCC1,Norfloxacin,4539.0
OC(=O)C1=CN(C2CC2)C2=CC(N3CCNCC3)=C(F)C=C2C1=O,Ciprofloxacin,2764.0
CC(=O)NC1=CC=C(O)C=C1,Acetaminophen,1983.0
SC(=S)N1CCCC1,Pyrrolidine-1-carbodithioic acid,65351.0
OC1=C(CC2=C(O)C=CC3=CC=CC=C23)C2=CC=CC=C2C=C1,Squoxin,14187.0
CC(=O)N[C@@H](CC1=CC=CC=C1)C(O)=O,N-Acetyl-L-phenylalanine,74839.0
OC(=O)CCCC[C@H]1CCSS1,"(S)-5-(1,2-Dithiolan-3-yl)pentanoic acid",445125.0
OC(C1CCNCC1)(C1=CC=CC=C1)C1=CC=CC=C1,Azacyclonol,15723.0
CC(=O)NC1=CC=C(C=C1)C(O)=O,4-Acetamidobenzoic acid,19266.0
CC(C)C(N)=O,Isobutyramide,68424.0
CNCCC1=NC=CC=C1,Betahistine,2366.0
CCOC(=O)C1=C(C)NC(=S)N[C@H]1C1=CC(O)=CC=C1,(S)-Monastrol,794323.0
COC1=CC(O)=C(C=C1)C(C)=O,Paeonol,11092.0
C[C@H](N)CC1=CC=C(O)C=C1,4-Hydroxy-dextroamphetamine,644000.0
CCN1C(=O)NC2=C1C=CC=C2,1-Ethyl-2-benzimidazolinone,82320.0
OC(=O)CCC1=NC2=C(N1)C=CC=C2,Procodazole,65708.0
NC(=O)C1=CC(=CC(=C1)[N+]([O-])=O)[N+]([O-])=O,"3,5-Dinitrobenzamide",4511.0
CCCCOC(=O)C1=CC=C(N)C=C1,Butyl 4-aminobenzoate,2482.0
N[C@@H](CC1=CC=C(O)C=C1)C(O)=O,Tyrosine,6057.0
NC1=CC=C(C=C1)C(O)=O,4-Aminobenzoic acid,978.0
CC(C)C1=C(O)C=C(C)C=C1,Thymol,6989.0
NC1=CC(C(O)=O)=C(O)C=C1,Mesalamine,4075.0
OC1=CC2=CC=CC=C2C=C1,2-Naphthol,8663.0
OC(=O)CCCCCCCC(O)=O,Azelaic acid,2266.0
OC(=O)CCCCC(O)=O,Adipic acid,196.0
OC(=O)CCC(=O)C(O)=O,2-Oxoglutaric acid,51.0
OC1=CC=C(O)C=C1,Hydroquinone,785.0
CC(C)(C)C1=CC=C(O)C=C1,4-Tert-Butylphenol,7393.0
OC(=O)C1=CC=CN=C1C(O)=O,Quinolinic acid,1066.0
O[C@@H](C(=O)C1=CC=CC=C1)C1=CC=CC=C1,(R)-Benzoin,640038.0
O=C1OC2=C(C=CC=C2)C=C1,Coumarin,323.0
CCOC(=O)C1=C(C)N(C)C2=C1C=C(O)C=C2,Mecarbinate,616236.0
ClC1=CC2=C(OC(=O)N2)C=C1,Chlorzoxazone,2733.0
OC1=CC=C(C=C1)C1=C(O)C(=O)C2=C(O1)C=C(O)C=C2O,Kaempferol,5280863.0
CC1=CC(NS(=O)(=O)C2=CC=C(N)C=C2)=NO1,Sulfamethoxazole,5329.0
NC1=CC=C(C=C1)S(=O)(=O)NC1=NC=CS1,Sulfathiazole,5340.0
CC(=O)NS(=O)(=O)C1=CC=C(N)C=C1,Sulfacetamide,5320.0
OC1=C(C=CC=C1)C(=O)OC1=CC=CC=C1,Phenyl salicylate,8361.0
COC1=C(O)C=CC(=C1)C(C)=O,Acetovanillone,2214.0
C(NC1=NC=NC2=C1N=CN2)C1=CC=CO1,Kinetin,3830.0
NC(=N)NC(=N)NC1=CC=CC=C1,1-Phenylbiguanide,4780.0
C(CC1=CC=CC=C1)NCC1=CC=CC=C1,N-Benzyl-2-phenylethanamine,65055.0
CCCCC1C(=O)N(N(C1=O)C1=CC=CC=C1)C1=CC=CC=C1,Phenylbutazone,4781.0
C[C@H](N)C(O)=O,L-Alanine,5950.0
OC(=O)CN1C2=C(C=CC=C2)C(=O)C2=C1C=CC=C2,Cridanimod,38072.0
OC(=O)CC1=C(NC2=C(Cl)C=CC=C2Cl)C=CC=C1,Diclofenac,3033.0
CCOC1=C(O)C=CC(C=O)=C1,Ethyl vanillin,8467.0
COC1=C(O)C=CC(C=O)=C1,Vanillin,1183.0
OC1=C(I)C=C(I)C2=CC=CN=C12,Iodoquinol,3728.0
COC1=CC(C=O)=C(C=C1OC)[N+]([O-])=O,6-Nitroveratraldehyde,88505.0
OC1=C(C=C(Cl)C=C1)C(=O)NC1=C(Cl)C=C(C=C1)[N+]([O-])=O,Niclosamide,4477.0
NC(=O)C1=C(Cl)C=C(C=C1)[N+]([O-])=O,Aklomide,2075.0
OCC1=NC=CC=C1,Piconol,11474.0
[Cl-].C[N+]1=C(C=NO)C=CC=C1,2-Hydroxyiminomethyl-1-methylpyridinium chloride,5797.0
O=C1CCCCCCCCCCCCCCO1,Oxacyclohexadecan-2-one,235414.0
[O-][N+](=O)OCCNC(=O)C1=CN=CC=C1,Nicorandil,47528.0
NNC(=O)C1=CC=NC=C1,Isoniazid,3767.0
[O-][N+](=O)C1=CC2=C(C=CS2(=O)=O)C=C1,Stattic,2779853.0
OC(=O)C1=CC2=CC=CC(=C2N1)[N+]([O-])=O,7-Nitro-1H-indole-2-carboxylic acid,81409.0
O=C(CC1=CC=C(C=C1)C1=CC=CC=C1)NC1=NC=CC=C1,Difenpiramide,100472.0
CCN(CC)C(=O)N1CCN(C)CC1,Diethylcarbamazine,3052.0
COC1=CC(=CC(OC)=C1OC)C(=O)NCC1=CC=C(OCCN(C)C)C=C1,Trimethobenzamide,5577.0
COC1=C(OC)C=C(C=C1)C(=O)NCC1=CC=C(OCCN(C)C)C=C1,Itopride,3792.0
OC1=C(C=CC=C1)C(=O)NC1=CC=CC=C1,Salicylanilide,6872.0
COC1=C(OC[C@@H](O)CN2CCN(CC(=O)NC3=C(C)C=CC=C3C)CC2)C=CC=C1,(S)-Ranolazine,13560750.0
NC(=O)C1=C(O)C=CC=C1,Salicylamide,5147.0
NS(=O)(=O)NCC1=CSC2=C1C=CC=C2,3-[(Sulfamoylamino)methyl]-1-benzothiophene,11687376.0
O=C(NCCN1CCN(CC1)C1=NC=CC=N1)C12CC3CC(CC(C3)C1)C2,Adatanserin,130918.0
NC1=C(C=CC=C1)S(N)(=O)=O,2-Aminobenzenesulfonamide,72894.0
COC(=O)NC1=NC2=C(N1)C=CC=C2,Carbendazim,25429.0
COC1=C(OC)C=C2C(N)=NC(=NC2=C1)N1CCN(CC1)C(=O)[C@@H]1COC2=C(O1)C=CC=C2,"Doxazosin, (S)-",6604576.0
CCCCCOC(=O)C1=CC=C(C=C1)N(C)C,Pentyl 4-(dimethylamino)benzoate,26890.0
CC1=CC=CC(C)=C1NC(=O)CN1CCCC1=O,Nefiracetam,71157.0
BrC1=C(NC2=NCCN2)C=CC2=NC=CN=C12,Brimonidine,2435.0
NC1=C2N=CN([C@@H]3O[C@H](CO)[C@@H](O)[C@@H]3O)C2=NC(F)=N1,Fludarabine,657237.0
CCC1=C(C)NC2=C1C(=O)[C@@H](CN1CCOCC1)CC2,"(5R)-3-Ethyl-2-methyl-5-(morpholin-4-ylmethyl)-1,5,6,7-tetrahydroindol-4-one",29935496.0
C[C@H](N)CC1=CC=CC(O)=C1,Gepefrine,219105.0
CC(C)(OC1=CC=C(Cl)C=C1)C(=O)N1CSC[C@H]1C(O)=O,"(4R)-3-[2-(4-Chlorophenoxy)-2-methylpropanoyl]-1,3-thiazolidine-4-carboxylic acid",51382030.0
C[C@H](N)COC1=C(C)C=CC=C1C,"(S)-1-(2,6-Dimethylphenoxy)propan-2-amine",185376.0
CS(=O)(=O)C1=CC=C(C=C1)C1=CN2C=CC=CC2=N1,Zolimidine,14652.0
CCCC1=CC=C(C=C1)C(O)=O,4-Propylbenzoic acid,137601.0
CCN1CCC[C@@H]1CNC(=O)C1=C(OC)C=CC(=C1)S(N)(=O)=O,(+)-Sulpiride,643497.0
OC(=O)[C@H](CC1=CNC2=C1C=CC=C2)NC(=O)C1=CC=C(Cl)C=C1,Benzotript,2060890.0
OC(=O)CNC(=O)C1=CC=CC=C1,Hippuric acid,464.0
CC(C)(C)C(=O)NCCCC(O)=O,Pivagabine,68888.0
NCC1=CC=C(C=C1)S(N)(=O)=O,Mafenide,3998.0
OCC1=CNC2=C1C=CC=C2,Indole-3-carbinol,3712.0
C(N1CCN(CC1)C1=NC2=C(S1)C=CC=C2)C1=CC2=C(OCO2)C=C1,2-[1-(4-Piperonyl)piperazinyl]benzothiazole,127902.0
NNC1=NN=CC2=CC=CC=C12,Hydralazine,3637.0
CC(C)(C(O)=O)C1=CC=C(C=C1)[C@@H](O)CCCN1CCC(CC1)C(O)(C1=CC=CC=C1)C1=CC=CC=C1,(S)-Fexofenadine,6603853.0
[Cl-].CCCCCCCCCCCCCCCC[N+]1=CC=CC=C1,Cetylpyridinium chloride,31239.0
OC(=O)C1=CC2=C(S1)C=CC=C2,Benzo[b]thiophene-2-carboxylic acid,95864.0
NC1=NC2=C(O1)C=CC(Cl)=C2,Zoxazolamine,6103.0
CNC(=O)C1=NC=CC(OC2=CC=C(NC(=O)NC3=CC(=C(Cl)C=C3)C(F)(F)F)C=C2)=C1,Sorafenib,216239.0
Cl.CC(C)NC[C@H](O)COC1=CC=CC2=CC=CC=C12,(S)-(-)-Propranolol hydrochloride,165193.0
CC(=O)NC1=CC=C(CC(O)=O)C=C1,Actarit,2018.0
CC1=NOC(NS(=O)(=O)C2=CC=C(N)C=C2)=C1C,Sulfisoxazole,5344.0
CN1C(C)=NC=C1[N+]([O-])=O,Dimetridazole,3090.0
CC(=O)N1CCC(CC1)NC(=O)C1=CC=C(F)C=C1,N-(1-Acetylpiperidin-4-yl)-4-fluorobenzamide,9816738.0
O[C@@H](CC(O)=O)C(O)=O,(2S)-2-Hydroxybutanedioic acid,222656.0
NC1=CC=NC=C1,4-Aminopyridine,1727.0
CC1=CC=C(O)C=C1,P-Cresol,2879.0
O[C@@H](C(O)=O)C1=CC=CC=C1,(r)-Mandelic acid,11914.0
OC(=O)[C@@H]1CSCN1,L-Thioproline,93176.0
N.N.N.OC(=O)CC(O)(CC(O)=O)C(O)=O,Triammonium citrate,18954.0
CC1=CC=CC(O)=C1,m-Cresol,342.0
CC1=CC(=C(O)C(=C1)C(C)(C)C)C(C)(C)C,"2,6-Di-tert-butyl-4-methylphenol",31404.0
OC1=CC(O)=CC=C1,Resorcinol,5054.0
C[Si](C)(C)O[Si](C)(C)C,Hexamethyldisiloxane,24764.0
NCCCC(O)=O,gamma-Aminobutyric acid,119.0
NCC(O)=O,Glycine,750.0
OC1=CC2=C(SC(=O)O2)C=C1,Tioxolone,72139.0
CC1=C(Cl)C=CC(O)=C1,4-Chloro-3-methylphenol,1732.0
CC1=NC=C(CO)C(CO)=C1O,Pyridoxine,1054.0
OC(=O)C1=CC(O)=C(O)C(O)=C1,Gallic acid,370.0
CCCCCCCCCCCC(O)=O,Lauric acid,3893.0
CCOC(=O)C(C)=O,Ethyl pyruvate,12041.0
CC1=CNN=C1,Fomepizole,3406.0
OC(=O)C1=C(O)C=C(NC(=O)C2=CC=CC=C2)C=C1,Benzoylpas,10718.0
CC1=C(C=C(C=C1C(N)=O)[N+]([O-])=O)[N+]([O-])=O,Dinitolmide,3092.0
C1CCC(CC1)NC1CCCCC1,Dicyclohexylamine,7582.0
CN1CCN(CC1)C1=NC2=CC=CC=C2N=C1Cl,2-Chloro-3-(4-methylpiperazin-1-yl)quinoxaline,24278976.0
OC(=O)CCC(=O)C1=CC=C(C=C1)C1=CC=CC=C1,Fenbufen,3335.0
CCC1(C)CC(=O)NC(=O)C1,Bemegride,2310.0
COC1=CC=C(CN2CCNCC2)C(OC)=C1OC,Trimetazidine,21109.0
