smiles,fda
CCOC1=CC2=C(C=C1)N=C(S2)S(=O)(=O)N,1
C[C@]12CC[C@H]3[C@H]([C@@H]1CC[C@]2(C)O)CC[C@@H]4[C@@]3(C/C(=C/O)/C(=O)C4)C,1
CC1=NC=CN1CC2CCC3=C(C2=O)C4=CC=CC=C4N3C.Cl,1
CC(=O)[C@H]1CC[C@@H]2[C@@]1(CC[C@H]3[C@H]2CC=C4[C@@]3(CC[C@@H](C4)O)C)C,1
C=C1CC[C@]2([C@H]3CC4=C5[C@]2([C@H]1OC5=C(C=C4)O)CCN3CC6CC6)O.Cl,1
CC(C)NCC(COC1=CC=CC=C1OCC=C)O.Cl,1
C[C@]12C[C@@H]([C@H]3[C@H]([C@@H]1C[C@@H]4[C@]2(OC(O4)(C)C)C(=O)CO)CCC5=CC(=O)C=C[C@]35C)O,1
CC(=C/C(=N/NC1=NN=CC2=CC=CC=C21)/C)C,1
CC[C@@H]1[C@@]([C@@H]([C@H](N(C[C@@H](C[C@@]([C@@H]([C@H]([C@@H]([C@H](C(=O)O1)C)O[C@H]2C[C@@]([C@H]([C@@H](O2)C)O)(C)OC)C)O[C@H]3[C@@H]([C@H](C[C@H](O3)C)N(C)C)O)(C)O)C)C)C)O)(C)O,1
CC1=C(C(CCC1)(C)C)/C=C/C(=C/C=C/C(=C\C(=O)O)/C)/C,1
CC1=CC(=NC(=N1)O[C@H](C(=O)O)C(C2=CC=CC=C2)(C3=CC=CC=C3)OC)C,1
C[C@@H](CC1=CC=C(C=C1)OC)NC[C@H](C2=CC(=C(C=C2)O)NC=O)O.C[C@@H](CC1=CC=C(C=C1)OC)NC[C@H](C2=CC(=C(C=C2)O)NC=O)O.C(=C/C(=O)O)\C(=O)O,1
C1CCC2=NC3=CC=CC=C3C(=C2C1)N.Cl,1
CCN(CCCC(C)NC1=C2C=CC(=CC2=NC=C1)Cl)CCO.OS(=O)(=O)O,1
C1[C@H](C(=O)NO1)N,1
COC1=CC2=C(C=CN=C2C=C1)[C@@H]([C@H]3C[C@@H]4CCN3C[C@@H]4C=C)O.O.Cl,1
CC1=NC=C(C(=N1)N)CN(C=O)/C(=C(\CCO)/SSCC2CCCO2)/C.Cl,1
CN(C)CCCSC(=N)N.Cl.Cl,1
CCC(=O)OCC(=O)[C@]1(CC[C@@H]2[C@@]1(C[C@@H]([C@H]3[C@H]2CCC4=CC(=O)C=C[C@]34C)O)C)OC(=O)OCC,1
C[C@]12CCC(=O)C(=C1CC[C@@H]3[C@@H]2CC[C@]4([C@H]3CCC4=O)C)O,1
CCN(CC)CCCC(C)NC1=C2C=CC(=CC2=NC=C1)Cl.OP(=O)(O)O.OP(=O)(O)O,1
C[N@@+]1(CCC2=CC(=C(C=C2[C@H]1CC3=CC(=C(C=C3)OC)OC)OC)OC)CCC(=O)OCCCCCOC(=O)CC[N@+]4(CCC5=CC(=C(C=C5[C@H]4CC6=CC(=C(C=C6)OC)OC)OC)OC)C.C1=CC=C(C=C1)S(=O)(=O)[O-].C1=CC=C(C=C1)S(=O)(=O)[O-],1
CC(C)(C)NC[C@@H](C1=CC(=C(C=C1)O)CO)O.Cl,1
C(CC(=O)N[C@@H](CSSC[C@@H](C(=O)NCC(=O)O)NC(=O)CC[C@@H](C(=O)O)N)C(=O)NCC(=O)O)[C@@H](C(=O)O)N,1
C[C@]12CC[C@H]3C(=CCC4=C3C=CC(=C4)O)[C@@H]1CCC2=O,1
C[C@H](CCC1=CC=CC=C1)NC[C@@H](C2=CC(=C(C=C2)O)C(=O)N)O,1
C[C@@H]1CC=CC=C[C@@H]([C@@H](C[C@@H]([C@@H]([C@H]([C@@H](CC(=O)O1)OC(=O)C)OC)OC2C(C(C(C(O2)C)OC3CC(C(C(O3)C)O)(C)O)N(C)C)O)CC=O)C)OC4CCC(C(O4)C)N(C)C,1
CC(CCC1=CC=CC=C1)NC(C)C(C2=CC=C(C=C2)O)O,1
CCC1=CC=C(C=C1)C(=O)C(C)CN2CCCCC2.Cl,1
CC1=CN=C(C(=C1OC)C)CS(=O)C2=NC3=C(N2)C=C(C=C3)OC,1
CCCNC(C)(C)COC(=O)C1=CC=CC=C1.Cl,1
CN1CCC[C@@H]1CC2=CNC3=C2C=C(C=C3)CCS(=O)(=O)C4=CC=CC=C4,1
CC(C)(CC1=CC=CC=C1)N.Cl,1
COC1=C(N=CN=C1OC)NS(=O)(=O)C2=CC=C(C=C2)N,1
CCCCOC1=C(C=CC(=C1)C(=O)OCCN(CC)CC)N.Cl,1
C[C@H]1COC2=C3N1C=C(C(=O)C3=CC(=C2N4CCN(CC4)C)F)C(=O)O,1
C1C2=C(C(=CC=C2)O)C(=O)C3=C1C=CC=C3O,1
CCN1C=C(C(=O)C2=CC(=C(N=C21)N3CCNCC3)F)C(=O)O,1
C1CCC2(C1)CC(=O)N(C(=O)C2)CCCCN3CCN(CC3)C4=NC=CC=N4.Cl,1
C[C@@H]1CCO[C@@H]2N1C(=O)C3=C(C(=O)C(=CN3C2)C(=O)NCC4=C(C=C(C=C4)F)F)O,1
CC1=CC=C(C=C1)C(=O)C(C)CN2CCCCC2.Cl,1
CNCC1=CN(C(=C1)C2=CC=CC=C2F)S(=O)(=O)C3=CN=CC=C3,1
CN(C)CCN(CC1=CC=CC=C1)C2=CC=CC=N2.Cl,1
CCOC1=NC2=CC=CC(=C2N1CC3=CC=C(C=C3)C4=CC=CC=C4C5=NNN=N5)C(=O)O,1
CC1=CC(=C(C=C1)O)[C@H](CCN(C(C)C)C(C)C)C2=CC=CC=C2.[C@@H]([C@H](C(=O)O)O)(C(=O)O)O,1
CC(=O)OC1=CC=C(C=C1)C(=C2CCCCC2)C3=CC=C(C=C3)OC(=O)C,1
C1CN=C(N1)C2COC3=CC=CC=C3O2.Cl,1
CN(C)CCCN1C2=CC=CC=C2SC3=CC=CC=C31.Cl,1
CC(C(C1=CC=C(C=C1)O)O)N2CCC(CC2)CC3=CC=CC=C3.CC(C(C1=CC=C(C=C1)O)O)N2CCC(CC2)CC3=CC=CC=C3.[C@@H]([C@H](C(=O)O)O)(C(=O)O)O,1
CC1=CC2=C(S1)NC3=CC=CC=C3N=C2N4CCN(CC4)C,1
CC(C)CN(C[C@H]([C@H](CC1=CC=CC=C1)NC(=O)O[C@H]2CO[C@@H]3[C@H]2CCO3)O)S(=O)(=O)C4=CC=C(C=C4)N,1
CN1C2=C(C(=O)N(C1=O)C)NC(=N2)Cl.CN(C)CCOC(C1=CC=CC=C1)C2=CC=CC=C2,1
CCC1(CCCCN(C1)C)C2=CC(=CC=C2)O.Cl,1
CCCC1=NC=CC(=C1)C(=S)N,1
CN(C)CCOC(=O)C(C1=CC=CC=C1)C2(CCCC2)O.Cl,1
C1=CC=C2C(=C1)C(C(=O)N2)(C3=CC=C(C=C3)O)C4=CC=C(C=C4)O,1
C[C@]12CC[C@H]3[C@H]([C@@H]1CC[C@]2(C)O)CCC4=CC(=O)C=C[C@]34C,1
C1=CC=C2C(=C1)C(=O)OC23C4=CC(=C(C=C4OC5=C(C(=C(C=C35)Br)[O-])[Hg])[O-])Br.O.[Na+].[Na+],1
CCCCOC1=CC=C(C=C1)C(=O)CCN2CCCCC2.Cl,1
CCCC1=NC(=C(N1CC2=CC=C(C=C2)C3=CC=CC=C3C4=NNN=N4)C(=O)O)C(C)(C)O,1
C[C@]12CC[C@H]3[C@H]([C@@H]1CCC2=O)CC(=C)C4=CC(=O)C=C[C@]34C,1
CC1=C(C(=CC=C1)C)NC(=O)CN2CCN(CC2)CC(COC3=CC=CC=C3OC)O,1
C1CN(CCC12C(=O)NCN2C3=CC=CC=C3)CCCC(=O)C4=CC=C(C=C4)F,1
C1CC(CCC1NCC2=C(C(=CC(=C2)Br)Br)N)O.Cl,1
C1CNCC(C2=CC(=C(C(=C21)Cl)O)O)C3=CC=C(C=C3)O,1
C[C@]12CC[C@@H](C[C@@H]1CC[C@@H]3[C@@H]2CC[C@]4([C@H]3CCC4=O)C)O,1
CC(C)NC[C@@H](COC1=CC=CC2=CC=CC=C21)O.Cl,1
CCCCC[C@@H](/C=C/[C@H]1[C@@H](CC(=O)[C@@H]1CCCCCCC(=O)O)O)O,1
C1=CC(=C(C=C1CCN)O)O.Cl,1
CC1=NC=C(C(=N1)N)CN(/C(=C(/SS/C(=C(/N(C=O)CC2=CN=C(N=C2N)C)\C)/CCOC(=O)C3=CC=CC=C3)\CCOC(=O)C4=CC=CC=C4)/C)C=O,1
CN1C(=NN=N1)SCC2=C(N3[C@@H]([C@@H](C3=O)NC(=O)[C@@H](C4=CC=CC=C4)O)SC2)C(=O)[O-].[Na+],1
C1CN(CCN1CCCN2C3=CC=CC=C3C=CC4=CC=CC=C42)CCO.Cl.Cl,1
CCCN1C[C@@H](C[C@H]2[C@H]1CC3=CNC4=CC=CC2=C34)CSC.CS(=O)(=O)O,1
C1=CN(C=N1)CC(O)(P(=O)(O)O)P(=O)(O)O.O,1
C[C@@H]1CC[C@H]2[C@H]([C@H](O[C@H]3[C@@]24[C@H]1CC[C@](O3)(OO4)C)O)C,1
CCC(=O)OC(C(C)C)OP(=O)(CCCCC1=CC=CC=C1)CC(=O)N2C[C@@H](C[C@H]2C(=O)O)C3CCCCC3,1
COC1=C(C=C2C(=C1)CC(C2=O)CC3CCN(CC3)CC4=CC=CC=C4)OC.Cl,1
CN1CCN2C(C1)C3=CC=CC=C3CC4=C2N=CC=C4,1
C[C@@H]1CN(C[C@@H](N1)C)C2=C(C(=C3C(=C2F)N(C=C(C3=O)C(=O)O)C4CC4)N)F,1
CCCCC(C)(C/C=C/[C@H]1[C@@H](CC(=O)[C@@H]1CCCCCCC(=O)OC)O)O,1
C/C=C/C1=CC=C(C=C1)OC,1
CC(C)C1=NN2C=CC=CC2=C1C(=O)C(C)C,1
CC(=O)CCC1=CC2=C(C=C1)C=C(C=C2)OC,1
CC(C)(C)C(=O)OC1=C(C=C(C=C1)C(CNC)O)OC(=O)C(C)(C)C.Cl,1
C1CCN(C1)CC2=NC3=CC=CC=C3N2CC4=CC=C(C=C4)Cl.Cl,1
CC1([C@@H](N2[C@H](S1)[C@@H](C2=O)NC(=O)CC3=CC=CC=C3)C(=O)O)C.CC1([C@@H](N2[C@H](S1)[C@@H](C2=O)NC(=O)CC3=CC=CC=C3)C(=O)O)C.C1=CC=C(C=C1)CNCCNCC2=CC=CC=C2,1
CC(=O)OCC(=O)[C@H]1CC[C@@H]2[C@@]1(CC(=O)[C@H]3[C@H]2CC[C@@H]4[C@@]3(CC[C@H](C4)O)C)C,1
COC1=CC(=C(C=C1C(=O)NC2CCN(CC2)CC3=CC=CC=C3)Cl)N.C(=C\C(=O)O)\C(=O)O,1
CC1=C(C(CCC1)(C)C)/C=C/C(=C/C=C/C(=C/C(=O)O)/C)/C,0
CCC(COC(=O)C1=CC(=C(C(=C1)OC)OC)OC)(C2=CC=CC=C2)N(C)C,0
C1=CC=C2C(=C1)C(=NN=C2NC3=CC=C(C=C3)Cl)CC4=CC=NC=C4,0
CC(=CCC1C(=O)N(N(C1=O)C2=CC=CC=C2)C3=CC=CC=C3)C,0
CCN1CCCC(C1)OC(=O)C(C2=CC=CC=C2)C3=CC=CC=C3.Cl,0
CC(=O)OC1=CC=CC=C1C(=O)O,0
C1CCN(CC1)CC(COC(=O)NC2=CC=CC=C2)OC(=O)NC3=CC=CC=C3.Cl,0
CCCC1C(=O)N2C3=C(C=CC(=C3)C)N=C(N2C1=O)N(C)C,0
CN(C)CC/C=C\1/C2=CC=CC=C2COC3=C1C=C(C=C3)CC(=O)O.Cl,0
CC1CC(CC(C1)(C)C)OC(=O)C2=CC=CC=C2O,0
CC1=CC=C(C=C1)C(=O)C2=C(C=C(C=C2)OC)O,0
CC(=O)NC1=CC=C(C=C1)CC(=O)O,0
CC1=CC=CC=C1C(C2=CC=CC=C2)OCCN(C)C.Cl,0
CC(=O)OCC(=O)[C@@]12[C@@H](C[C@@H]3[C@@]1(C[C@@H]([C@]4([C@H]3CCC5=CC(=O)C=C[C@@]54C)F)O)C)OC6(O2)CCCC6,0
CC1=NC(=C(C(=N1)Cl)NC2=NCCN2)OC,0
CN1[C@@H]2CCC[C@H]1CC(C2)NC(=O)C3=NN(C4=CC=CC=C43)C,0
CN1CCN(CC1)C2=C(C=C3C4=C2SCCN4C=C(C3=O)C(=O)O)F,0
C1C[C@@H]2CN(C(=O)C3=CC=CC(=C23)C1)[C@@H]4CN5CCC4CC5.Cl,0
CC1=C(C(=O)N2CCCC(C2=N1)O)CCN3CCC(CC3)C4=NOC5=C4C=CC(=C5)F,0
CCC1=CN=C(C=C1)CCOC2=CC=C(C=C2)CC3C(=O)NC(=O)S3,0
CCN(CCCCOC(=O)C1=CC(=C(C=C1)OC)OC)C(C)CC2=CC=C(C=C2)OC.Cl,0
C1=CC(=CC=C1C(C#N)C2=C(C=C(C=C2Cl)N3C(=O)NC(=O)C=N3)Cl)Cl,0
C1CN(CCN1CCCN2C(=O)N3C=CC=CC3=N2)C4=CC(=CC=C4)Cl.Cl,0
CC(=O)OC[C@@H]1[C@H]([C@H]([C@@H](O1)N2C(=O)NC(=O)C=N2)OC(=O)C)OC(=O)C,0
C[C@]12C[C@@H]([C@]3([C@H]([C@@H]1C[C@@H]4[C@]2(OC(O4)(C)C)C(=O)CO)C[C@@H](C5=CC(=O)C=C[C@@]53C)F)F)O,0
CN(C)CCCN1C2=CC=CC=C2[S@@](=O)C3=C1C=C(C=C3)Cl,0
C1=C(OC(=C1)[N+](=O)[O-])/C=N/NC(=O)N,0
C[C@]12CC[C@H]3[C@H]([C@@H]1CCC2=O)CCC4=C3C=CC(=C4)O,0
C[C@]12CC[C@H]3[C@H]([C@@H]1CCC2=O)CC=C4[C@@]3(CC[C@@H](C4)O)C,0
COC(=O)[C@H](C1=CC=CC=C1Cl)N2CCC3=C(C2)C=CS3,0
CCN(CC)CCOCCOC(=O)C1(CCCC1)C2=CC=CC=C2.C(C(=O)O)C(CC(=O)O)(C(=O)O)O,0
CNCC(C1=CC=C(C=C1)O)O,0
COC1=CC=C(C=C1)C(=C(C2=CC=C(C=C2)OC)Cl)C3=CC=C(C=C3)OC,0
CCCOC1=C(C=CC(=C1)N)C(=O)OCCN(CC)CC.Cl,0
CC1=C(C(=O)N2C=CC=CC2=N1)CCN3CCC(CC3)C(=O)C4=CC=C(C=C4)F,0
CCCCOC1=NC2=CC=CC=C2C(=C1)C(=O)NCCN(CC)CC,0
C1=CC(=C(C(=C1C(=O)C2=CC(=C(C(=C2)O)O)O)O)O)O,0
CN(C)CC/C=C/1\C2=CC=CC=C2COC3=CC=CC=C31.Cl,0
CCOC(=O)C1=CN=C(C=C1)C#CC2=CC3=C(C=C2)SCCC3(C)C,0
C1CN(CCC1(C2=CC=C(C=C2)Br)O)CCCC(=O)C3=CC=C(C=C3)F,0
CCN(CC)CCOC(=O)C1(CCCC1)C2=CC=C(C=C2)[N+](=O)[O-].Cl,0
CC(=O)[C@]1(CC[C@@H]2[C@@]1(CC[C@H]3[C@H]2C=C(C4=CC(=O)CC[C@]34C)Cl)C)OC(=O)C,0
C1CCN(CC1)CCCC(C2=CC=CC=C2)(C3=CC=CC=C3)O.Cl,0
CC(C)(C)C#C/C=C/CN(C)CC1=CC=CC2=CC=CC=C21,0
C1=CC(=CC=C1CN2C=CN=C2)/C=C/C(=O)O.Cl,0
CC(=O)N[C@@H](CC(=O)O)C(=O)N[C@@H](CCC(=O)O)C(=O)O,0
CC(C)NCC(C1=CC2=CC=CC=C2C=C1)O.Cl,0
C1CNCCC1C(C2=CC=CC=C2)(C3=CC=CC=C3)O,0
CC1=C(C(=NO1)C2=CC=CC=C2)C3=CC=C(C=C3)S(=O)(=O)N,0
CN(C)CCCOC1=NN(C2=CC=CC=C21)CC3=CC=CC=C3.Cl,0
C(P(=O)(O)[O-])(P(=O)(O)[O-])(Cl)Cl.[Na+].[Na+],0
CCN(CC)CCC1=NC(=NO1)C2=CC=CC=C2.C(C(=O)O)C(CC(=O)O)(C(=O)O)O,0
C1=CC(=CC=C1[C@@H]2[C@H](C(=O)N2C3=CC=C(C=C3)F)CC[C@@H](C4=CC=C(C=C4)F)O)O,0
CCCCOCCOCCOCC1=CC2=C(C=C1CCC)OCO2,0
C[C@H](CC1=CC2=C(C(=C1)C(=O)N)N(CC2)CCCO)NCCOC3=CC=CC=C3OCC(F)(F)F,0
C[N+]1(CCC2=CC(=C(C=C2C1CC3=CC(=C(C=C3)OC)OC)OC)OC)CCC(=O)OCCCCCOC(=O)CC[N+]4(CCC5=CC(=C(C=C5C4CC6=CC(=C(C=C6)OC)OC)OC)OC)C.C1=CC=C(C=C1)S(=O)(=O)[O-].C1=CC=C(C=C1)S(=O)(=O)[O-],0
C[C@]12CC[C@H]3[C@H]([C@@H]1CC[C@@H]2C(=O)CO)CCC4=CC(=O)CC[C@]34C,0
CC[C@@H]1[C@@]([C@@H]([C@H](C(=O)[C@@H](C[C@@]([C@@H]([C@H]([C@@H]([C@H](C(=O)O1)C)O[C@H]2C[C@@]([C@H]([C@@H](O2)C)O)(C)OC)C)O[C@H]3[C@@H]([C@H](C[C@H](O3)C)N(C)C)O)(C)OC)C)C)O)(C)O,0
CCCCC1=NC(=C(N1CC2=CC=C(C=C2)C3=CC=CC=C3C4=NNN=N4)CO)Cl,0
CN1CCN(CC1)C(C2=CC=CC=C2)C3=CC=C(C=C3)Cl.Cl,0
CC1=CC=C(C=C1)/C(=C\CN2CCCC2)/C3=CC=CC=N3.Cl,0
CCOC(=O)C1=C(SC2=C1CCN(C2)CC3=CC=CC=C3)N.Cl,0
C[C@]12C=CC3=C4CCC(=O)C=C4CC[C@H]3[C@@H]1CC[C@]2(CC=C)O,0
CC(C)(C(=O)O)OC1=CC=C(C=C1)C2CC2(Cl)Cl,0
C1CCN(CC1)CCC(C2CC3CC2C=C3)(C4=CC=CC=C4)O.Cl,0
CC1CS(=O)(=O)CCN1/N=C/C2=CC=C(O2)[N+](=O)[O-],0
C[C@@H](C(=O)N1CCC[C@H]1C(=O)O)N[C@@H](CCC2=CC=CC=C2)C(=O)O.O.O,0
CC(C)(C)C1=CC=C(C=C1)C(=O)CC(=O)C2=CC=C(C=C2)OC,0
CN1CCC(=C2C3=C(C(=O)CC4=CC=CC=C42)SC=C3)CC1.C(=C/C(=O)O)\C(=O)O,0
C1CC[C@H]2[C@@H](C1)C(=O)N(C2=O)CCCCN3CCN(CC3)C4=NSC5=CC=CC=C54.Cl,0
CN1CC[C@@]23CCCC[C@@H]2[C@@H]1CC4=C3C=C(C=C4)OC.O.Br,0
C1=NC2=C(N1)C(=S)N=C(N2)N,0
CS(=O)(=O)O.C1CCN(CC1)CCC(C2=CC=CC=C2)(C3=CC=CC=C3)O,0
CN1CCC(=C2C3=C(C=CC=N3)CCC4=CC=CC=C24)CC1.C(=C\C(=O)O)\C(=O)O.C(=C\C(=O)O)\C(=O)O,0
CC1(C(C1C(=O)OC(C#N)C2=CC(=CC=C2)OC3=CC=CC=C3)C=C(Cl)Cl)C,0
CCC(=O)O[C@@](CC1=CC=CC=C1)(C2=CC=CC=C2)[C@@H](C)CN(C)C.C1=CC=C2C=C(C=CC2=C1)S(=O)(=O)O.O,0
CN1CCC(CC1)OC(C2=CC=CC=C2)C3=CC=CC=C3.Cl,0
COC1=C(C=C2C(=C1)C(=NC(=N2)N3CCN(CC3)C(=O)C4COC5=CC=CC=C5O4)N)OC.CS(=O)(=O)O,0
C(CC(O)(P(=O)(O)O)P(=O)(O)[O-])CN.[Na+],0
CC1=C(C=CN=C1CS(=O)C2=NC3=CC=CC=C3N2)OCC(F)(F)F,0
CCCC(=O)N1CCCN(CC1)C2=NC3=CC(=C(C=C3C(=N2)N)OC)OC.Cl,0
CCNCC(C1=CC(=CC=C1)O)O.Cl,0
CC1=C(C(=CC=C1)C)NC(=O)C(C)N.Cl,0
CN(C)C/C=C(/C1=CC=C(C=C1)Br)\C2=CN=CC=C2.O.Cl.Cl,0
COC1=C2C(=CC(=C1N3C[C@@H]4CCCN[C@@H]4C3)F)C(=O)C(=CN2C5CC5)C(=O)O,0
CCCCCCOC1=CC=CC=C1C(=O)N,0
CCN(CC)CCOC(=O)C(CC1CCCO1)CC2=CC=CC3=CC=CC=C32.C(=O)(C(=O)O)O,0
C1CN(CCN1)C2=C(C=C3C(=C2)N(C=C(C3=O)C(=O)O)C4=CC=C(C=C4)F)F,0
CN(C)CCC1=CNC2=C1C=C(C=C2)CN3C=NC=N3.C1=CC=C(C=C1)C(=O)O,0
C[C@@H]1C[C@@H]([C@@H]2[C@H](C[C@H]([C@@](O2)(C(=O)C(=O)N3CCCC[C@H]3C(=O)O[C@@H]([C@@H]([C@H](CC(=O)[C@@H](/C=C(/C1)\C)CC=C)O)C)/C(=C/[C@@H]4CC[C@H]([C@@H](C4)OC)O)/C)O)C)OC)OC.O,0
C1CCC(CC1)C(CCN2CCCC2)(C3=CC=CC=C3)O.Cl,0
CCC(=C)C(=O)C1=C(C(=C(C=C1)OCC(=O)O)Cl)Cl,0
CC(C)C1CCC(CC1)C(=O)N[C@H](CC2=CC=CC=C2)C(=O)O,0
CN1C(=CN=C1COC(=O)N)[N+](=O)[O-],0
CC(=CCOC1=CC=C(C=C1)/C=C/C(=O)C2=C(C=C(C=C2)OCC=C(C)C)OCC(=O)O)C,0
CCC(CC1=C(C(=C(C=C1I)I)N)I)C(=O)O,0
C[C@@H]1C[C@H]2[C@@H]3C[C@@H](C4=CC(=O)C=C[C@@]4([C@]3([C@H](C[C@@]2([C@]1(C(=O)COC(=O)C(C)(C)C)O)C)O)F)C)F,0
C1=CC(=CC=C1C(=O)N/N=C/C2=CC=C(O2)[N+](=O)[O-])O,0
C1=CC(=CC=C1C#N)C(C2=CC=C(C=C2)C#N)N3C=NC=N3,0
CC1=C[C@@H]2[C@H](CC[C@]3([C@H]2CC[C@@]3(C(=O)C)OC(=O)C)C)[C@@]4(C1=CC(=O)CC4)C,0
C1CC(=O)N[C@@H]1C(=O)N2CSC[C@H]2C(=O)O,0
CCN(CCCC1=CC=CC=C1)CCCC2=CC=CC=C2.C(C(=O)O)C(CC(=O)O)(C(=O)O)O,0
CC(=CC1C(C1(C)C)C(=O)OCC2=CC(=CC=C2)OC3=CC=CC=C3)C,0
CC(C)C[C@@H](CC(=O)O)CN,0
CCC(C)(C)C1=CC=C(C=C1)CC(C)CN2C[C@H](O[C@H](C2)C)C.Cl,0
C1=CC=C(C=C1)C2=NC3=C(N=C(N=C3N=C2N)N)N,0
C(NC(=O)NC1C(=O)NC(=O)N1CO)NC(=O)NC2C(=O)NC(=O)N2CO,0
COC1=C(C(=NC=C1)CS(=O)C2=NC3=C([N-]2)C=CC(=C3)OC(F)F)OC.[Na+],0
CN(C)CCOC(C1=CC=C(C=C1)Cl)C2=CC=CC=N2.C(=C\C(=O)O)\C(=O)O,0
CC(=O)N(C)C1=C(C(=C(C(=C1I)C(=O)NCC(=O)NC2=C(C(=C(C(=C2I)C(=O)O)I)C(=O)NCCO)I)I)C(=O)NC)I,0
C[C@]12CC[C@H]3[C@H]([C@@H]1CC[C@]2(C#C)O)CCC4=C3C=CC(=C4)OC,0
CCCC1=NC2=C(N1CC3=CC=C(C=C3)C4=CC=CC=C4C(=O)O)C=C(C=C2C)C5=NC6=CC=CC=C6N5C,0
CCOC(=O)[C@H](CCC1=CC=CC=C1)N[C@@H](C)C(=O)N2[C@H]3CCC[C@H]3C[C@H]2C(=O)O,0
C[C@]12CC[C@H]3[C@H]([C@@H]1CC[C@]2(CC=C)O)CCC4=CCCC[C@H]34,0
CCC(CC)(C1=CC=CC=C1)C(=O)OCCOCCN(CC)CC.C(C(=O)O)C(CC(=O)O)(C(=O)O)O,0
CCC1=C(C(=NC(=N1)N)N)C2=CC=C(C=C2)Cl,0
CN(CCCN1C2=CC=CC=C2CCC3=CC=CC=C31)CC(=O)C4=CC=C(C=C4)Cl,0
CC(=O)O.C1=CC(=C(C(=C1)Cl)/C=N/N=C(N)N)Cl,0
CCCCCOC(=O)NC1=NC(=O)N(C=C1F)[C@H]2[C@@H]([C@@H]([C@H](O2)C)O)O,0
CC1(C(=O)N(C(=O)N1)C2=CC(=C(C=C2)[N+](=O)[O-])C(F)(F)F)C,0
CC(C)(CO)[C@H](C(=O)NCCC(=O)NCCSSCCNC(=O)CCNC(=O)[C@@H](C(C)(C)CO)O)O,0
CC(=O)O[C@@H]1[C@@H](SC2=CC=CC=C2N(C1=O)CCN(C)C)C3=CC=C(C=C3)OC.Cl,0
CCCC1O[C@@H]2C[C@H]3[C@@H]4CCC5=CC(=O)C=C[C@@]5([C@H]4[C@H](C[C@@]3([C@@]2(O1)C(=O)CO)C)O)C,0
CCCC(CCC)C(=O)OC1C[C@H]2CC[C@@H](C1)[N+]2(C)C.[Br-],0
CCN1CC(C(C1=O)(C2=CC=CC=C2)C3=CC=CC=C3)CCN4CCOCC4.Cl,0
CC(C)NCC(COC1=CC=CC2=C1C3=CC=CC=C3N2)O,0
CN(C)CCC=C1C2=CC=CC=C2CCC3=CC=CC=C31.Cl,0
CCOC1=CC=C(C=C1)NC(=O)CC(C)O,0
CC1=CC(=O)C(=CN1)C(=O)N[C@H](C2=CC=C(C=C2)O)C(=O)N[C@H]3[C@@H]4N(C3=O)C(=C(CS4)CSC5=NN=NN5C)C(=O)O,0
CCCCN1CCCCC1C(=O)NC2=C(C=CC=C2C)C.Cl,0
CC(C1=CC=CC=C1)NN,0
CC(=O)[C@H]1CC[C@@H]2[C@@]1(CC(=O)[C@H]3[C@H]2CC[C@@H]4[C@@]3(CC[C@H](C4)O)C)C,0
CC(=O)NC1=C(C(=C(C(=C1I)C(=O)O)I)NC(=O)C)I.O.O,0
CC1=NC2=C(C=C1)C(=CC(=C2O)Cl)Cl,0
CC(C)C(CCCN(C)CCC1=CC(=C(C=C1)OC)OC)(C#N)C2=CC(=C(C=C2)OC)OC.Cl,0
CC1=C(C(=O)N2CCCCC2=N1)CCN3CCC(CC3)C4=NOC5=C4C=CC(=C5)F,0
CC1=C(C=C(C(=O)N1)C#N)C2=CC=NC=C2,0
C[C@H]1/C=C/C=C(\C(=O)NC2=C(C(=C3C(=C2O)C(=C(C4=C3C(=O)[C@](O4)(O/C=C/[C@@H]([C@H]([C@H]([C@@H]([C@@H]([C@@H]([C@H]1O)C)O)C)OC(=O)C)C)OC)C)C)O)O)/C=N/N5CCN(CC5)C6CCCC6)/C,0
C1=CC=C(C=C1)CNC(=O)CCNNC(=O)C2=CC=NC=C2,0
CC1=C(C=CC=C1Cl)NC2=C(C=CC=N2)C(=O)O,0
C1C[C@H]2C[C@@H]1[C@H]3[C@@H]2CN(C3)NC(=O)C4=CC(=C(C=C4)Cl)S(=O)(=O)N,0
C1CN(CCN1CCCC(=O)C2=CC=C(C=C2)F)C3=CC=CC=N3,0
CN(CC1=CN=C2C(=N1)C(=NC(=N2)N)N)C3=CC=C(C=C3)C(=O)N[C@@H](CCC(=O)O)C(=O)O,0
CCCC1=NN(C2=C1N=C(NC2=O)C3=C(C=CC(=C3)S(=O)(=O)N4CCN(CC4)C)OCC)C,0
CC(C)OC1=CC2=C(C=C1)C(=O)C(=CO2)C3=CC=CC=C3,0
CNCC[C@H](C1=CC=CS1)OC2=CC=CC3=CC=CC=C32.Cl,0
CN(CCCNC(=O)C1CCCO1)C2=NC3=CC(=C(C=C3C(=N2)N)OC)OC.Cl,0
CN(C1CCN(CC1)C2=NC3=CC=CC=C3N2CC4=CC=C(C=C4)F)C5=NC=CC(=O)N5,0
C1CN(CCN1C/C=C/C2=CC=CC=C2)C(C3=CC=CC=C3)C4=CC=CC=C4,0
C[C@]12CC[C@H]3[C@H]([C@@H]1CC[C@]2(C#C)O)CCC4=C3C=CC(=C4)O,0
CN(C1=NC(=CC=C1)OC)C(=S)OC2=CC3=C(CCCC3)C=C2,0
CCNCC.C1=CC(=C(C=C1O)S(=O)(=O)O)O,0
CC(=O)O[C@H]1CC[C@@]2([C@H]3CC[C@]4([C@H]([C@@H]3CC=C2C1)CCC4=O)C)C,0
CC(CCCN)NC1=C2C(=CC(=C1)OC)C=CC=N2.OP(=O)(O)O.OP(=O)(O)O,0
CC(C)CN1C=NC2=C1C3=CC=CC=C3N=C2N,0
CC(C)(C1=CC=C(C=C1)C(CCCN2CCC(CC2)C(C3=CC=CC=C3)(C4=CC=CC=C4)O)O)C(=O)O.Cl,0
CC(C12CC3CC(C1)CC(C3)C2)N.Cl,0
CCCNCC(COC1=CC=CC=C1C(=O)CCC2=CC=CC=C2)O.Cl,0
CC1(C2CCC(C2)C1(C)NC)C.Cl,0
CN(C1=CC=C(C=C1)OC(=O)C2=CC=CO2)C(=O)C(Cl)Cl,0
CCOC1=CC(=C(C=C1C(=O)NCC2CN(CCO2)CC3=CC=C(C=C3)F)Cl)N,0
CC1=CN=C(C(=C1OC)C)CS(=O)C2=NC3=C(N2)C=CC(=N3)OC,0
CCN[C@H]1CN(S(=O)(=O)C2=C1C=C(S2)S(=O)(=O)N)CCCOC,0
C1COC(=O)N1/N=C/C2=CC=C(O2)[N+](=O)[O-],0
CC(CN1C2=CC=CC=C2SC3=CC=CC=C31)N(C)C.Cl,0
CN1C2CCC1CC(C2)OC(C3=CC=CC=C3)C4=CC=CC=C4.CS(=O)(=O)O,0
C1C(S/C(=C(\C#N)/N2C=CN=C2)/S1)C3=CC=CC=C3Cl,0
CN(C)CCCN1C2=CC=CC=C2CCC3=CC=CC=C31.Cl,0
CC(C)(C)C1=CC=C(C=C1)S(=O)(=O)NC2=C(C(=NC(=N2)C3=NC=CC=N3)OCCO)OC4=CC=CC=C4OC,0
CN(C)CC/C=C/1\C2=CC=CC=C2CSC3=CC=CC=C31.Cl,0
CC(C)(C(=O)O)OC1=CC=C(C=C1)CCNC(=O)C2=CC=C(C=C2)Cl,0
CCOC1=CC2=C(C=C1)NC(C=C2C)(C)C,0
CCC1(C(=O)NCNC1=O)C2=CC=CC=C2,0
CC1([C@@H](N2[C@H](S1)[C@@H](C2=O)NC(=O)CC3=CC=CC=C3)C(=O)[O-])C.[Na+],0
CN(C)CCN(CC1=CC=C(C=C1)Cl)C2=CC=CC=N2.Cl,0
C1=CC=C(C(=C1)N)S(=O)(=O)N,0
CC(C1=CC=C(C=C1)N2CC3=CC=CC=C3C2=O)C(=O)O,0
CCOC(=O)O[C@@H]([C@@H]1C[C@@H]2CCN1C[C@@H]2C=C)C3=C4C=C(C=CC4=NC=C3)OC,0
C1CN(CCC12C(=O)NCN2C3=CC=CC=C3)CCCC(C4=CC=C(C=C4)F)C5=CC=C(C=C5)F,0
CCCCNC1=C2C=NN(C2=NC(=C1C(=O)OCC)C)CC.Cl,0
CC[C@@H]([C@H](C)O)N1C(=O)N(C=N1)C2=CC=C(C=C2)N3CCN(CC3)C4=CC=C(C=C4)OC[C@H]5C[C@](OC5)(CN6C=NC=N6)C7=C(C=C(C=C7)F)F.O,0
CCN1CCN(CC1)CC2=CN=C(C=C2)NC3=NC=C(C(=N3)C4=CC5=C(C(=C4)F)N=C(N5C(C)C)C)F,0
CC1=C(C=CC(=C1)N2C(=O)NC(=O)N(C2=O)C)OC3=CC=C(C=C3)SC(F)(F)F,0
CN(C)CCC=C1C2=CC=CC=C2C=CC3=CC=CC=C31.Cl,0
CC1([C@@H](N2[C@H](S1)[C@@H](C2=O)NC(=O)[C@@H](C3=CC=CC=C3)N)C(=O)[O-])C.[Na+],0
C1CN(C[C@@H]1C(C2=CC=CC=C2)(C3=CC=CC=C3)C(=O)N)CCC4=CC5=C(C=C4)OCC5.Br,0
CC(=O)N[C@@H](CCC(=O)N)C(=O)O,0
CC(C)(C)NCC(C1=CC=CC=C1Cl)O.Cl,0
CC(C)NCC(COC1=CC=C(C=C1)CCOCC2CC2)O.Cl,0
CN(C)CC(COC1=CC=CC=C1CCC2=CC(=CC=C2)OC)OC(=O)CCC(=O)O.Cl,0
CC1([C@@H](N2[C@H](S1)[C@@H](C2=O)NC(=O)C3(CCCCC3)N)C(=O)O)C,0
C1=NC2=C(N=C(N=C2N1[C@H]3[C@H]([C@@H]([C@H](O3)CO)O)O)F)N,0
CC1=C[C@@H]2[C@H](CC[C@]3([C@H]2CC[C@@]3(C(=O)C)OC(=O)C)C)[C@@H]4C1=CC(=O)CC4,0
C1CN(CC=C1N2C3=CC=CC=C3NC2=O)CCCC(=O)C4=CC=C(C=C4)F,0
C[C@]12CC[C@H]3[C@H]([C@@H]1C[C@H]([C@@H]2O)O)CCC4=C3C=CC(=C4)O,0
CC(=O)OC1=CC=CC=C1C(=O)NC2=NC=C(S2)[N+](=O)[O-],0
COC1=NC(=NC2=C1N=CN2[C@H]3[C@H]([C@@H]([C@H](O3)CO)O)O)N,0
CN1C(=CC(=O)N(C1=O)C)NCCCN2CCN(CC2)C3=CC=CC=C3OC.Cl,0
C1CC(=C(N2[C@H]1[C@@H](C2=O)NC(=O)[C@@H](C3=CC=CC=C3)N)C(=O)O)Cl,0
CC(C)(C)CC(C)(C)C1=CC=C(C=C1)OCCOCC[N+](C)(C)CC2=CC=CC=C2.[Cl-],0
CCCCNC1=C(C(=CC(=C1)C(=O)O)S(=O)(=O)N)OC2=CC=CC=C2,0
CC1=CC2=C(C=C1)N3CCNC4C3=C2CCC4.CS(=O)(=O)O,0
CN1C2=CC=CC=C2C(=O)N(C3=CC=CC=C31)CCN(C)C.Cl,0
CC(C)(C)C(=O)C(N1C=CN=C1)OC2=CC=C(C=C2)Cl,0
C[C@H]1/C=C/C=C(\C(=O)N=C2C(=C3C(=C4C2=NC5(N4)CCN(CC5)CC(C)C)C6=C(C(=C3O)C)O[C@@](C6=O)(O/C=C/[C@@H]([C@H]([C@H]([C@@H]([C@@H]([C@@H]([C@H]1O)C)O)C)OC(=O)C)C)OC)C)O)/C,0
CC1=CC(=CC=C1)N(C)C(=S)OC2=CC3=CC=CC=C3C=C2,0
C1=CC2=C(C(=C(C=C2Br)Br)O)N=C1,0
C[C@@]1([C@H]2C[C@H]3[C@@H](C(=O)C(=C([C@]3(C(=O)C2=C(C4=C1C=CC=C4O)O)O)O)C(=O)NCNCCCC[C@@H](C(=O)O)N)N(C)C)O,0
CC(C)COC(=O)OCN1C(=O)CN(CC1=O)CCN2CC(=O)N(C(=O)C2)COC(=O)OCC(C)C,0
CC1=C(C=CN=C1CS(=O)C2=NC3=CC=CC=C3[N-]2)OCCCOC.[Na+],0
CCOC(=O)O[C@@]1(CC[C@@H]2[C@@]1(C[C@@H]([C@H]3[C@H]2CCC4=CC(=O)C=C[C@]34C)O)C)C(=O)OCCl,0
C[C@H]1C[C@H]2[C@@H]3CC[C@@H]([C@]3(C[C@@H]([C@@H]2[C@@]4(C1=CC(=O)CC4)C)O)C)C(=O)C,0
CN1C(=NN=N1)SCC2=C(N3[C@@H]([C@@](C3=O)(NC(=O)C(C4=CC=C(C=C4)O)C(=O)[O-])OC)OC2)C(=O)[O-].[Na+].[Na+],0
COC1=C(C=C(C=C1)CNC2=NC(=NC=C2C(=O)NCC3=NC=CC=N3)N4CCC[C@H]4CO)Cl,0
CN[C@H]1[C@H]([C@@H]2[C@H](C[C@H]([C@H](O2)O[C@@H]3[C@H](C[C@H]([C@@H]([C@H]3O)O)N)N)N)O[C@@H]1O[C@@H]4[C@@H]([C@H]([C@@H]([C@H](O4)CO)N)O)O)O,0
CCCCOC(=O)C1=CC=CC=C1NC2=CC=CC(=C2)C(F)(F)F,0
CC1CC(CC(C1)(C)C)OC(=O)C(C2=CC=CC=C2)O,0
CCC(=O)O[C@@]1([C@@H](C[C@@H]2[C@@]1(C[C@@H]([C@]3([C@H]2C[C@@H](C4=CC(=O)C=C[C@@]43C)F)F)O)C)C)C(=O)SCF,0
CC1=C(C2=C(N1C(=O)C3=CC=C(C=C3)Cl)C=CC(=C2)OC)CC(=O)OC/C=C(\C)/CC/C=C(\C)/CCC=C(C)C,0
CN1C(=C(C2=CC=CC=C2S1(=O)=O)O)C(=O)NC3=CC=CC=N3,0
CN(C/C=C/C1=CC=CC=C1)CC2=CC=CC3=CC=CC=C32.Cl,0
CC1([C@@H](N2[C@H](S1)[C@@H](C2=O)N=CN3CCCCCC3)C(=O)OCOC(=O)C(C)(C)C)C.Cl,0
C[C@@]1(C(=O)N2[C@H](C(=O)N3CCC[C@H]3[C@@]2(O1)O)CC4=CC=CC=C4)NC(=O)[C@@H]5C[C@H]6[C@@H](CC7=CNC8=CC=CC6=C78)N(C5)C.C[C@@]1(C(=O)N2[C@H](C(=O)N3CCC[C@H]3[C@@]2(O1)O)CC4=CC=CC=C4)NC(=O)[C@@H]5C[C@H]6[C@@H](CC7=CNC8=CC=CC6=C78)N(C5)C.[C@@H]([C@H](C(=O)O)O)(C(=O)O)O,0
C1CN(CCN1CCOCCO)C(C2=CC=CC=C2)C3=CC=C(C=C3)Cl.Cl.Cl,0
CS(=O)(=O)O.CS(=O)(=O)O.C1=CC(=CC=C1C(=O)OC2=CC3=C(C=C2)C=C(C=C3)C(=N)N)N=C(N)N,0
CCC[C@@H]1C[C@H](N(C1)C)C(=O)N[C@@H]([C@@H]2[C@@H]([C@@H]([C@H]([C@H](O2)SC)OP(=O)(O)O)O)O)[C@H](C)Cl,0
CN(CCOC1=CC=C(C=C1)CC2C(=O)NC(=O)S2)C3=CC=CC=N3.Cl,0
C1=NC(=O)NC(=C1F)N,0
CC(COC1=CC=CC=C1)N(CCCl)CC2=CC=CC=C2.Cl,0
COC1=C(C(=C(C=C1)CN2CCN(CC2)C(C3=CC=C(C=C3)F)C4=CC=C(C=C4)F)OC)OC.Cl.Cl,0
CC(C)C1=CC2=C(C=C1)OC3=NC(=C(C=C3C2=O)C(=O)O)N,0
CC(C)OC(=O)OC(C)OC(=O)C1=C(CS[C@H]2N1C(=O)[C@H]2NC(=O)/C(=N\OC)/C3=CSC(=N3)N)COC,0
CC1=NC=C(N1C)[N+](=O)[O-],0
CN1C(=CC(=O)N(C1=O)C)NCCN(CCCC2=CC=C(C=C2)[N+](=O)[O-])CCO,0
CN1CCN(CC1)C(=O)O[C@H]2C3=NC=CN=C3C(=O)N2C4=NC=C(C=C4)Cl,0
CO[C@H]1[C@@H](C[C@@H]2CN3CCC4=C([C@H]3C[C@@H]2[C@@H]1C(=O)OC)NC5=C4C=CC(=C5)OC)OC(=O)C6=CC(=C(C(=C6)OC)OC)OC,0
C1C[C@H]2C[C@@H]1[C@H]3[C@@H]2C(=O)N(C3=O)CCCCN4CCN(CC4)C5=NC=CC=N5,0
CNCCCC1C2=CC=CC=C2C=CC3=CC=CC=C13.Cl,0
C[C@]12CCC(=O)C=C1C=C[C@@H]3[C@@H]2CC[C@]4([C@H]3CC[C@@]45CCC(=O)O5)C,0
C1CN(CCN1CCOCCO)C2=NC3=CC=CC=C3SC4=CC=CC=C42.C1CN(CCN1CCOCCO)C2=NC3=CC=CC=C3SC4=CC=CC=C42.C(=C/C(=O)O)\C(=O)O,0
C1=CC=C2C(=C1)C(=C(C(=O)O2)CC3=C(C4=CC=CC=C4OC3=O)O)O,0
CC(=O)[C@H]1CC[C@@H]2[C@@]1(CC[C@@H]3[C@H]2C=CC4=CC(=O)CC[C@@]34C)C,0
CCCC1=NC(=C2N1N=C(NC2=O)C3=C(C=CC(=C3)S(=O)(=O)N4CCN(CC4)CC)OCC)C,0
CCC(=O)OCC(=O)[C@]1([C@H](C[C@@H]2[C@@]1(C[C@@H]([C@]3([C@H]2CCC4=CC(=O)C=C[C@@]43C)Cl)O)C)C)OC(=O)CC,0
CC(C)C1=NC(=NC(=C1/C=C/[C@H](C[C@H](CC(=O)O)O)O)C2=CC=C(C=C2)F)N(C)S(=O)(=O)C,0
CC\1=C(C2=C(/C1=C\C3=CC=C(C=C3)S(=O)C)C=CC(=C2)F)CC(=O)O,0
COC1=CC=CC=C1N2CCN(CC2)CCCCNC(=O)C3=CC4=CC=CC=C4C=C3.Cl.Cl,0
CC(CN1C2=CC=CC=C2SC3=CC=CC=C31)CN(C)C.CC(CN1C2=CC=CC=C2SC3=CC=CC=C31)CN(C)C.[C@@H]([C@H](C(=O)O)O)(C(=O)O)O,0
CCN1CCN(CC1)C2=C(C=C3C(=C2)N(C=C(C3=O)C(=O)O)C4CC4)F,0
C1=CC(=C(C=C1F)F)C(CN2C=NC=N2)(CN3C=NC=N3)O,0
CN/C(=C\[N+](=O)[O-])/NCCSCC1=CSC(=N1)CN(C)C,0
COC1=CC(=CC(=C1OC)OC)C(=O)NC2CCCNC2,0
C1=NC(=NN1[C@H]2[C@@H]([C@@H]([C@H](O2)CO)O)O)C(=O)N,0
CN1C=NC2=C1C(=O)N(C(=O)N2C)C,0
CCN(C)C(=O)OC1=CC=CC(=C1)[C@H](C)N(C)C,0
CCC(C)N1C(=O)N(C=N1)C2=CC=C(C=C2)N3CCN(CC3)C4=CC=C(C=C4)OCC5COC(O5)(CN6C=NC=N6)C7=C(C=C(C=C7)Cl)Cl,0
CC(C)CN(C[C@H]([C@H](CC1=CC=CC=C1)NC(=O)O[C@H]2CCOC2)O)S(=O)(=O)C3=CC=C(C=C3)N,0
CNC(=O)OCC1=NC(=CC=C1)COC(=O)NC,0
CN(C)CCN(CC1=CC=CS1)C2=CC=CC=N2.Cl,0
CCOC1=CC=CC=C1OCC2CNCCO2.Cl,0
C=CC1=C(N2[C@@H]([C@@H](C2=O)NC(=O)/C(=N\O)/C3=CSC(=N3)N)SC1)C(=O)O,0
CCN(CC)CC#CCOC(=O)C(C1CCCCC1)(C2=CC=CC=C2)O.Cl,0
CCCCCN(CCCCC)C(=O)C(CCC(=O)[O-])NC(=O)C1=CC(=C(C=C1)Cl)Cl.[Na+],0
CCOC(=O)NC1=CC2=C(C=C1)SC3=CC=CC=C3N2C(=O)CCN4CCOCC4.Cl,0
CCOC(=O)C1=C(NC(=C(C1C2=CC(=CC=C2)[N+](=O)[O-])C(=O)OC)C)C,0
CCOC(=O)/C=C(\C)/C=C/C=C(\C)/C=C/C1=C(C(=C(C=C1C)OC)C)C,0
COC1CN(CCC1NC(=O)C2=CC(=C(C=C2OC)N)Cl)CCCOC3=CC=C(C=C3)F,0
CC12CC3CC(C1)(CC(C3)(C2)N)C.Cl,0
C[C@]12CC[C@H]3[C@H]([C@@H]1CC[C@]2(C#C)O)CCC4=C3CCC(=O)C4,0
COC1=CC(=C(C=C1)C(=O)C2=CC=CC=C2O)O,0
C1=C(C(=C(C(=C1I)NC(=O)CCCCC(=O)NC2=C(C=C(C(=C2I)C(=O)O)I)I)I)C(=O)O)I,0
CC[N+](C)(CC)CCOC(=O)C1C2=CC=CC=C2OC3=CC=CC=C13.[Br-],0
CC(CCC=C(C)C)NC.CC(CCC=C(C)C)NC.[C@@H]([C@@H]([C@H](C(=O)O)O)O)([C@@H](C(=O)O)O)O,0
COC1=C(C=C(C=C1)C2=CC3=C(C=C2)C=C(C=C3)C(=O)O)C45CC6CC(C4)CC(C6)C5,0
CC1([C@@H](N2[C@H](S1)[C@@H](C2=O)NC(=O)[C@@H](C3=CC=CC=C3)N)C(=O)OC4C5=CC=CC=C5C(=O)O4)C.Cl,0
CCN(CC)C(=O)N[C@@H]1CN([C@@H]2CC3=CNC4=CC=CC(=C34)C2=C1)C,0
CCNC1(CCCCC1=O)C2=CC=CS2.Cl,0
CCN(CC)CCOC(=O)C(C1CCCCC1)C2=CC=CC=C2.Cl,0
C[N+](C)(CCOC1=CC=CC=C1)CC2=CC=CC=C2.C1=CC=C2C=C(C(=CC2=C1)C(=O)O)[O-],0
CCOC1=CC2=C(C3=C(C=C(C=C3)N)N=C2C=C1)N.CC(C(=O)O)O,0
CN(C)C1=CC2=C(C=C1)N=C3C=CC(=[N+](C)C)C=C3S2.[Cl-],0
CN1C=NC(=C1SC2=NC=NC3=C2NC=N3)[N+](=O)[O-],0
CN(C)CCC1=CNC2=C1C=C(C=C2)C[C@H]3COC(=O)N3,0
CCOC1=C(C=C(C=C1)CC2=NC=CC3=CC(=C(C=C32)OCC)OCC)OCC.Cl,0
C1CN(CCN1CC2=CC3=C(C=C2)OCO3)C(=O)COC4=CC=C(C=C4)Cl.Cl,0
CC1=C(C(C(=C(N1)C)C(=O)OC(C)C)C2=CC(=CC=C2)[N+](=O)[O-])C(=O)OCCOC,0
C1[C@@H]([C@@H]2[C@H](O1)[C@@H](CO2)O[N+](=O)[O-])O,0
CC(=O)S[C@@H]1CC2=CC(=O)CC[C@@]2([C@@H]3[C@@H]1[C@@H]4CC[C@]5([C@]4(CC3)C)CCC(=O)O5)C,0
CC(=O)[C@]1(CC[C@@H]2[C@@]1(CC[C@H]3[C@H]2C=C(C4=CC(=O)[C@@H]5C[C@@H]5[C@]34C)Cl)C)OC(=O)C,0
C[C@]12CC[C@H]3[C@H]([C@@H]1CC[C@@H]2O)CCC4=CC(=O)CC[C@H]34,0
CC1=C(C=CC=C1Cl)NC2=CC=CC=C2C(=O)O,0
CC[C@]12CC[C@H]3[C@H]([C@@H]1C=C[C@]2(C#C)O)CCC4=CC(=O)CC[C@H]34,0
CCC1=C(NC2=C1C(=O)C(CC2)CN3CCOCC3)C.Cl,0
C[C@@H]1CC[C@H]2[C@H]([C@@H](O[C@H]3[C@@]24[C@H]1CC[C@](O3)(OO4)C)OC(=O)CCC(=O)O)C,0
CC(CN1C2=CC=CC=C2CCC3=CC=CC=C31)CN(C)C.C(=C\C(=O)O)\C(=O)O,0
C1CN(CCC1(C2=CC=C(C=C2)Cl)O)CCCC(=O)C3=CC=C(C=C3)F,0
CC1=CC(=CC=C1)CN2CCN(CC2)C(C3=CC=CC=C3)C4=CC=C(C=C4)Cl.Cl.Cl,0
CC(CS(=O)(=O)C1=CC=C(C=C1)F)(C(=O)NC2=CC(=C(C=C2)C#N)C(F)(F)F)O,0
CN(CCCN1CCC2=CC(=C(C=C2CC1=O)OC)OC)C[C@H]3CC4=CC(=C(C=C34)OC)OC.Cl,0
CC(=O)O[C@H]1CC[C@@H]2[C@H]3CC[C@]4([C@H]([C@@H]3CCC2=C1)CC[C@]4(C#C)OC(=O)C)C,0
C1=CC(=C(C=C1N)O)C(=O)O,0
CCOC(=O)C1=CN=CN1C(C)C2=CC=CC=C2,0
COC(=O)NC1=NC2=C(N1)C=C(C=C2)S(=O)C3=CC=CC=C3,0
CC(C)C1=C(N(N(C1=O)C2=CC=CC=C2)C)CN(C)C(C)CC3=CC=CC=C3,0
CC[C@H](C)[C@@H](C(=O)N[C@@H](CC1=CN=CN1)C(=O)N2CCC[C@H]2C(=O)N[C@@H](CC3=CC=CC=C3)C(=O)O)NC(=O)[C@H](CC4=CC=C(C=C4)O)NC(=O)[C@H](C(C)C)NC(=O)[C@H](CCCN=C(N)N)NC(=O)[C@H](CC(=O)O)N,0
CC1([C@@H](N2[C@H](S1)[C@@H](C2=O)NC(=O)[C@@H](C3=CC=CC=C3)S(=O)(=O)O)C(=O)O)C,0
CCN(CC)C(C)CN1C2=CC=CC=C2SC3=CC=CC=C31.Cl,0
C1=CC(=C(C(=C1)Cl)Cl)C2=C(N=C(N=N2)N)N,0
C1CN(CC2=C1SC=C2)CC3=CC=CC=C3Cl.Cl,0
CC1(O[C@@H]2[C@H]([C@H](O[C@@H]2O1)[C@@H](CO)O)OCCCN(C)C)C.Cl,0
CC(C)(C#N)C1=CC(=CC(=C1)CN2C=NC=N2)C(C)(C)C#N,0
C1CN2C(=CC=C2C(=O)C3=CC=CC=C3)C1C(=O)O.C(C(CO)(CO)N)O,0
CN1CCC2=C3[C@H]1CC4=C(C3=CC=C2)C(=C(C=C4)O)O.O.Cl,0
CC1=C(C=CC2=C1OC(=O)C(=C2O)NC(=O)C3=CC(=C(C=C3)[O-])CC=C(C)C)O[C@H]4[C@H]([C@@H]([C@H](C(O4)(C)C)OC)OC(=O)N)O.[Na+],0
CCC(C1=CC=C(C=C1)O)C(CC)C2=CC=C(C=C2)O,0
CCC[C@@H](C(=O)OCC)N[C@@H](C)C(=O)N1[C@H]2CCCC[C@H]2C[C@H]1C(=O)O,0
CC(C)C1=C(C(=C(N1CC[C@H](C[C@H](CC(=O)O)O)O)C2=CC=C(C=C2)F)C3=CC=CC=C3)C(=O)NC4=CC=CC=C4,0
CC1=CC=CC=C1O[C@H](CCNC)C2=CC=CC=C2.Cl,0
C[C@@H]1[C@@H]2[C@H](C(=O)N2C(=C1S[C@H]3C[C@H](NC3)C(=O)N(C)C)C(=O)O)[C@@H](C)O,0
CC(C)NC(=O)C1=CC=C(C=C1)CNNC.Cl,0
C1CCN(C1)C2=C(C(=CC(=C2)C(=O)O)S(=O)(=O)N)OC3=CC=CC=C3,0
C1=CC=C(C=C1)C(=O)OC2=CC=CC3=C2N=CC=C3,0
CN(C)CCOC(C1=CC=CC=C1)C2=CC=CC=C2.Cl,0
CC1=N[C@@]2([C@H](O1)C[C@@H]3[C@@]2(C[C@@H]([C@H]4[C@H]3CCC5=CC(=O)C=C[C@]45C)O)C)C(=O)COC(=O)C,0
CC1=C(C(C(=C(N1)C#N)C(=O)OC)C2=CC(=CC=C2)[N+](=O)[O-])C(=O)OC(C)C,0
CCOC1=C(C=CC(=C1)CC(=O)N[C@@H](CC(C)C)C2=CC=CC=C2N3CCCCC3)C(=O)O,0
CCCCOC(=O)C1=CC=C(C=C1)O,0
CC(C)(C)C1=CC=C(C=C1)CN(C)CC2=CC=CC3=CC=CC=C32.Cl,0
C/C(=C\C1=CC=CC=C1)/C=C\2/C(=O)N(C(=S)S2)CC(=O)O,0
C1=CC2=C(C=CC(=C2N=C1)O)[N+](=O)[O-],0
CS(=O)(=O)CCNCC1=CC=C(O1)C2=CC3=C(C=C2)N=CN=C3NC4=CC(=C(C=C4)OCC5=CC(=CC=C5)F)Cl,0
C1CN(CCC1N2C3=CC=CC=C3NC2=O)CCCC(=O)C4=CC=C(C=C4)F,0
C1=CC=C(C=C1)CNC(=O)CCCl,0
CC1([C@@H](N2[C@H](S1(=O)=O)CC2=O)C(=O)O)C,0
CCC1=C(C2=CC=CC=C2O1)C(=O)C3=CC=C(C=C3)O,0
COC1=C(C=CC(=C1)C2=NNC(=O)C=C2)OC(F)F,0
CC1=NN(C(=O)C1)C2=CC=CC=C2,0
C[C@]12CC[C@H]3[C@H]([C@@H]1CC[C@]2(C)O)CC[C@@H]4[C@@]3(CC5=C(C4)NN=C5)C,0
CCCNC(C)C(=O)NC1=C(SC=C1C)C(=O)OC.Cl,0
CC(=O)[C@H]1CC[C@@H]2[C@@]1(CC[C@H]3[C@H]2CCC4=CC(=O)CC[C@]34C)C,0
CN1CCN(CC1)C2=NC3=CC=CC=C3OC4=C2C=C(C=C4)Cl.C(CC(=O)O)C(=O)O,0
CC1=CN(C(=O)NC1=O)[C@H]2C=C[C@H](O2)CO,0
CC1=NC=C(C(=N1)N)CN(C=O)/C(=C/2\CCOC(=O)S2)/C,0
C[C@@]1([C@H]2[C@@H]([C@H]3[C@@H](C(=O)C(=C([C@]3(C(=O)C2=C(C4=C1C=CC=C4O)O)O)O)C(=O)N)N(C)C)O)O.O.O,0
C[C@@H]([C@@H]([C@H]1CNC2=C(N1)C(=O)NC(=N2)N)O)O.Cl.Cl,0
C1COCCN1C(=O)NCCNCC(COC2=CC=C(C=C2)O)O.C1COCCN1C(=O)NCCNCC(COC2=CC=C(C=C2)O)O.C(=C/C(=O)O)\C(=O)O,0
CC1=C(C(C(=C(N1)C)C(=O)OC(C)C)C2=CC=CC3=NON=C32)C(=O)OC,0
C1C(=C(N2[C@H](S1)[C@@H](C2=O)NC(=O)CN3C=NN=N3)C(=O)O)CSC4=NN=CS4,0
CCN1C=C(C(=O)C2=CC(=C(C(=C21)F)N3CCNC(C3)C)F)C(=O)O.Cl,0
C1C(=NC(=O)N1/N=C/C2=CC=C(O2)C3=CC=C(C=C3)[N+](=O)[O-])[O-].[Na+],0
C[C@@H]([C@@H](C1=CC=C(C=C1)O)O)NCCC2=CC=C(C=C2)O.Cl,0
CN1C(=O)CC(C1=O)C2=CC=CC=C2,0
CC(C)C1=C(C(=CC=C1)C(C)C)O,0
C=CCOC(CN1C=CN=C1)C2=C(C=C(C=C2)Cl)Cl,0
CN1CCN(CC1)C(C2=CC=CC=C2)C3=CC=CC=C3.Cl,0
C[C@]12CC[C@H]3[C@H]([C@@H]1CC[C@]2(C#C)O)CCC4=CC(=O)CC[C@H]34,0
C[C@H]1C[C@@H](C(=O)[C@@H](C1)[C@@H](CC2CC(=O)NC(=O)C2)O)C,0
C1=CC2=C(C=C1O)OC(=O)S2,0
CN(CCCOC1=C(C=C(C=C1)Cl)Cl)CC#C.Cl,0
C1CN(CCC1N2C3=C(C=C(C=C3)Cl)NC2=O)CCCN4C5=CC=CC=C5NC4=O,0
CCCCN(CCCC)CCCOC(=O)C1=CC=C(C=C1)N,0
CN(C)CCC(C1=CC=C(C=C1)Br)C2=CC=CC=N2.C(=C\C(=O)O)\C(=O)O,0
CCOC(=O)CC(=O)N1CCSC1COC2=CC=CC=C2OC,0
C1[C@@H]([C@H](O[C@H]1N2C=C(C(=O)NC2=O)C(F)(F)F)CO)O,0
CC(C)(C)NC(=O)[C@@H]1CN(CCN1C[C@H](C[C@@H](CC2=CC=CC=C2)C(=O)N[C@@H]3[C@@H](CC4=CC=CC=C34)O)O)CC5=CN=CC=C5.OS(=O)(=O)O,0
C[C@]12CC[C@H]3[C@H]([C@@H]1CC[C@@H]2O)CCC4=C3C=CC(=C4)O,0
CC[C@]1(CC[C@@H](O1)[C@@]2(CC[C@@]3(O2)C[C@@H]([C@H]([C@H](O3)[C@@H](C)[C@H]([C@H](C)C(=O)[O-])OC)C)O)C)[C@H]4[C@H](C[C@@H](O4)[C@@H]5[C@H](C[C@H]([C@@](O5)(CO)O)C)C)C.[Na+],0
C[C@@H]1CC2=C(CCC(=O)C2)[C@@H]3[C@@H]1[C@@H]4CC[C@]([C@]4(CC3)C)(C#C)O,0
C1=CC(=CC=C1N)S(=O)(=O)NC(=O)N,0
CCOC(=O)[C@](C)(CC1=CC(=C(C=C1)O)O)N.Cl,0
CC1=C(C2=C(N1C(=O)C3=CC=C(C=C3)Cl)C=CC(=C2)OC)CC(=O)OCC(=O)O,0
C1=CC(=C(C=C1N)C(=O)O)O,0
C1CN(CCN1CC2=CC3=C(C=C2)OCO3)C4=NC=CC=N4,0
CC(=O)OCC(=O)[C@]1(CC[C@@H]2[C@@]1(C[C@@H]([C@]3([C@H]2CCC4=CC(=O)C=C[C@@]43C)Cl)Cl)C)O,0
C1CSC2=N[C@H](CN21)C3=CC=CC=C3.Cl,0
C1CN(CCC1C(=O)C2=CC=C(C=C2)F)CCN3C(=O)C4=CC=CC=C4NC3=O.C(C(C(=O)O)O)(C(=O)O)O.O,0
CCOC(=O)C(C)(CC1=CC(=C(C(=C1)I)OC2=CC(=C(C(=C2)I)O)I)I)N.Cl,0
C[C@]12CCC(=O)C=C1CC[C@@H]3[C@@H]2C(=O)C[C@]4([C@H]3CCC4=O)C,0
CCOC1=C(C2=CC=CC=C2C=C1)C(=O)N[C@H]3[C@@H]4N(C3=O)[C@H](C(S4)(C)C)C(=O)[O-].O.[Na+],0
C[C@H](CCCC(C)C)[C@H]1CC[C@@H]\2[C@@]1(CCC/C2=C\C=C/3\C[C@H](CCC3=C)O)C,0
C[C@@H](C(=O)N)NCC1=CC=C(C=C1)OCC2=CC(=CC=C2)F,0
CC(CCC1=CC=CC=C1)NCC(C2=CC(=C(C=C2)O)C(=O)N)O.Cl,0
C1=C(NC=N1)CCN.Cl.Cl,0
C1CN=C(N1)NC2=C(C3=NC=CN=C3C=C2)Br.[C@@H]([C@H](C(=O)O)O)(C(=O)O)O,0
CCC(=O)OCC(=O)[C@]1([C@@H](C[C@@H]2[C@@]1(C[C@@H]([C@H]3[C@H]2[C@@H](CC4=CC(=O)C=C[C@]34C)Cl)O)C)C)OC(=O)CC,0
COCCCC/C(=N\OCCN)/C1=CC=C(C=C1)C(F)(F)F.C(=C\C(=O)O)\C(=O)O,0
CCCCC1=NC2(CCCC2)C(=O)N1CC3=CC=C(C=C3)C4=CC=CC=C4C5=NNN=N5,0
C1=C(NC(=O)NC1=O)C(=O)O,0
C1=CC(=CN=C1)C(=O)O,0
CC(=O)N=C1N(N=C(S1)S(=O)(=O)N)C,0
CN1CCC(=C2C3=C(CCC4=CC=CC=C42)SC=C3)CC1.C(C(C(=O)O)O)C(=O)O,0
C1=CC(=CC(=C1)I)CN=C(N)N.C1=CC(=CC(=C1)I)CN=C(N)N.OS(=O)(=O)O,0
CC(=O)O[C@H]1C[C@@H]2CC[C@@H]3[C@@H]([C@]2(C[C@@H]1N4CCCCC4)C)CC[C@]5([C@H]3C[C@@H]([C@@H]5OC(=O)C)[N+]6(CCCCC6)C)C.[Br-],0
CCN1CCC[C@H]1CNC(=O)C2=C(C=CC(=C2OC)Br)OC.Cl,0
CS(=O)(=O)O.C1[C@@H]2CC(C[C@H]3N2CC(=O)C1C3)OC(=O)C4=CNC5=CC=CC=C54.O,0
CC1=C(SC=N1)/C=C\C2=C(N3[C@@H]([C@@H](C3=O)NC(=O)/C(=N\OC)/C4=CSC(=N4)N)SC2)C(=O)OCOC(=O)C(C)(C)C,0
CC(C1=CC=C(C=C1)CC2CCCC2=O)C(=O)O,0
C1=CC2=C(C(=C(C=C2Cl)I)O)N=C1,0
C1=CC(=C(C=C1Cl)CC2=C(C=CC(=C2)Cl)O)O,0
C1CCC(C1)CC2NC3=CC(=C(C=C3S(=O)(=O)N2)S(=O)(=O)N)Cl,0
CC1=C(C(=CC=C1)C(=O)O)OC(=O)C,0
CC[N+](CC)(CC1=CC=CC=C1)CC(=O)NC2=C(C=CC=C2C)C.C1=CC=C(C=C1)C(=O)[O-],0
C1CC(OC1)N2C=C(C(=O)NC2=O)F,0
CC(C)(C1=CC=CC=C1CC[C@H](C2=CC=CC(=C2)/C=C/C3=NC4=C(C=CC(=C4)Cl)C=C3)SCC5(CC5)CC(=O)O)O,0
CNCC(C1=CC(=C(C=C1)O)O)O.Cl,0
C1=CC(=C(C(=C1)F)CN2C=C(N=N2)C(=O)N)F,0
CCN[C@H]1C[C@@H](S(=O)(=O)C2=C1C=C(S2)S(=O)(=O)N)C.Cl,0
CC1=C[C@@H]2[C@H](CC[C@]3([C@H]2CC(=C)[C@@]3(C(=O)C)OC(=O)C)C)[C@@]4(C1=CC(=O)CC4)C,0
CN(CCC1=CC=C(C=C1)NS(=O)(=O)C)CCOC2=CC=C(C=C2)NS(=O)(=O)C,0
COC1=CC(=C(C=C1)C(=O)C2=CC=CC=C2)O,0
CC1=C(C(C(=C(N1)C)C(=O)OC/C=C/C2=CC=CC=C2)C3=CC(=CC=C3)[N+](=O)[O-])C(=O)OCCOC,0
C1[C@@H]2N(C1=O)[C@H](/C(=C/CO)/O2)C(=O)O,0
C[N+]12CCC(CC1)C(C2)OC(=O)C(C3=CC=CC=C3)(C4=CC=CC=C4)O.[Br-],0
CC1=CC(=O)C2=C(C3=C(C(=C2O1)OC)OC=C3)OC,0
C1=CC=C(C(=C1)CC(=O)O)OC2=C(C=C(C=C2)Cl)Cl,0
C[N+]1([C@@H]2CC[C@H]1CC(C2)OC(=O)C(CO)C3=CC=CC=C3)C.[N+](=O)([O-])[O-],0
CC1=C2C(=NC=C1)N(C3=C(C=CC=N3)C(=O)N2)C4CC4,0
CC[C@H](C)C(=O)O[C@H]1C[C@@H](C=C2[C@H]1[C@H]([C@H](C=C2)C)CC[C@H](C[C@H](CC(=O)O)O)O)O,0
CN(C)C1=NC(=NC(=N1)N(C)C)N(C)C,0
C1COCCN1CCNC(=O)C2=CC=C(C=C2)Cl,0
CC(C)(C)NC[C@@H](COC1=CC=CC=C1C2CCCC2)O.CC(C)(C)NC[C@@H](COC1=CC=CC=C1C2CCCC2)O.OS(=O)(=O)O,0
C1[C@@H](N=C(N[C@H]1O)N)[C@H]2C(=O)NC[C@@H](C(=O)N[C@H](C(=O)N[C@H](C(=O)N/C(=C\NC(=O)N)/C(=O)N2)CO)CO)NC(=O)C[C@H](CCCN)N.OS(=O)(=O)O,0
COC1=C(C=C(C=C1)CC2=NC=CC3=CC(=C(C=C32)OC)OC)OC.Cl,0
CN1CCN(CC1)C2CC3=CC=CC=C3SC4=C2C=C(C=C4)Cl.C(=CC(=O)O)C(=O)O,0
CC[C@]12C=CC3=C4CCC(=O)C=C4CC[C@H]3[C@@H]1CC[C@]2(C#C)O,0
CC1=CN=C(S1)NC(=O)C2=C(C3=CC=CC=C3S(=O)(=O)N2C)O,0
CC1=C(C2=C(C=C1)C3=C(C(=O)C=C(O3)C(=O)OCCC(C)C)C(=O)N2)C,0
CO/N=C(/C1=NSC(=N1)N)\C(=O)N[C@H]2[C@@H]3N(C2=O)C(=C(CS3)C[N+]4=C5C=CC=NN5C=C4)C(=O)[O-].Cl,0
CC1=CC=C(C=C1)N(CC2=NCCN2)C3=CC(=CC=C3)O.Cl,0
CCCN[C@H]1CCC2=C(C1)SC(=N2)N.Cl.Cl,0
CC1(C2=C(C=C(C=C2)OC)C(=O)N(C1=O)CCC3=CC=C(C=C3)S(=O)(=O)NC(=O)NC4CCCCC4)C,0
CC(=O)N[C@@H]1[C@H](C=C(O[C@H]1[C@@H]([C@@H](CO)O)O)C(=O)O)N=C(N)N,0
C[C@]12C[C@@H]([C@H]3[C@H]([C@@H]1CC[C@@]2(C(=O)CO)O)CCC4=CC(=O)C=C[C@]34C)O,0
CC1([C@@H](N2[C@H](S1)[C@@H](C2=O)NC(=O)[C@@H](C3=CC=CC=C3)N)C(=O)OCOC(=O)C(C)(C)C)C,0
CCCCC(=O)N(CC1=CC=C(C=C1)C2=CC=CC=C2C3=NNN=N3)[C@@H](C(C)C)C(=O)O,0
C1=CC=C(C(=C1)C(=O)O)OP(=O)(O)O,0
CC(C)(C1=CN=CC=C1)C(=O)C2=CN=CC=C2,0
CS(=O)(=O)C1=CC=C(C=C1)[C@H]([C@@H](CF)NC(=O)C(Cl)Cl)O,0
CN1C=C(C2=CC=CC=C21)C(=O)[C@@H]3CCC4=C(C3)NC=N4.Cl,0
COC1=C(C=C(C=C1)C2CC(=O)NC2)OC3CCCC3,0
C[N+]1(CCCC1)CC2=C(N3[C@@H]([C@@H](C3=O)NC(=O)/C(=N\OC)/C4=CSC(=N4)N)SC2)C(=O)O.O.Cl.[Cl-],0
CN1CCCCC1CCN2C3=CC=CC=C3SC4=C2C=C(C=C4)S(=O)C.C1=CC=C(C=C1)S(=O)(=O)O,0
CC(=O)SCC(CC1=CC=CC=C1)C(=O)NCC(=O)OCC2=CC=CC=C2,0
C1CC1NC2=NC(=NC(=N2)N)N,0
C1COCCN1CC2CN(C(=O)O2)/N=C/C3=CC=C(O3)[N+](=O)[O-].Cl,0
C1=CC(=CN=C1)CC(O)(P(=O)(O)O)P(=O)(O)O,0
CC(C)SC1=CC2=C(C=C1)N=C(N2)NC(=O)OC,0
C=CCN1CC[C@]23[C@@H]4C(=O)CC[C@]2([C@H]1CC5=C3C(=C(C=C5)O)O4)O.Cl,0
C1[C@H]([C@@H]([C@H]([C@@H]([C@H]1N)O[C@@H]2[C@@H]([C@H]([C@@H]([C@H](O2)CO)O)O)N)O[C@H]3[C@@H]([C@@H]([C@H](O3)CO)O[C@@H]4[C@@H]([C@H]([C@@H]([C@@H](O4)CN)O)O)N)O)O)N.OS(=O)(=O)O,0
CCN(C1=CC=CC=C1C)C(=O)/C=C/C,0
C#CCN[C@@H]1CCC2=CC=CC=C12,0
C(CO)CSC[C@@H](C(=O)O)N,0
COC1=C(C=C2C(=C1)N=CN=C2NC3=CC(=C(C=C3)F)Cl)OCCCN4CCOCC4,0
C1N2CN3CN1CN(C2)C3,0
CC(=O)OCC(=O)[C@@]12[C@@H](C[C@@H]3[C@@]1(C[C@@H]([C@]4([C@H]3C[C@@H](C5=CC(=O)C=C[C@@]54C)F)F)O)C)OC(O2)(C)C,0
C1C(=C(N2[C@H](S1)[C@@H](C2=O)NC(=O)[C@@H](C3=CC=CC=C3)S(=O)(=O)[O-])C(=O)[O-])C[N+]4=CC=C(C=C4)C(=O)N.[Na+],0
CC(CN(C)C)C(C)(CC1=CC=C(C=C1)Cl)O.Cl,0
CC(C)(C)C1=CC(=CC(=C1O)C(C)(C)C)SC(C)(C)SC2=CC(=C(C(=C2)C(C)(C)C)O)C(C)(C)C,0
C(CS(=O)(=O)[O-])S.[Na+],0
CCN[C@@H]1C[C@@H]([C@H]([C@@H]([C@H]1O[C@@H]2[C@@H]([C@H]([C@@](CO2)(C)O)NC)O)O)O[C@@H]3[C@@H](CC=C(O3)CN)N)N.CCN[C@@H]1C[C@@H]([C@H]([C@@H]([C@H]1O[C@@H]2[C@@H]([C@H]([C@@](CO2)(C)O)NC)O)O)O[C@@H]3[C@@H](CC=C(O3)CN)N)N.OS(=O)(=O)O.OS(=O)(=O)O.OS(=O)(=O)O.OS(=O)(=O)O.OS(=O)(=O)O,0
CC1=CC(=C(C=C1)NC2=C(C=CC=C2Cl)F)CC(=O)O,0
CC(=O)OCC(=O)[C@]1(CC[C@@H]2[C@@]1(C[C@@H]([C@]3([C@H]2CCC4=CC(=O)CC[C@@]43C)F)O)C)O,0
C[C@H]1C[C@H]2[C@@H]3CCC4=CC(=O)C=C[C@@]4([C@]3([C@H](C[C@@]2([C@]1(C(=O)CO)O)C)O)F)C,0
CC(C)N(CCC(C1=CC=CC=C1)(C2=CC=CC=N2)C(=O)N)C(C)C,0
C1=CC(=CC=C1C(CN)O)O.Cl,0
CC[C@@]12CCCN3[C@@H]1C4=C(CC3)C5=CC=CC=C5N4C(=C2)C(=O)OCC,0
CCOC(=O)[C@H](CCC1=CC=CC=C1)N[C@@H](C)C(=O)N2CC3=CC=CC=C3C[C@H]2C(=O)O.Cl,0
CC1([C@@H](N2[C@H](S1)[C@@H](C2=O)NC(=O)C3=C(C=CC=C3OC)OC)C(=O)[O-])C.[Na+],0
CC1=CC(=C(C=C1)C)OCCCC(C)(C)C(=O)O,0
CCCOC1=CC=CC=C1C2=NC3=NNN=C3C(=O)N2,0
CC(C)(C)NCC(C1=CC(=CC(=C1)OC(=O)N(C)C)OC(=O)N(C)C)O.Cl,0
C1=CC(=C(C(=C1CNNC(=O)C(CO)N)O)O)O.Cl,0
CCC(C)C(C1=CC=CC=C1)C(=O)OCC[N+](C)(CC)CC.[Br-],0
CC/C=C(/C1=CSC(=N1)N)\C(=O)N[C@H]2[C@@H]3N(C2=O)C(=C(CS3)COC(=O)N)C(=O)OCOC(=O)C(C)(C)C.Cl,0
C[C@]12CC[C@H]3[C@H]([C@@H]1CC[C@]2(C#C)O)CCC4=CC5=C(C[C@]34C)C=NO5,0
CC(C)NCC(COC1=CC=C(C=C1)NC(=O)C)O,0
C[C@H](CCC(=O)O)[C@H]1CC[C@@H]2[C@@]1(CC[C@H]3[C@H]2[C@@H](C[C@H]4[C@@]3(CC[C@H](C4)O)C)O)C,0
CC1=CN(C(=O)C=C1)C2=CC=CC=C2,0
C1C(CN(C1=O)CC(=O)N)O,0
C[C@]12CC[C@@H](C[C@H]1CC[C@@H]3[C@@H]2C[C@H]([C@]4([C@@]3(CC[C@@H]4C5=CC(=O)OC5)O)C)O)O,0
C1=CC=C(C=C1)N2C(=O)C3=CC=CC=C3[Se]2,0
CN[C@@H]1CCC2=C(C1)C3=C(N2)C=CC(=C3)C(=O)N.C(CC(=O)O)C(=O)O,0
CC[N+](CC)(CC)CCC(C1CCCCC1)(C2=CC=CC=C2)O.[Cl-],0
CC(C)NC1=NC=CC=N1,0
C1C(NCS1)C(=O)O,0
C[C@]12CC[C@H]3[C@H]([C@@H]1CC[C@@H]2C(=O)NC(C)(C)C)CC[C@@H]4[C@@]3(C=CC(=O)N4)C,0
CCOC(=O)C1=C(NC(=C(C1C2=C(C(=CC=C2)Cl)Cl)C(=O)OC)C)C,0
CS(=O)(=O)C1=CC=C(C=C1)C2=C(C(=O)OC2)C3=CC=CC=C3,0
CC[N+](C)(C)CC1=CC=CC=C1Br.CC1=CC=C(C=C1)S(=O)(=O)[O-],0
CC1=CC(=C(C(=C1/C=C/C(=C/C=C/C(=C/C(=O)O)/C)/C)C)C)OC,0
CO/N=C(/C1=CC=CO1)\C(=O)N[C@H]2[C@@H]3N(C2=O)C(=C(CS3)COC(=O)N)C(=O)[O-].[Na+],0
CN1CC(C2=C(C1)C(=CC=C2)N)C3=CC=CC=C3.C(=C\C(=O)O)\C(=O)O,0
C[N+]1=CC=CC=C1/C=N/O.[Cl-],0
CC(=O)OCC(CCN1C=NC2=CN=C(N=C21)N)COC(=O)C,0
CCN1C=C(C(=O)C2=CC3=C(C=C21)OCO3)C(=O)O,0
CCC1=C(C2=CC=CC=C2O1)C(=O)C3=CC(=C(C(=C3)I)O)I,0
CC(=O)NC1=CC=C(C=C1)C(=O)O,0
C[C@]12CC[C@@H](C[C@H]1CC[C@@H]3[C@@H]2CC[C@]4([C@@]3(CC[C@@H]4C5=CC(=O)OC5)O)C)O,0
CCCC(=O)NC1=C2C(=NC=N1)N(C=N2)[C@H]3[C@@H]([C@H]4[C@H](O3)COP(=O)(O4)[O-])OC(=O)CCC.[Na+],0
C[C@H]1/C=C/C=C(\C(=O)NC2=C(C(=C3C(=C2O)C(=C(C4=C3C(=O)[C@](O4)(O/C=C/[C@@H]([C@H]([C@H]([C@@H]([C@@H]([C@@H]([C@H]1O)C)O)C)OC(=O)C)C)OC)C)C)O)O)/C=N/N5CCN(CC5)C)/C,0
CCN(CC)CCNC(=O)C1=CC=C(C=C1)N.Cl,0
COC1=NC=NC(=C1)NS(=O)(=O)C2=CC=C(C=C2)N,0
C[C@@H]1[C@H]([C@H](C[C@@H](O1)O[C@H]2CC[C@]3([C@@H](C2)CC[C@@H]4[C@@H]3C[C@H]([C@]5([C@@]4(CC[C@@H]5C6=CC(=O)OC6)O)C)O)C)O)O[C@H]7C[C@@H]([C@@H]([C@H](O7)C)O[C@H]8C[C@@H]([C@@H]([C@H](O8)C)O[C@H]9[C@@H]([C@H]([C@@H]([C@H](O9)CO)O)O)O)OC(=O)C)O,0
C1[C@@H]([C@H](O[C@H]1N2C=C(C(=O)NC2=O)/C=C/Br)CO)O,0
C1=CC(=CC=C1C2=NC(=CS2)CC(=O)O)Cl,0
CC[C@@H](CO)NC(=O)[C@H]1CN([C@@H]2CC3=CNC4=CC=CC(=C34)C2=C1)C.C(=C\C(=O)O)\C(=O)O,0
C1CN(CCC12CNC(=O)O2)CCC3=CC=CC=C3.Cl,0
C([C@@H]([C@@H]1C(=C(C(=O)O1)O)O)O)O,0
CC(C)(C)NCC(C1=CC=CC=C1Cl)O.Cl,0
CCCC(=O)OCOC(=O)C1=C(NC(=C(C1C2=C(C(=CC=C2)Cl)Cl)C(=O)OC)C)C,0
C1=NNC2=C1C(=O)NC=N2,0
CN1CCN(CC1)C2=C(C=C3C(=C2F)N(C=C(C3=O)C(=O)O)CCF)F,0
CC(=O)NC1=CC=CC=C1,0
C1=C(C=C(C(=C1S(=O)(=O)N)Cl)Cl)S(=O)(=O)N,0
CCCC(CCC)C(=O)O,0
COC1=CC=CC=C1O,0
C1=CC=C(C=C1)CSCC2=NS(=O)(=O)C3=CC(=C(C=C3N2)Cl)S(=O)(=O)N,0
CC1=C(SC=C1)C(=CCCN2CCC[C@H](C2)C(=O)O)C3=C(C=CS3)C.Cl,0
C1=CC(=CC=C1C(=O)NCC(=O)O)N,0
C1=NC(=NC(=O)N1C2[C@H]([C@H]([C@H](O2)CO)O)O)N,0
C1CNP(=O)(OC1)N(CCCl)CCCl,0
CC(C)NC1=C(N=CC=C1)N2CCN(CC2)C(=O)C3=CC4=C(N3)C=CC(=C4)NS(=O)(=O)C,0
C1=CC=C(C=C1)C2=C(OC(=N2)CCC(=O)O)C3=CC=CC=C3,0
CC1=CC=CN2C1=NC=C(C2=O)C3=NN=N[N-]3.[K+],0
CC(C)(C)NCC(COC1=CC=CC2=C1C[C@@H]([C@@H](C2)O)O)O,0
C1=CC=C(C=C1)C[C@H](C(=O)O)N,0
CC(C)[N+](C)(CCOC(=O)C1C2=CC=CC=C2OC3=CC=CC=C13)C(C)C.[Br-],0
CC(COC1=CC=CC=C1)NN.Cl.Cl,0
CC(C)[C@@H](C(=O)OCC(CO)OCN1C=NC2=C1N=C(NC2=O)N)N.Cl,0
CC(=O)N(CC(CO)O)C1=C(C(=C(C(=C1I)C(=O)NCC(CO)O)I)C(=O)NCC(CO)O)I,0
C[C@H](CC1=CC=CC=C1)N(C)CC#C.Cl,0
C[N+](C)(C)C[C@@H](CC(=O)[O-])O,0
CCN1CCN(C(=O)C1=O)C(=O)N[C@H](C2=CC=C(C=C2)O)C(=O)N[C@H]3[C@@H]4N(C3=O)C(=C(CS4)CSC5=NN=NN5C)C(=O)O.O.O,0
C[N+]1(CCOC(C1)(C2=CC=C(C=C2)C3=CC=C(C=C3)C4(C[N+](CCO4)(C)C)O)O)C.[Br-].[Br-],0
CC1=CC(=O)OC2=C1C=CC(=C2)O,0
C1=CN=CC=C1C(=O)NN,0
CCC(=O)O[C@@]1([C@H](C[C@@H]2[C@@]1(C[C@@H]([C@]3([C@H]2CCC4=CC(=O)C=C[C@@]43C)F)O)C)C)C(=O)CCl,0
CC(C1=CC(=C(C=C1)N2CC=CC2)Cl)C(=O)O,0
CC1=CC=C(C=C1)S(=O)(=O)[N-]Cl.[Na+],0
CCOC1=CC=CC=C1O[C@@H]([C@H]2CNCCO2)C3=CC=CC=C3.CS(=O)(=O)O,0
COC1=C(C=C(C=C1)Cl)C(=O)NCCC2=CC=C(C=C2)S(=O)(=O)NC(=O)NC3CCCCC3,0
CC[N+](C)(CC)CCC[N+]1=C2C=C(C=CC2=C3C=CC(=CC3=C1C4=CC=CC=C4)N)N.[I-].[I-],0
COC1=CC=C(C=C1)C2C(=O)C3=CC=CC=C3C2=O,0
C[C@@H]1[C@H]([C@H](C[C@@H](O1)O[C@@H]2[C@H](O[C@H](C[C@@H]2O)O[C@@H]3[C@H](O[C@H](C[C@@H]3O)O[C@H]4CC[C@]5([C@@H](C4)CC[C@@H]6[C@@H]5C[C@H]([C@]7([C@@]6(CC[C@@H]7C8=CC(=O)OC8)O)C)O)C)C)C)O)O,0
CCOC(=O)N1CCC(=C2C3=C(CCC4=C2N=CC=C4)C=C(C=C3)Cl)CC1,0
C1CNCCN(C1)S(=O)(=O)C2=CC=CC3=C2C=CN=C3.Cl,0
C1=CC=C(C=C1)C2=CC=C(C=C2)CC(=O)O,0
CC(C)OC(=O)C(=C1SC=CS1)C(=O)OC(C)C,0
CC1(C(=O)N(C(=O)O1)C)C,0
C[C@@H]1CCC[C@@H](N1NC(=O)C2=CC(=C(C=C2)Cl)S(=O)(=O)N)C,0
C[C@@]12CCN([C@@H]1N(C3=C2C=C(C=C3)OC(=O)NC)C)C.C[C@@]12CCN([C@@H]1N(C3=C2C=C(C=C3)OC(=O)NC)C)C.OS(=O)(=O)O,0
CCOC1=NC2=CC=CC(=C2N1CC3=CC=C(C=C3)C4=CC=CC=C4C5=NOC(=O)N5)C(=O)OCC6=C(OC(=O)O6)C,0
CC1=CC(=O)N(C(=C1)C2CCCCC2)O.C(CO)N,0
CC1=C(C2=C(CCC(O2)(C)COC3=CC=C(C=C3)CC4C(=O)NC(=O)S4)C(=C1O)C)C,0
C1=CN(C(=O)N=C1N)[C@H]2C([C@@H]([C@H](O2)CO)O)(F)F,0
C1CCC(CC1)C(=O)N2CC3C4=CC=CC=C4CCN3C(=O)C2,0
CC(=O)NC1=CC(=CC=C1)O,0
CN1C2=C(C(=O)N(C1=O)C)N(C=N2)CCO,0
C1=CC=C(C(=C1)CC(=O)OCC(=O)O)NC2=C(C=CC=C2Cl)Cl,0
CC(C)CC1=CC=C(C=C1)C(C)C(=O)OCC2=CC=CC=N2,0
CCN(CC)C1=CC(=NC2=NC=NN12)C,0
CC1=CC(=NN=C1NCCN2CCOCC2)C3=CC=CC=C3.Cl.Cl,0
CN1C(CC2=CC(=C(C=C21)O)N=NC(=O)N)S(=O)(=O)[O-].[Na+],0
C1=CC=C2C(=C1)NC(=N2)C3=CSC=N3,0
C[C@]12CCC(=O)C=C1CC[C@@H]3[C@@H]2[C@H](C[C@]4([C@H]3CC[C@@H]4C(=O)CO)C)O,0
C1=C(C(=O)NC(=O)N1)F,0
CC(CNC1CCCCC1)OC(=O)C2=CC=CC=C2.Cl,0
CN1C(=C(C2=C(S1(=O)=O)C=CS2)O)C(=O)NC3=CC=CC=N3,0
C1=CC2=C(C(=C(C=C2Cl)Cl)O)N=C1,0
COC1=CC(=CC(=C1OC)OC)C(=O)OCCCN2CCCN(CC2)CCCOC(=O)C3=CC(=C(C(=C3)OC)OC)OC.Cl.Cl,0
C[C@H](CCC(=O)O)[C@H]1CC[C@@H]2[C@@]1(C(=O)C[C@H]3[C@H]2C(=O)C[C@H]4[C@@]3(CCC(=O)C4)C)C,0
CCCN(CCC)S(=O)(=O)C1=CC=C(C=C1)C(=O)O,0
C1CC(C1)CN2CC[C@]34[C@@H]5[C@H](CC[C@]3([C@H]2CC6=C4C(=C(C=C6)O)O5)O)O.Cl,0
C1CCC(CC1)N2C(=NN=N2)CCCCOC3=CC4=C(C=C3)NC(=O)CC4,0
CC1(O[C@@H]2CO[C@@]3([C@H]([C@@H]2O1)OC(O3)(C)C)COS(=O)(=O)N)C,0
CC1=C(C(C(=C(N1)C)C(=O)OC)C2=CC=CC=C2[N+](=O)[O-])C(=O)OC,0
CCCSS/C(=C(/C)\N(CC1=CN=C(N=C1N)C)C=O)/CCO,0
C1[C@H]([C@@H]([C@H]([C@@H]([C@H]1N)O[C@@H]2[C@@H]([C@H]([C@@H]([C@H](O2)CN)O)O)O)O)O[C@@H]3[C@@H]([C@H]([C@@H]([C@H](O3)CO)O)N)O)N.OS(=O)(=O)O,0
CN1[C@@H]2CC[C@H]1CC(C2)OC(=O)C3=CNC4=CC=CC=C43.Cl,0
C[C@]12CCC(=O)C=C1C=C[C@@H]3[C@@H]2CC[C@]4([C@H]3CC[C@]4(CCC(=O)[O-])O)C.[K+],0
C1=CC=C2C(=C1)C(=O)NC2(C3=CC(=C(C=C3)Cl)S(=O)(=O)N)O,0
CC(=O)OC1=CC2=C(S1)CCN(C2)C(C3=CC=CC=C3F)C(=O)C4CC4,0
CC/C(=C(/CC)\C1=CC=C(C=C1)O)/C2=CC=C(C=C2)O,0
C1=CC=C2C(=C1)C(=CN2)C[C@@H](C(=O)O)N,0
CC1=C(C(=CC=C1)C)NC2=NCCCS2,0
CO[C@@]1([C@@H]2N(C1=O)C(=C(CS2)COC(=O)N)C(=O)[O-])NC(=O)CC3=CC=CS3.[Na+],0
CN1C2=C(C(=O)N(C1=O)C)NC=N2.CN1C2=C(C(=O)N(C1=O)C)NC=N2.C(CN)N,0
CC1=C(C(=O)C=CN1C)O,0
CC1=C(C(=O)C(=C(C1=O)C)C(CCCCCC(=O)O)C2=CC=CC=C2)C,0
CCC1=NN(C(=O)N1CCOC2=CC=CC=C2)CCCN3CCN(CC3)C4=CC(=CC=C4)Cl.Cl,0
CN1C(=O)COC2=C(C=C(C=C21)Cl)C(=O)NC3CN4CCC3CC4.Cl,0
CCOC(=O)C1=CC=C(C=C1)OC(=O)CCCCCN=C(N)N.CS(=O)(=O)O,0
CSC1=NC2=CC(=C(C=C2N1)Cl)OC3=C(C(=CC=C3)Cl)Cl,0
C1=C2C(=CC(=C1Cl)S(=O)(=O)N)S(=O)(=O)NC(N2)C(Cl)Cl,0
CCN1C=C(C(=O)C2=CN=C(N=C21)N3CCNCC3)C(=O)O,0
CCC1(CC(=O)NC1=O)C,0
CC1([C@@H](N2[C@H](S1)[C@@H](C2=O)NC(=O)C(C3=CC=CC=C3)C(=O)[O-])C(=O)[O-])C.[Na+].[Na+],0
CC(C)OC(=O)C(C)(C)OC1=CC=C(C=C1)C(=O)C2=CC=C(C=C2)Cl,0
CC(C)(C)C(/C=C/C1=CC2=C(C=C1)OCO2)O,0
CCC(=O)[C@]1([C@@H](C[C@@H]2[C@@]1(C[C@@H]([C@H]3[C@H]2CCC4=CC(=O)C=C[C@]34C)O)C)C)C,0
CCC1(C(=O)N(C(=O)N1)C)C2=CC=CC=C2,0
C[C@H](CCC(=O)O)[C@H]1CC[C@@H]2[C@@]1(CC[C@H]3[C@H]2CC[C@H]4[C@@]3(CC[C@H](C4)O)C)C,0
C1=CC=C(C=C1)CCCOC(=O)N,0
C[C@]12CC[C@H]3[C@H]([C@@H]1CC[C@@H]2O)[C@@H](CC4=C3C=CC(=C4)O)CCCCCCCCCS(=O)CCCC(C(F)(F)F)(F)F,0
CCOC(=O)[C@H](CCC1=CC=CC=C1)N[C@H]2CS[C@@H](CN(C2=O)CC(=O)O)C3=CC=CS3,0
C1=CC(=C(C=C1C2=CC(=O)C3=C(C=C(C=C3O2)O)O)O)O,0
COC1=[N+](N=CC(=C1)N)C2=CC=CC=C2.COS(=O)(=O)[O-],0
CN1CCN(CC1)C2=NC3=C(C=CC(=C3)Cl)NC4=CC=CC=C42,0
C1=CC=C(C=C1)C(COC(=O)N)COC(=O)N,0
CC(C)C1=C(C=C2C(=C1)CC[C@@H]3[C@@]2(CCC[C@@]3(C)C(=O)O)C)S(=O)(=O)[O-].[Na+],0
C[C@@H]1[C@H]2[C@@H]([C@H]3[C@@H](C(=O)C(=C([C@]3(C(=O)C2=C(C4=C1C=CC=C4O)O)O)O)C(=O)N)N(C)C)O.Cl,0
C[C@](CC1=CC(=C(C=C1)O)O)(C(=O)O)NN,0
CC(C)(C)C1=CC(=CC(=C1OC)C2=CC3=C(C=C2)C=C(C=C3)NS(=O)(=O)C)N4C=CC(=O)NC4=O,0
CCC1=C(C2=CC=CC=C2O1)C(=O)C3=CC(=C(C(=C3)Br)O)Br,0
CC1=C([C@@H](C(=C(N1)C)C(=O)O[C@H]2CCN(C2)CC3=CC=CC=C3)C4=CC(=CC=C4)[N+](=O)[O-])C(=O)OC.Cl,0
C1=NC2=C(N1CCC(CO)CO)N=C(NC2=O)N,0
C[C@]12CCC3=C4CCC(=O)C=C4CC[C@H]3[C@@H]1CC[C@]2(CC#N)O,0
CC1=CC=C(C=C1)C(=O)C2=CC=C(N2C)CC(=O)O.O.O.[Na+],0
C1CN=C(N1)CN(CC2=CC=CC=C2)C3=CC=CC=C3.Cl,0
CC#C[C@@]1(CC[C@@H]2[C@@]1(C[C@@H](C3=C4CCC(=O)C=C4CC[C@@H]23)C5=CC=C(C=C5)N(C)C)C)O,0
CCO/C(=N/C1=C[N+](=NO1)N2CCOCC2)/[O-],0
C1C[N+]2(CCC1[C@H](C2)OC(=O)C(C3=CC=CS3)(C4=CC=CS4)O)CCCOC5=CC=CC=C5.[Br-],0
C[C@@H]1[C@@H]2[C@H](C(=O)N2C(=C1S[C@H]3C[C@H](NC3)CNS(=O)(=O)N)C(=O)O)[C@@H](C)O.O,0
CC(C)C(=O)NC1=CC(=C(C=C1)[N+](=O)[O-])C(F)(F)F,0
CN1CCCN=C1/C=C/C2=CC=CS2.[C@@H]([C@H](C(=O)O)O)(C(=O)O)O,0
C1CC1N2C=C(C(=O)C3=CC(=C(C(=C32)Cl)N4CCC(C4)N)F)C(=O)O,0
C1[C@@H]([C@H]([C@@H]([C@H]([C@@H]1NC(=O)[C@H](CCN)O)O[C@@H]2[C@@H]([C@H]([C@@H]([C@H](O2)CO)O)N)O)O)O[C@@H]3[C@@H]([C@H]([C@@H]([C@H](O3)CN)O)O)O)N.O,0
CO/N=C(/C1=CSC(=N1)N)\C(=O)N[C@H]2[C@@H]3N(C2=O)C(=C(CS3)C[N+]4=CC=CC5=C4CCC5)C(=O)[O-],0
CCC1NC2=CC(=C(C=C2C(=O)N1)S(=O)(=O)N)Cl,0
CCN(CC)C(C)C(=O)C1=CC=CC=C1.Cl,0
CC[C@@H]([C@@H](C1=C2C=CC(=O)NC2=C(C=C1)O)O)NC(C)C.Cl,0
CC1=C(C(=O)N(N1C)C2=CC=CC=C2)N(C)C,0
CN1CCN2C(C1)C3=CC=CC=C3CC4=CC=CC=C42.Cl,0
C1=CC=C(C=C1)CN2C3=CC=CC=C3C(=N2)OCC(=O)O,0
CC1=NC=C(C(=C1O)CO)CO.Cl,0
CN1CC(C2=CC(=C(C=C21)O)N=NC(=O)N)O,0
C1CCN(CC1)CCOC(C2=CC=CC=C2)C3=CC=C(C=C3)Cl.Cl,0
CC(CC1=CC=C(C=C1)O)NCC(C2=CC(=CC(=C2)O)O)O.Br,0
CN(C)CCC(C1=CC=C(C=C1)Cl)C2=CC=CC=N2.C(=C\C(=O)O)\C(=O)O,0
CC1CN(CCN1)C2=C(C=C3C(=C2OC)N(C=C(C3=O)C(=O)O)C4CC4)F,0
CCC(C)C1C(=O)NC(C(=O)NC(=C)C(=O)NC(C(=O)NC23CCC(=NC2C4=CSC(=N4)C(C(OC(=O)C5=NC6=C(C=CC(C6O)N1)C(=C5)C(C)O)C)NC(=O)C7=CSC(=N7)C(NC(=O)C8CSC(=N8)/C(=C\C)/NC(=O)C(NC(=O)C9=CSC3=N9)C(C)O)C(C)(C(C)O)O)C1=NC(=CS1)C(=O)NC(=C)C(=O)NC(=C)C(=O)N)C)C,0
COC(=O)[C@H]1[C@H](CC[C@@H]2[C@@H]1C[C@H]3C4=C(CCN3C2)C5=CC=CC=C5N4)O.Cl,0
CS(=O)(=O)OCCCCOS(=O)(=O)C,0
C(CC(=O)N[C@@H](CS)C(=O)NCC(=O)O)[C@@H](C(=O)O)N,0
C1C[C@@H](O[C@@H]1CO)N2C=CC(=NC2=O)N,0
CC(C1=CC2=C(C=C1)SC3=CC=CC=C3C(=O)C2)C(=O)O,0
CC1=CC2=C(C=C1C)N(C3=NC(=O)NC(=O)C3=N2)C[C@@H]([C@@H]([C@@H](CO)O)O)O,0
C1COCCN1C(=N)N=C(N)N.Cl,0
C1C(=C(N2[C@H](S1)[C@@H](C2=O)NC(=O)[C@@H](C3=CC=CC=C3)S(=O)(=O)[O-])C(=O)[O-])C[N+]4=CC=C(C=C4)C(=O)N.[Na+],0
C[C@@H]1CC(=O)C=C([C@]12C(=O)C3=C(O2)C(=C(C=C3OC)OC)Cl)OC,0
C1=CC(=CC=C1N)S(=O)(=O)N,0
C[C@]12CCC(=O)C=C1CC[C@@H]3[C@@H]2C(=O)C[C@]4([C@H]3CC[C@@]4(C(=O)CO)O)C,0
CC(C)NCC(COC1=CC=C(C=C1)COCCOC(C)C)O.CC(C)NCC(COC1=CC=C(C=C1)COCCOC(C)C)O.C(=C/C(=O)O)\C(=O)O,0
CCOCCN1C(=NC2=CC=CC=C12)N3CCN(CCC3)C.C(=C/C(=O)O)\C(=O)O.C(=C/C(=O)O)\C(=O)O,0
CC(C1=CC(=C(C=C1)C2=CC=CC=C2)F)C(=O)O,0
CCC[C@@H]1C[C@H](N(C1)C)C(=O)N[C@@H]([C@@H]2[C@@H]([C@@H]([C@H]([C@H](O2)SC)O)O)O)[C@H](C)Cl.Cl,0
CNCCC(C1=CC=CC=C1)OC2=CC=CC=C2OC.Cl,0
C([C@@H]1[C@H]([C@@H]([C@H]([C@H](O1)O[C@@H]2[C@@H]([C@H]([C@@H]([C@H](O2)CO)O)O)O)O)O)O)O.O.O,0
C1=CC=C(C=C1)N=NC2=C(N=C(C=C2)N)N.Cl,0
CN(CC#C)CC1=CC=CC=C1.Cl,0
C=CCOC1=C(C=C(C=C1)CC(=O)O)Cl,0
CN(C)CCN(CC1=CC=C(C=C1)OC)C2=CC=CC=N2.C(=C\C(=O)O)\C(=O)O,0
CC1=CC(=CC(=C1CC2=NCCN2)C)C(C)(C)C.Cl,0
CC1COC2=C3N1C=C(C(=O)C3=CC(=C2N4CCN(CC4)C)F)C(=O)O,0
CC(C)(C(=O)O)OC1=CC=C(C=C1)Cl,0
CC(C)(C)NCC(C1=CC(=C(C(=C1)Cl)N)Cl)O.Cl,0
CC(=O)NC1=CC=C(C=C1)O,0
C[C@@H]1C/C=C/C=C/[C@@H]([C@@H](C[C@@H]([C@@H]([C@H]([C@@H](CC(=O)O1)OC(=O)C)OC)O[C@H]2[C@@H]([C@H]([C@@H]([C@H](O2)C)O[C@H]3C[C@@]([C@H]([C@@H](O3)C)OC(=O)CC(C)C)(C)O)N(C)C)O)CC=O)C)O,0
CC1=NC=C(C=C1)C2=C(C=C(C=N2)Cl)C3=CC=C(C=C3)S(=O)(=O)C,0
CN(C)CCOC(=O)COC1=CC=C(C=C1)Cl.Cl,0
CC1=C(OC2=C(C1=O)C=CC=C2C(=O)OCCN3CCCCC3)C4=CC=CC=C4.Cl,0
CC(=O)NCCC1=CNC2=C1C=C(C=C2)OC,0
COC1=NC(=NC(=C1)NS(=O)(=O)C2=CC=C(C=C2)N)OC,0
CCCOC(=O)CC1=CC(=C(C=C1)OCC(=O)N(CC)CC)OC,0
C1=NC2=C(N1[C@H]3[C@@H]([C@@H]([C@H](O3)CO)O)O)NC(=NC2=S)N,0
CC(C)OC(=O)CCC/C=C\C[C@H]1[C@H](C[C@H]([C@@H]1CC[C@H](CCC2=CC=CC=C2)O)O)O,0
C1=CC(=C(C(=C1)Cl)CC(=O)N=C(N)N)Cl.Cl,0
C1=CC=C(C=C1)CC(CS)C(=O)NCC(=O)O,0
CC[N+](CC)(CC)CCOC1=C(C(=CC=C1)OCC[N+](CC)(CC)CC)OCC[N+](CC)(CC)CC.[I-].[I-].[I-],0
C1CN(CC2=CC=CC=C21)C(=N)N.C1CN(CC2=CC=CC=C21)C(=N)N.OS(=O)(=O)O,0
C1=C(C(=CC(=C1N)S(=O)(=O)N)S(=O)(=O)N)C(=C(Cl)Cl)Cl,0
CC1=C(N=CN1)CN2CCC3=C(C2=O)C4=CC=CC=C4N3C.Cl,0
C1COC[C@H]1OC2=CC=C(C=C2)CC3=C(C=CC(=C3)[C@H]4[C@@H]([C@H]([C@@H]([C@H](O4)CO)O)O)O)Cl,0
C1CC1CN2CC[C@]34[C@@H]5C(=O)CC[C@]3([C@H]2CC6=C4C(=C(C=C6)O)O5)O.O.O.Cl,0
C[C@@H]1CC(=O)[C@]2([C@@H](O1)O[C@@H]3[C@H]([C@@H]([C@@H]([C@@H]([C@H]3O2)NC)O)NC)O)O.Cl.Cl,0
CC1=C(ON=C1C)NS(=O)(=O)C2=CC=C(C=C2)N,0
CC(OC(=O)C)OC(=O)C1=C(CS[C@H]2N1C(=O)[C@H]2NC(=O)/C(=N\OC)/C3=CC=CO3)COC(=O)N,0
CC(=O)OCC(=O)[C@]1(CC[C@@H]2[C@@]1(C[C@@H]([C@H]3[C@H]2CCC4=CC(=O)CC[C@]34C)O)C)O,0
CCCOC1=C(C=C(C=C1)C(=O)OCCN(CC)CC)N.Cl,0
C1=NC2=C(N1COCCO)N=C(NC2=O)N,0
COC1=CC=C(C=C1)C2=C(ON=C2C3=CC=C(C=C3)OC)CC(=O)O,0
COC1=CC=CC=C1N2CCN(CC2)CC(COC3=CC=CC4=CC=CC=C43)O.Cl.Cl,0
C1=CC=C(C=C1)CCCCOC2=CC=C(C=C2)C(=O)NC3=CC=CC4=C3OC(=CC4=O)C5=NNN=N5,0
CC[N+](C)(C)C1=CC(=CC=C1)O.[Cl-],0
B1(C2=C(CO1)C=C(C=C2)OC3=CC=C(C=C3)C#N)O,0
CCOC(=O)NC1=C(N=C(C=C1)NCC2=CC=C(C=C2)F)N,0
CC(CN(C1=C(C=C(C(=C1I)N)I)I)C(=O)C)C(=O)O,0
CCC1(CC2=CC=CC=C2O1)C3=NCCN3.Cl,0
CC(C1=CC2=C(C=C1)C3=C(N2)C=CC(=C3)Cl)C(=O)O,0
C1=CC=C(C=C1)COC2=CC=C(C=C2)O,0
CN1CCC(CC1)COC2=C(C=C3C(=C2)N=CN=C3NC4=C(C=C(C=C4)Br)F)OC,0
C[C@H]1/C=C/C=C(\C(=O)NC2=C(C3=C(C4=C(C(=C3O)C)O[C@@](C4=O)(O/C=C/[C@@H]([C@H]([C@H]([C@@H]([C@@H]([C@@H]([C@H]1O)C)O)C)OC(=O)C)C)OC)C)C5=C2N6C=CC(=CC6=N5)C)O)/C,0
CCOC(=O)[C@H](CCC1=CC=CC=C1)N[C@@H](C)C(=O)N2[C@H]3CCCC[C@@H]3C[C@H]2C(=O)O,0
C1=COC(=C1)CNC2=CC(=C(C=C2C(=O)O)S(=O)(=O)N)Cl,0
CCCCOC1=CC=C(C=C1)OCCCN2CCOCC2.Cl,0
CC1([C@@H](N2[C@H](S1)[C@@H](C2=O)NC(=O)[C@@H](C3=CC=C(C=C3)O)N)C(=O)O)C,0
CC1=NN=C(S1)SCC2=C(N3[C@@H]([C@@H](C3=O)NC(=O)CN4C=NN=N4)SC2)C(=O)[O-].[Na+],0
C1=CC=C(C=C1)C2=NC(=C(S2)CC(=O)O)C3=CC=C(C=C3)Cl,0
CCN(CC)CCOC(=O)C(C1=CC=CC=C1)C2=CC=CC=C2.Cl,0
CC1CCC2=C3N1C=C(C(=O)C3=CC(=C2)F)C(=O)O,0
C[C@]12CCC(=O)C=C1CC[C@@H]3[C@@H]2CC[C@]4([C@H]3CC[C@]4(C#C)O)C,0
CN(C)CCOC1=CC=C(C=C1)CNC(=O)C2=CC(=C(C(=C2)OC)OC)OC.Cl,0
C1=NC2=C(N1COC(CO)CO)N=C(NC2=O)N,0
C1C(N(C2=C(N1)N=C(NC2=O)N)C=O)CNC3=CC=C(C=C3)C(=O)N[C@@H](CCC(=O)[O-])C(=O)[O-].[Ca+2],0
CC1=C(C(=CC=C1)C)OCC(C)N.Cl,0
CC(C)(CC1=CC=CC=C1)NC.CC(C)(CC1=CC=CC=C1)NC.OS(=O)(=O)O,0
CC#CCN1C2=C(N=C1N3CCC[C@H](C3)N)N(C(=O)N(C2=O)CC4=NC5=CC=CC=C5C(=N4)C)C,0
CC(C)NCC(COC1=CC=CC2=C1C=CN2)O,0
C1C[C@@H](O[C@@H]1CO)N2C=NC3=C2N=CNC3=O,0
C1=CC(=C(C=C1[N+](=O)[O-])Cl)NC(=O)C2=C(C=CC(=C2)Cl)O,0
CC(C1=CC=C(C=C1)C(=O)C2=CC=CS2)C(=O)O,0
C1CCC2(CC1)OCC(O2)CN=C(N)N.C1CCC2(CC1)OCC(O2)CN=C(N)N.OS(=O)(=O)O,0
C1CN(CCN1CC(CO)O)C2=CC=CC=C2,0
CCC(=O)C1=C(C=C(C=C1O)O)O,0
CCCC1=C2C(=CC3=C1OC(=CC3=O)C(=O)[O-])C(=O)C=C(N2CC)C(=O)[O-].[Na+].[Na+],0
C1=CN=CC=C1C2=CNC(=O)C(=C2)N,0
C[C@H]1[C@@]([C@H]([C@@H](O1)O[C@@H]2[C@H]([C@@H]([C@H]([C@@H]([C@H]2O)O)N=C(N)N)O)N=C(N)N)O[C@H]3[C@H]([C@@H]([C@H]([C@@H](O3)CO)O)O)NC)(C=O)O.C[C@H]1[C@@]([C@H]([C@@H](O1)O[C@@H]2[C@H]([C@@H]([C@H]([C@@H]([C@H]2O)O)N=C(N)N)O)N=C(N)N)O[C@H]3[C@H]([C@@H]([C@H]([C@@H](O3)CO)O)O)NC)(C=O)O.OS(=O)(=O)O.OS(=O)(=O)O.OS(=O)(=O)O,0
CC(=O)NC1=CC=C(C=C1)OC(=O)C2=CC=CC=C2O,0
CCN(CC)CC1=C(C=CC(=C1)NC2=C3C=CC(=CC3=NC=C2)Cl)O.O.O.Cl.Cl,0
C[C@H]1[C@@H](C(=O)N1S(=O)(=O)O)NC(=O)/C(=N\OC(C)(C)C(=O)O)/C2=CSC(=N2)N,0
CN1[C@@H]2CC(C[C@H]1[C@H]3[C@@H]2O3)OC(=O)[C@H](CO)C4=CC=CC=C4.Cl,0
CC(=O)N[C@H]1CCC2=CC(=C(C(=C2C3=CC=C(C(=O)C=C13)SC)OC)OC)O[C@H]4[C@@H]([C@H]([C@@H]([C@H](O4)CO)O)O)O,0
C1CCC(CC1)(CC(=O)O)CN,0
CCOCC(COC1=CC=C(C=C1)NC(=O)CC[S+](C)C)O.CC1=CC=C(C=C1)S(=O)(=O)[O-],0
CC1=C2[C@H](C(=O)[C@@]3([C@H](C[C@@H]4[C@]([C@H]3[C@@H]([C@@](C2(C)C)(C[C@@H]1OC(=O)[C@@H]([C@H](C5=CC=CC=C5)NC(=O)OC(C)(C)C)O)O)OC(=O)C6=CC=CC=C6)(CO4)OC(=O)C)O)C)O,0
CN(C(=O)N[C@@H]1[C@H]([C@@H]([C@H](O[C@@H]1O)CO)O)O)N=O,0
C[C@@H]1C[C@H]2[C@@H]3C[C@@H](C4=CC(=O)C=C[C@@]4([C@]3([C@H](C[C@@]2([C@]1(C(=O)CO)O)C)O)F)C)F,0
CN(CC(CO)O)C(=O)C1=C(C(=C(C(=C1I)C(=O)NCC(CO)O)I)NC(=O)COC)I,0
CC1=C(C(=NO1)C2=C(C=CC=C2Cl)F)C(=O)N[C@H]3[C@@H]4N(C3=O)[C@H](C(S4)(C)C)C(=O)[O-].[Na+],0
CCN(CC)C(=O)[C@@]1(C[C@@H]1CN)C2=CC=CC=C2.Cl,0
CC(C)NCC(COC1=CC=CC2=C1OC(=C2)C(=O)C)O,0
CCC1=NC=CC(=C1)C(=S)N,0
CCCCC1C(=O)N(N(C1=O)C2=CC=C(C=C2)O)C3=CC=CC=C3,0
CN(C)C(=O)COC(=O)CC1=CC=C(C=C1)OC(=O)C2=CC=C(C=C2)N=C(N)N.CS(=O)(=O)O,0
CC1=C(C(C(=C(N1)C)C(=O)OCC(C)C)C2=CC=CC=C2[N+](=O)[O-])C(=O)OC,0
C[C@]12CCC(=O)C=C1CC[C@@H]3[C@@H]2[C@H](C[C@]4([C@H]3CC[C@@]4(C(=O)CO)O)C)O,0
CCC(C(C1=CC(=C(C=C1)O)O)O)NC(C)C.CS(=O)(=O)O,0
CC(C[N+](C)(C)C)OC(=O)N.[Cl-],0
C[C@]12C[C@@H]([C@]3([C@H]([C@@H]1C[C@H]([C@@]2(C(=O)CO)O)O)CCC4=CC(=O)C=C[C@@]43C)F)O,0
C[C@@H]1C[C@H]2[C@@H]3CCC4=CC(=O)C=C[C@@]4([C@]3([C@H](C[C@@]2([C@]1(C(=O)COC(=O)C)O)C)O)F)C,0
COC1=CC(=C(C=C1)OC)C(CNC(=O)CN)O.Cl,0
C1=CN=CC=C1N,0
C1=NNC2=C1C(=O)NC=N2,0
CN1CCN(CC1)CC(=O)N2C3=CC=CC=C3C(=O)NC4=C2N=CC=C4.Cl.Cl,0
C1=NC(=C2C(=N1)N(C=N2)[C@H]3[C@@H]([C@@H]([C@H](O3)COP(=O)(O)O)O)O)N.O,0
CCN(CC)C(=O)C1=CN=CC=C1,0
CCCCCCCCCCCCCCCCCCCCCC(=O)NC1=NC(=O)N(C=C1)[C@H]2[C@H]([C@@H]([C@H](O2)CO)O)O,0
C1[C@H](O[C@H](S1)CO)N2C=CC(=NC2=O)N,0
CC1=C(C(=CC=C1)C)NC(=O)CN2CCCC2=O,0
CC(=O)OCC1=C(N2[C@@H]([C@@H](C2=O)NC(=O)CC3=CC=CS3)SC1)C(=O)[O-].[Na+],0
CNCCC1=CC=CC=N1,0
C[N+]1([C@@H]2CC(C[C@H]1[C@H]3[C@@H]2O3)OC(=O)[C@H](CO)C4=CC=CC=C4)[O-].Br,0
CCN(CC1=CC=NC=C1)C(=O)C(CO)C2=CC=CC=C2,0
CC[N+]1(CCCC(C1)OC(=O)C(C2=CC=CC=C2)(C3=CC=CC=C3)O)C.[Br-],0
C(CO)N(C1=C(C(=C(C(=C1I)C(=O)NCC(CO)O)I)C(=O)NCC(CO)O)I)C(=O)CO,0
C1=CC(=CC=C1C(=O)NCCC(=O)[O-])N=NC2=CC(=C(C=C2)[O-])C(=O)O.[Na+].[Na+],0
CC(=O)C1=CC=C(C=C1)S(=O)(=O)NC(=O)NC2CCCCC2,0
C[C@@H]1C[C@H]2[C@@H]3C[C@@H](C4=CC(=O)C=C[C@@]4([C@]3([C@H](C[C@@]2([C@H]1C(=O)COC(=O)C(C)(C)C)C)O)Cl)C)F,0
CCOC(=O)[C@H](CCC1=CC=CC=C1)N[C@@H](C)C(=O)N(CC(=O)O)C2CC3=CC=CC=C3C2.Cl,0
C[C@]12CC[C@H]3[C@H]([C@@H]1CC[C@]2(C)O)CC[C@@H]4[C@@]3(COC(=O)C4)C,0
CC(=O)OCC1=C(N2[C@@H]([C@@H](C2=O)NC(=O)/C(=N\OC)/C3=CSC(=N3)N)SC1)C(=O)[O-].[Na+],0
C[C@@H]([C@@H](C1=CC(=C(C=C1)O)O)O)N,0
C1CC(CCC1CN)C(=O)O,0
C1CN(CC1N)C2=C(C=C3C(=O)C(=CN(C3=N2)C4=C(C=C(C=C4)F)F)C(=O)O)F.Cl,0
CC(=O)OCC(=O)NCCCOC1=CC=CC(=C1)CN2CCCCC2.Cl,0
CN(C)CCN1C(=NN=N1)SCC2=C(N3[C@@H]([C@@H](C3=O)NC(=O)CC4=CSC(=N4)N)SC2)C(=O)O.Cl.Cl,0
CCCCC1C(=O)N(N(C1=O)C2=CC=CC=C2)C3=CC=CC=C3,0
CCC1(CC(=O)NC(=O)C1)C,0
CNC1=C2C(=NC=N1)N(C=N2)[C@H]3[C@@H]([C@@H]([C@H](O3)CO)O)O,0
C[C@H]1[C@@]([C@H]([C@@H](O1)O[C@@H]2[C@H]([C@@H]([C@H]([C@@H]([C@H]2O)O)N=C(N)N)O)N=C(N)N)O[C@H]3[C@H]([C@@H]([C@H]([C@@H](O3)CO)O)O)NC)(CO)O.C[C@H]1[C@@]([C@H]([C@@H](O1)O[C@@H]2[C@H]([C@@H]([C@H]([C@@H]([C@H]2O)O)N=C(N)N)O)N=C(N)N)O[C@H]3[C@H]([C@@H]([C@H]([C@@H](O3)CO)O)O)NC)(CO)O.OS(=O)(=O)O.OS(=O)(=O)O.OS(=O)(=O)O,0
CC1=C(N(C(=C1)CC(=O)[O-])C)C(=O)C2=CC=C(C=C2)Cl.[Na+],0
CC(C)(C)NCC(C1=CC(=CC(=C1)O)O)O.CC(C)(C)NCC(C1=CC(=CC(=C1)O)O)O.OS(=O)(=O)O,0
C[C@@H]1CCN([C@H](C1)C(=O)O)C(=O)[C@H](CCCN=C(N)N)NS(=O)(=O)C2=CC=CC3=C2NCC(C3)C,0
CC[C@@H]1[C@@]([C@H]2[C@H]([C@H]([C@@H](C[C@@]([C@@H]([C@H]([C@@H]([C@H](C(=O)O1)C)O[C@H]3C[C@@]([C@H]([C@@H](O3)C)O)(C)OC)C)O[C@H]4[C@@H]([C@H](C[C@H](O4)C)N(C)C)O)(C)O)C)N[C@H](O2)COCCOC)C)(C)O,0
C(CCC(=O)O)CCN,0
CC[C@@]12CCCN3[C@@H]1C4=C(CC3)C5=CC=CC=C5N4[C@](C2)(C(=O)OC)O,0
COC(=O)NC1=NC2=C(N1)C=C(C=C2)C(=O)C3=CC=C(C=C3)F,0
CCC(=O)C1=CC=C(C=C1)O,0
C[C@H](/C=C/[C@H](C1CC1)O)[C@H]2CC[C@@H]\3[C@@]2(CCC/C3=C\C=C/4\C[C@H](C[C@@H](C4=C)O)O)C,0
COC(=O)NC1=NC2=C(N1)C=C(C=C2)C(=O)C3=CC=CC=C3,0
CC(C)(C)CC(C)(C)C1=CC=C(C=C1)O.C=O.C1CO1,0
C=C1[C@H](C[C@@H]([C@H]1CO)O)N2C=NC3=C2N=C(NC3=O)N,0
C1C[C@H](N(C1)C(=O)[C@H](CC2=CN=CN2)NC(=O)[C@@H]3CCC(=O)N3)C(=O)N,0
CCOC1=CC=CC=C1C(=O)N,0
CC(C)CC1=CC=C(C=C1)CC(=O)O,0
C[C@H]1[C@@H]2CC[C@]3([C@H]([C@]2(CC[C@H]1O)C)[C@@H](C[C@@H]\4[C@@]3(C[C@@H](/C4=C(/CCC=C(C)C)\C(=O)[O-])OC(=O)C)C)O)C.[Na+],0
CC1=C(C(=O)N(N1C)C2=CC=CC=C2)N(C)CS(=O)(=O)[O-].[Na+],0
CC(C)(C)NCC(C1=CC(=C(C=C1)O)CO)O,0
CN1C2=C(C(=O)N(C1=O)C)N(C=N2)CC3OCCO3,0
CCCN(CCC)C(=O)C(CCC(=O)O)NC(=O)C1=CC=CC=C1,0
CN1CCN(CC1)C(=O)OC2C3=NC=CN=C3C(=O)N2C4=NC=C(C=C4)Cl,0
CCCNC(C)(C)C(=O)NC1=CC=CC=C1C,0
COC1=CC=CC=C1OCC(COC(=O)N)O,0
CCNC(=O)CCC/C=C\C[C@H]1[C@H](C[C@H]([C@@H]1/C=C/[C@H](CCC2=CC=CC=C2)O)O)O,0
C[C@@H]1CC[C@H]2[C@H](C(=O)O[C@H]3[C@@]24[C@H]1CC[C@](O3)(OO4)C)C,0
CC(=O)NCCCS(=O)(=O)[O-].CC(=O)NCCCS(=O)(=O)[O-].[Ca+2],0
CCC(=O)O[C@@H]1CC(=O)O[C@@H](C/C=C/C=C/[C@@H]([C@@H](C[C@@H]([C@@H]([C@H]1OC)O[C@H]2[C@@H]([C@H]([C@@H]([C@H](O2)C)O[C@H]3C[C@@]([C@H]([C@@H](O3)C)OC(=O)CC)(C)O)N(C)C)O)CC=O)C)O)C,0
CN(C)CCC[C@@]1(C2=C(CO1)C=C(C=C2)C#N)C3=CC=C(C=C3)F.C(=O)(C(=O)O)O,0
C1[C@H]([C@@H]([C@H]([C@@H]([C@H]1N)O[C@@H]2[C@@H]([C@H]([C@@H]([C@H](O2)CN)O)O)N)O[C@H]3[C@@H]([C@@H]([C@H](O3)CO)O[C@@H]4[C@@H]([C@H]([C@@H]([C@@H](O4)CN)O)O)N)O)O)N.OS(=O)(=O)O,0
CC1=C(C(C(=C(N1)C)C(=O)OCCN2CCN(CC2)C(C3=CC=CC=C3)C4=CC=CC=C4)C5=CC(=CC=C5)[N+](=O)[O-])C(=O)OC.Cl.Cl,0
CCN1CCCC1CNC(=O)C2=CC(=C(C=C2OC)N)S(=O)(=O)CC,0
CC1=C(C(=CC=C1)NC2=CC=CC=C2C(=O)O)C,0
CC(=O)NS(=O)(=O)C1=CC=C(C=C1)NC(=O)C2=CC=CC=C2C(=O)O,0
CC1([C@@H](N2[C@H](S1)[C@@H](C2=O)NC(=O)[C@@H](C3=CSC=C3)C(=O)[O-])C(=O)[O-])C.[Na+].[Na+],0
CC1=CC=C(C=C1)S(=O)(=O)NC(=O)NN2CC3CCCC3C2,0
C1=CC=NC(=C1)NS(=O)(=O)C2=CC=C(C=C2)N,0
CN/C(=C\[N+](=O)[O-])/NCCSCC1=CC=C(O1)CN(C)C.Cl,0
C1CC(=O)NC(=O)C1N2C(=O)C3=CC=CC=C3C2=O,0
CCN(CC)CCNC(=O)C1=C(C=CC(=C1)S(=O)(=O)C)OC.Cl,0
CC1=C(C(=NO1)C2=CC=CC=C2)C(=O)N[C@H]3[C@@H]4N(C3=O)[C@H](C(S4)(C)C)C(=O)[O-].[Na+],0
CCCNC(=O)NS(=O)(=O)C1=CC=C(C=C1)Cl,0
COC1=C(C(=C(C=C1)CN2CCNCC2)OC)OC.Cl.Cl,0
C1CN(CCN1CCOCC(=O)O)C(C2=CC=CC=C2)C3=CC=C(C=C3)Cl.Cl.Cl,0
C1=CC=NC(=C1)NS(=O)(=O)C2=CC=C(C=C2)N=NC3=CC(=C(C=C3)O)C(=O)O,0
CCOC1=CC=C(C=C1)NC(=O)C,0
C1COCCN1CCCNC(=O)C2=CC=C(C=C2)Cl,0
C1=CC=C(C=C1)C(=O)NCCC(=O)O,0
CC[N+]1(CCC(=C(C2=CC=CC=C2)C3=CC=CC=C3)C1C)CC.[Br-],0
C1=CC=C2C(=C1)C(=O)OC2(C3=CC=C(C=C3)O)C4=CC=C(C=C4)O,0
CC1=C(C(=O)C(=C(N1)C)Cl)Cl,0
C[C@H]1C[C@H]2[C@@H]3CC[C@@]([C@]3(C[C@@H]([C@@]2([C@@]4(C1=CC(=O)C=C4)C)F)O)C)(C(=O)C)O,0
C1=CC=C2C(=C1)C=NN=C2NN.Cl,0
CCN(CC)CCOC(=O)C(C1=CC=CC=C1)(C2=CC=CC=C2)O.Cl,0
CC(=O)OC1=CC=CC2=C1C(=O)C3=C(C2=O)C=C(C=C3OC(=O)C)C(=O)O,0
C1=CC2=C(C=C1Cl)N=C(O2)N,0
CNC[C@@H]([C@H]([C@@H]([C@@H](CO)O)O)O)O,0
CCN(CC)CCNC(=O)COC1=CC=C(C=C1)OC.Cl,0
CC(=O)OC1=CC=CC=C1C(=O)OC2=CC=CC=C2C(=O)O,0
CC1=C(C(=CC=C1)C)NC(=O)CC23CCCN2CCC3.Cl,0
CCOC(=O)[C@H](CCC1=CC=CC=C1)N[C@@H](C)C(=O)N2[C@@H](CN(C2=O)C)C(=O)O.Cl,0
C1CCN(CC1)C2=NC(=NC3=C2N=C(N=C3N4CCCCC4)N(CCO)CCO)N(CCO)CCO,0
C1=NC(=C(N1[C@H]2[C@@H]([C@@H]([C@H](O2)CO)O)O)O)C(=O)N,0
C[N+]1(CCCC1)CCCCC[N+]2(CCCC2)C.[C@@H]([C@H](C(=O)[O-])O)(C(=O)O)O.[C@@H]([C@H](C(=O)[O-])O)(C(=O)O)O,0
CC(C)(C)NCC(=O)NC1=CC(=C2C[C@H]3C[C@H]4[C@@H](C(=O)C(=C([C@]4(C(=O)C3=C(C2=C1O)O)O)O)C(=O)N)N(C)C)N(C)C,0
CCOC(=O)C(C)(C)OC1=CC=C(C=C1)Cl,0
CC1=CC(=C(C(=C1CC2=NCCN2)C)O)C(C)(C)C.Cl,0
C[C@]12C[C@@H]([C@H]3[C@H]([C@@H]1C[C@@H]4[C@]2(OC(O4)(C)C)C(=O)CO)C[C@@H](C5=CC(=O)C=C[C@]35C)F)O,0
C1CCN(C[C@@H](C1)N)C2=C(C=C3C(=C2Cl)N(C=C(C3=O)C(=O)O)C4CC4)F.Cl,0
CC1=CC(=NC(=N1)N2C(=CC(=N2)C)OC)OC,0
CCN(CC)C(=O)C1=CC(=C(C=C1)O)OC,0
CCCN1CCCC[C@H]1C(=O)NC2=C(C=CC=C2C)C.Cl,0
CC(=O)CCCCN1C(=O)C2=C(N=CN2C)N(C1=O)C,0
C[C@@]12CC[C@@]3(C(=CC(=O)[C@H]4[C@]3(CCC5[C@@]4(CC[C@@H](C5(C)C)OC(=O)CCC(=O)[O-])C)C)[C@@H]1CC(CC2)(C)C(=O)[O-])C.[Na+].[Na+],0
CC(C1=CC(=CC=C1)C(=O)C2=CC=CC=C2)C(=O)O,0
CC(=O)OCC(=O)[C@]1(CC[C@@H]2[C@@]1(C[C@@H]([C@]3([C@H]2CCC4=CC(=O)C=C[C@@]43C)F)O)C)O,0
C1=CC(=CC=C1NC(=O)CCC(=O)O)S(=O)(=O)NC2=NC=CS2,0
CC[C@@H]1[C@@]([C@@H]([C@H](/C(=N/OCOCCOC)/[C@@H](C[C@@]([C@@H]([C@H]([C@@H]([C@H](C(=O)O1)C)O[C@H]2C[C@@]([C@H]([C@@H](O2)C)O)(C)OC)C)O[C@H]3[C@@H]([C@H](C[C@H](O3)C)N(C)C)O)(C)O)C)C)O)(C)O,0
CC(=O)N[C@@H](CS)C(=O)O,0
CN1CCOC(C2=CC=CC=C2C1)C3=CC=CC=C3.Cl,0
CC(C)(CO)[C@H](C(=O)NCCCC(=O)[O-])O.CC(C)(CO)[C@H](C(=O)NCCCC(=O)[O-])O.[Ca+2],0
C1=CC(=CC=C1OCC(COC(=O)N)O)Cl,0
C1=CC=C(C=C1)CC2NC3=C(C=C(C(=C3)C(F)(F)F)S(=O)(=O)N)S(=O)(=O)N2,0
C1CN(C(=O)N1)C2=NC=C(S2)[N+](=O)[O-],0
C1=CC=C(C(=C1)CC(=O)[O-])NC2=C(C=CC=C2Cl)Cl.[Na+],0
CN1CC(=O)N2[C@@H](C1=O)CC3=C([C@H]2C4=CC5=C(C=C4)OCO5)NC6=CC=CC=C36,0
CC1CN(CCN1)C2=C(C(=C3C(=C2)N(C=C(C3=O)C(=O)O)C4CC4)C)F,0
CN1C(=NN=N1)SCC2=C(N3[C@@H]([C@@](C3=O)(NC(=O)C4SC(=C(C(=O)N)C(=O)O)S4)OC)SC2)C(=O)O,0
C1[C@H]([C@@H]2[C@H](O1)[C@H](CO2)O[N+](=O)[O-])O[N+](=O)[O-],0
CC1=CC(=NC(=N1)[N-]S(=O)(=O)C2=CC=C(C=C2)N)C.[Na+],0
CCC[C@@H]1C[C@H](N(C1)C)C(=O)N[C@@H]([C@@H]2[C@@H]([C@@H]([C@H]([C@H](O2)SC)O)O)O)[C@@H](C)O.Cl,0
CN1C=CNC1=S,0
C1=CC=C(C(=C1)C(=O)OCC(CO)O)NC2=C3C=CC(=CC3=NC=C2)Cl.Cl,0
C1=CC=C(C=C1)C2=CC=C(C=C2)C(=O)CCC(=O)O,0
C1=C(C=C(C(=C1NC(=O)C(=O)O)Cl)NC(=O)C(=O)O)C#N,0
C1=CC(=CC(=C1)NC2=C(C=CC=N2)C(=O)O)C(F)(F)F,0
CCOC(=O)N1C=CN(C1=S)C,0
CCN1C=C(C(=O)C2=CC(=C(C=C21)N3CCNCC3)F)C(=O)O,0
CC(C1=CC=C(S1)C(=O)C2=CC=CC=C2)C(=O)O,0
COC1=CC=CC=C1OCC(CO)O,0
C1=CC(=CN=C1)C(=O)NCCO[N+](=O)[O-],0
C1C=C(N2[C@H](S1)[C@@H](C2=O)NC(=O)/C(=C\CC(=O)O)/C3=CSC(=N3)N)C(=O)O,0
C[C@@H](C(=O)NC1=C(C(=C(C(=C1I)C(=O)NC(CO)CO)I)C(=O)NC(CO)CO)I)O,0
C1=C(N=C(S1)N=C(N)N)CSCC/C(=N/S(=O)(=O)N)/N,0
CCCC(C)(COC(=O)N)COC(=O)NC(C)C,0
CNS(=O)(=O)CC1=CC2=C(C=C1)NC=C2CCN(C)C.C(CC(=O)O)C(=O)O,0
C[C@@H](C1=CC2=C(C=C1)C=C(C=C2)OC)C(=O)O,0
CC(C1=CC(=C(C=C1)C2=CC=CC=C2)F)C(=O)OC(C)OC(=O)C,0
COC1=C(C=CC(=C1)C2=CC(=C(C=C2)N=NC3=C(C4=C(C=C3)C(=CC(=C4N)S(=O)(=O)[O-])S(=O)(=O)[O-])O)OC)N=NC5=C(C6=C(C=C5)C(=CC(=C6N)S(=O)(=O)[O-])S(=O)(=O)[O-])O.[Na+].[Na+].[Na+].[Na+],0
C[C@H]([C@@H]1[C@H]2CC(=C(N2C1=O)C(=O)O)SCCN=CN)O,0
CN1C(S(=O)(=O)CCC1=O)C2=CC=C(C=C2)Cl,0
CC(C)(C(=O)O)O/N=C(/C1=CSC(=N1)N)\C(=O)N[C@H]2[C@@H]3N(C2=O)C(=C(CS3)C[N+]4=CC=CC=C4)C(=O)[O-].O.O.O.O.O,0
C1[C@@H]([C@H]([C@@H]([C@H]([C@@H]1N)O[C@@H]2[C@@H]([C@H]([C@@H]([C@H](O2)CO)O)N)O)O)O[C@@H]3[C@@H](C[C@@H]([C@H](O3)CN)O)N)N,0
C1=CC2=C(C(=C1)OCC(COC3=CC=CC4=C3C(=O)C=C(O4)C(=O)[O-])O)C(=O)C=C(O2)C(=O)[O-].[Na+].[Na+],0
C1[C@@H]([C@H]([C@@H]([C@H](N1CCO)CO)O)O)O,0
CCC1(C(=O)C=CNC1=O)CC,0
CC1=CC(=NO1)NS(=O)(=O)C2=CC=C(C=C2)N,0
CC(C)C[C@@H](C(=O)O)NC(=O)C,0
CC1=C(C(=O)N(N1C)C2=CC=CC=C2)N,0
C1=CC=C(C=C1)C(=O)NCC(=O)O,0
CC(=O)O[C@H]1C[C@@H]2CC[C@@H]3[C@@H]([C@]2(C[C@@H]1[N+]4(CCCCC4)C)C)CC[C@]5([C@H]3C[C@@H]([C@@H]5OC(=O)C)[N+]6(CCCCC6)C)C.[Br-].[Br-],0
CC1=C(N2[C@@H]([C@@H](C2=O)NC(=O)[C@@H](C3=CCC=CC3)N)SC1)C(=O)O.O,0
CC1=CC2=C(C=C1C)N(C=N2)[C@@H]3[C@@H]([C@@H]([C@H](O3)CO)OP(=O)([O-])O[C@H](C)CNC(=O)CC[C@@]4([C@H]([C@@H]5[C@]6([C@@]([C@@H](/C(=C(/C7=N/C(=C\C8=N/C(=C(\C4=N5)/C)/[C@H](C8(C)C)CCC(=O)N)/[C@H]([C@]7(C)CC(=O)N)CCC(=O)N)\C)/[N-]6)CCC(=O)N)(C)CC(=O)N)C)CC(=O)N)C)O.[C-]#N.[Co+3],0
CC1=NC=C(N1CC(C)O)[N+](=O)[O-],0
C1=CC2=C(C=C1Cl)NC(=O)O2,0
CS(=O)(=O)C1=CC=C(C=C1)[C@H]([C@@H](CO)NC(=O)C(Cl)Cl)O,0
CC1=NC=C(N1CC(CCl)O)[N+](=O)[O-],0
CC(C)NCC(C1=CC(=CC(=C1)O)O)O.CC(C)NCC(C1=CC(=CC(=C1)O)O)O.OS(=O)(=O)O,0
CC1=C(C(=C(C=C1)Cl)NC2=CC=CC=C2C(=O)[O-])Cl.O.[Na+],0
CC(=O)CC(C1=CC=C(C=C1)[N+](=O)[O-])C2=C(C3=CC=CC=C3OC2=O)O,0
C1CSC(=O)C1NC(=O)CSCC(=O)O,0
CCN1C=C(C(=O)C2=CN=C(N=C21)N3CCCC3)C(=O)O,0
COC1=CC(=CC(=C1OC)OC)CC2=CN=C(N=C2N)N,0
C1=CN(C(=N1)[N+](=O)[O-])CC(=O)NCCO,0
CCCCN=C(N)N=C(N)N,0
CN(C)CCOC1=CC=C(C=C1)CNC(=O)C2=CC(=C(C=C2)OC)OC,0
CC(=O)N[C@H]1CCC2=CC(=C(C(=C2C3=CC=C(C(=O)C=C13)OC)OC)OC)OC,0
C[C@H]1[C@H]([C@@](C[C@@H](O1)O[C@@H]2[C@H]([C@@H]([C@H](O[C@H]2OC3=C4C=C5C=C3OC6=C(C=C(C=C6)[C@H]([C@H](C(=O)N[C@H](C(=O)N[C@H]5C(=O)N[C@@H]7C8=CC(=C(C=C8)O)C9=C(C=C(C=C9O)O)[C@H](NC(=O)[C@H]([C@@H](C1=CC(=C(O4)C=C1)Cl)O)NC7=O)C(=O)O)CC(=O)N)NC(=O)[C@@H](CC(C)C)NC)O)Cl)CO)O)O)(C)N)O.Cl,0
CN1C(=O)C=C(N(C1=O)CC2=CC=CC=C2C#N)N3CCC[C@H](C3)N.C1=CC=C(C=C1)C(=O)O,0
CC1=C(SC=[N+]1CC2=CN=C(N=C2N)C)CCO.Cl.[Cl-],0
COC1=C(C=C2C(=C1)C(=NC(=N2)N3CCN(CC3)C(=O)C4=CC=CO4)N)OC.Cl,0
C1CN=C(N1)CC2=CC=CC=C2.Cl,0
C1CN(CCN1CCCCN2C(=O)C3=CC=CC=C3S2(=O)=O)C4=NC=CC=N4,0
CCN[C@@H](C)CC1=CC(=CC=C1)C(F)(F)F.Cl,0
CC1=C(C=CC=C1NC2=C(C=CC=N2)C(=O)O)C(F)(F)F.CNC[C@@H]([C@H]([C@@H]([C@@H](CO)O)O)O)O,0
CC1=CN(C(=O)NC1=O)[C@H]2C[C@@H]([C@H](O2)CO)N=[N+]=[N-],0
C1NC2=CC(=C(C=C2S(=O)(=O)N1)S(=O)(=O)N)Cl,0
CN(C)CCCC1(C2=C(CO1)C=C(C=C2)C#N)C3=CC=C(C=C3)F.Br,0
CC1=C(C(=NO1)C2=CC=CC=C2Cl)C(=O)N[C@H]3[C@@H]4N(C3=O)[C@H](C(S4)(C)C)C(=O)[O-].[Na+],0
CCC1=C2C(=CC=C1)C3=C(N2)C(OCC3)(CC)CC(=O)O,0
CCCCCCNC(=O)N1C=C(C(=O)NC1=O)F,0
CC(C)[C@@H](CC1=CC(=C(C=C1)OC)OCCCOC)C[C@@H]([C@H](C[C@@H](C(C)C)C(=O)NCC(C)(C)C(=O)N)O)N.CC(C)[C@@H](CC1=CC(=C(C=C1)OC)OCCCOC)C[C@@H]([C@H](C[C@@H](C(C)C)C(=O)NCC(C)(C)C(=O)N)O)N.C(=C/C(=O)O)\C(=O)O,0
C1=CC(=CC=C1CCC2=CNC3=C2C(=O)NC(=N3)N)C(=O)N[C@@H](CCC(=O)[O-])C(=O)[O-].[Na+].[Na+],0
CC(C)NCC(COC1=CC=C(C=C1)CCC(=O)OC)O.Cl,0
CCN(CC)C(=O)N1CCN(CC1)C.C(C(=O)O)C(CC(=O)O)(C(=O)O)O,0
CC1([C@@H](N2[C@H](S1)[C@@H](C2=O)NC(=O)[C@@H](C3=CC=CC=C3)N)C(=O)O)C.O.O.O,0
CCOC(=O)C1=CC=C(C=C1)N,0
CCN(CC)CCNC(=O)C1=CC(=C(C=C1OC)N)Br,0
C[C@H](CCC(=O)O)[C@H]1CC[C@@H]2[C@@]1(CC[C@H]3[C@H]2[C@H](C[C@H]4[C@@]3(CC[C@H](C4)O)C)O)C,0
CC1=C(C2=C(N1C(=O)C3=CC=C(C=C3)Cl)C=CC(=C2)OC)CC(=O)O,0
C[C@H]1[C@@H]([C@H]([C@H]([C@@H](O1)OC[C@@H]2[C@H]([C@@H]([C@H]([C@@H](O2)OC3=CC(=C4C(=O)C[C@H](OC4=C3)C5=CC(=C(C=C5)OC)O)O)O)O)O)O)O)O,0
C1=CC=C(C=C1)C2C(=O)C3=CC=CC=C3C2=O,0
CC1=C(C(=O)N(N1C)C2=CC=CC=C2)NC(C)C.Cl,0
CC(=O)NC[C@H]1CN(C(=O)O1)C2=CC(=C(C=C2)N3CCOCC3)F,0
C1CCCN(CCC1)CCN=C(N)N.OS(=O)(=O)O,0
CC(=O)O.C1CCNC(C1)CNC(=O)C2=C(C=CC(=C2)OCC(F)(F)F)OCC(F)(F)F,0
CS(=O)(=O)NC1=C(C=C(C=C1)[N+](=O)[O-])OC2=CC=CC=C2,0
CCCCC1=NC=C(N1CC2=CC=C(C=C2)C(=O)O)/C=C(\CC3=CC=CS3)/C(=O)O.CS(=O)(=O)O,0
C1=CC(=C(C=C1Cl)Cl)CO/N=C(\CN2C=CN=C2)/C3=C(C=C(C=C3)Cl)Cl.[N+](=O)(O)[O-],0
CC1=CC(=NC(=N1)C)NS(=O)(=O)C2=CC=C(C=C2)N,0
C/C=C/C1=C(N2[C@@H]([C@@H](C2=O)NC(=O)[C@@H](C3=CC=C(C=C3)O)N)SC1)C(=O)O,0
CC1(C(=O)NC(=O)O1)C,0
C1=CC=C2C(=C1)C=CC3=CC=CC=C3N2C(=O)N,0
CC1NC2=CC(=C(C=C2C(=O)N1C3=CC=CC=C3C)S(=O)(=O)N)Cl,0
CCN(C1=CC=CC(=C1)C2=CC=NC3=C(C=NN23)C#N)C(=O)C,0
C1=CC(=CC=C1NC(=O)N)[As](=O)(O)O,0
CN1C(=NN=N1)SCC2=C(N3[C@@H]([C@@](C3=O)(NC(=O)CSCC#N)OC)SC2)C(=O)[O-].[Na+],0
CN1C=NC2=C1C(=O)NC(=O)N2C,0
CC(=O)NC1=NN=C(S1)S(=O)(=O)N,0
C1=CC2=C(C=C1OC(F)(F)F)SC(=N2)N.Cl,0
CC1=CC=CC=C1OCC(CO)O,0
CC(CC1=CC(=CC=C1)C(F)(F)F)NCCOC(=O)C2=CC=CC=C2,0
CCN1CCCC1CNC(=O)C2=C(C=CC(=C2)S(=O)(=O)N)OC,0
CCN1CCC[C@H]1CNC(=O)C2=C(C(=CC(=C2OC)Cl)Cl)O,0
C1=CC=C2C(=C1)C(=O)C=C(O2)C(=O)O,0
C1CCC2=NN=NN2CC1,0
C1=NC2=C(N1)C(=S)N=CN2,0
C1CSC2=NC(CN21)C3=CC=CC=C3.Cl,0
C1C(=C(N2[C@H](S1)[C@@H](C2=O)NC(=O)[C@@H](C3=CC=CC=C3)N)C(=O)O)Cl.O,0
CCN1C(=O)C(NC1=O)C2=CC=CC=C2,0
COC1=CC(=CC(=C1OC)OC)[C@H]2[C@@H]3[C@H](COC3=O)[C@H](C4=CC5=C(C=C24)OCO5)O,0
CCC1=C(CN(C1=O)C(=O)NCCC2=CC=C(C=C2)S(=O)(=O)NC(=O)NC3CCC(CC3)C)C,0
C[C@]12CC(=O)[C@H]3[C@H]([C@@H]1CC[C@@]2(C(=O)CO)O)CCC4=CC(=O)C=C[C@]34C,0
C1=CC=C2C(=C1)C(=CC(=O)N2)CC(C(=O)O)NC(=O)C3=CC=C(C=C3)Cl,0
C=CCSCC1NC2=CC(=C(C=C2S(=O)(=O)N1)S(=O)(=O)N)Cl,0
C1=CC=C(C=C1)CCNN.OS(=O)(=O)O,0
CC(C1=CC(=CC=C1)OC2=CC=CC=C2)C(=O)[O-].CC(C1=CC(=CC=C1)OC2=CC=CC=C2)C(=O)[O-].O.O.[Ca+2],0
CC1=CC(=NO1)NC(=O)C2=C(C3=CC=CC=C3S(=O)(=O)N2C)O,0
C1C(=C(N2[C@H](S1)[C@@H](C2=O)NC(=O)CC3=CC=CC=C3CN)C(=O)O)CSC4=NN=NN4CC(=O)O,0
C1(C(=O)NC(=O)N1)NC(=O)N,0
CCOC(=O)[C@H](CCC1=CC=CC=C1)N[C@@H](C)C(=O)N2CCC[C@H]2C(=O)O.C(=C\C(=O)O)\C(=O)O,0
CC(C1=NCCN1)OC2=C(C=CC=C2Cl)Cl,0
CC1=C(C2=C(CCC(O2)(C)C(=O)O)C(=C1O)C)C,0
CC1=CN=C(C=N1)C(=O)NCCC2=CC=C(C=C2)S(=O)(=O)NC(=O)NC3CCCCC3,0
CN1C=C(C(=O)C2=C1C=C(C=C2)F)S(=O)C,0
C1C[C@H](N(C1)C(=O)[C@H](CCCCN)N[C@@H](CCC2=CC=CC=C2)C(=O)O)C(=O)O,0
CCCCS(=O)(=O)N[C@@H](CC1=CC=C(C=C1)OCCCCC2CCNCC2)C(=O)O.Cl,0
C[C@H]1C[C@H]2[C@@H]3C[C@@H](C4=CC(=O)C=C[C@@]4([C@]3([C@H](C[C@@]2([C@]1(C(=O)COC(=O)C)OC(=O)C)C)O)F)C)F,0
CCOC(=O)OC(C)OC(=O)[C@H]1C(S[C@H]2N1C(=O)[C@H]2NC(=O)[C@@H](C3=CC=CC=C3)N)(C)C.Cl,0
CCC(C)CCCC(=O)N[C@@H](CCN)C(=O)N[C@@H]([C@@H](C)O)C(=O)N[C@@H](CCN)C(=O)N[C@H]1CCNC(=O)[C@@H](NC(=O)[C@@H](NC(=O)[C@@H](NC(=O)[C@@H](NC(=O)[C@H](NC(=O)[C@@H](NC1=O)CCN)CC(C)C)CC(C)C)CCN)CCN)[C@@H](C)O,0
CCCCOC1=CC=C(C=C1)CC(=O)NO,0
CC1=C2C(=CS1)C(=O)NC3=CC=CC=C3N2C(=O)CN4CCN(CC4)C.Cl.Cl,0
C1=C(NN=C1)CCN.Cl.Cl,0
CC(C)(C)NC[C@@H](COC1=NSN=C1N2CCOCC2)O.C(=C\C(=O)O)\C(=O)O,0
CCC(C)(CN(C)C)OC(=O)C1=CC=CC=C1.Cl,0
C[C@@]1([C@H]2C[C@H]3[C@@H](C(=O)C(=C([C@]3(C(=O)C2=C(C4=C(C=CC(=C41)Cl)O)O)O)O)C(=O)N)N(C)C)O.Cl,0
C[N+]1(CCCC(C1)OC(=O)C(C2=CC=CC=C2)(C3=CC=CC=C3)O)C.[Br-],0
C[C@@]1(CO[C@@H]([C@@H]([C@H]1NC)O)O[C@H]2[C@@H](C[C@@H]([C@H]([C@@H]2O)O[C@@H]3[C@@H](CC=C(O3)CN)N)N)N)O.C[C@@]1(CO[C@@H]([C@@H]([C@H]1NC)O)O[C@H]2[C@@H](C[C@@H]([C@H]([C@@H]2O)O[C@@H]3[C@@H](CC=C(O3)CN)N)N)N)O.OS(=O)(=O)O.OS(=O)(=O)O.OS(=O)(=O)O.OS(=O)(=O)O.OS(=O)(=O)O,0
C1=CC=C(C(=C1)C(=O)NC2=CC=C(C=C2)S(=O)(=O)NC3=NC=CS3)C(=O)O,0
CC(=O)N[C@H](COC)C(=O)NCC1=CC=CC=C1,0
CC1=CNN=C1,0
CCN1CCN(C(=O)C1=O)C(=O)N[C@H](C2=CC=CC=C2)C(=O)N[C@H]3[C@@H]4N(C3=O)[C@H](C(S4)(C)C)C(=O)[O-].[Na+],0
CC(=O)OC1CN2CCC1CC2.Cl,0
CN(C)C(=O)OC1=CC=CC(=C1)[N+](C)(C)C.[Br-],0
CCN(CC)CCOC(=O)C1(CCCCC1)C2CCCCC2.Cl,0
CCCCC[C@@H](/C=C/[C@H]1[C@@H](C[C@@H]([C@@H]1C/C=C\CCCC(=O)O)O)O)O.C(C(CO)(CO)N)O,0
CN1CC[C@@]23C=C[C@@H](C[C@@H]2OC4=C(C=CC(=C34)C1)OC)O.Br,0
C1=C(C(=C(C(=C1Cl)Cl)CC2=C(C(=CC(=C2Cl)Cl)Cl)O)O)Cl,0
CC1CCC2=C3N1C=C(C(=O)C3=CC(=C2N4CCC(CC4)O)F)C(=O)O,0
CC1=CC=CC=C1S(=O)(=O)NC(=O)C2=CC(=C(C=C2)CC3=CN(C4=C3C=C(C=C4)NC(=O)OC5CCCC5)C)OC,0
CC1=CC(=O)OC2=C1C=C3C=C(OC3=C2C)C,0
C1[C@@H]([C@H]([C@@H]([C@H]([C@@H]1N)O[C@@H]2[C@@H]([C@H]([C@@H]([C@H](O2)CO)O)N)O)O)O[C@@H]3[C@@H]([C@H]([C@@H]([C@H](O3)CN)O)O)N)N,0
C[N+]1(CCC(C1)OC(=O)C(C2CCCC2)(C3=CC=CC=C3)O)C.[Br-],0
CC[C@H](C)C(=O)O[C@H]1CCC=C2[C@H]1[C@H]([C@H](C=C2)C)CC[C@@H]3C[C@H](CC(=O)O3)O,0
C1=CC=C(C=C1)CC2NC3=CC(=C(C=C3S(=O)(=O)N2)S(=O)(=O)N)Cl,0
CCCCOC(=O)C1=CC=C(C=C1)N,0
C1=CC2=C(C=C1O)C(=CN2)CCN.Cl,0
CC1=NS(=O)(=O)C2=C(N1)C=CC(=C2)Cl,0
CC(C)(C)NCC(COC1=CC=CC2=C1CCC(=O)N2)O.Cl,0
CC(C)NCC(COC1=CC=CC=C1CC=C)O.Cl,0
COC1=CC2=C(C=C1C(=O)NCC3CCCN3CC=C)NN=N2.Cl,0
C[C@@H]1C/C=C/C=C/[C@@H]([C@@H](C[C@@H]([C@@H]([C@H]([C@@H](CC(=O)O1)O)OC)OC2C(C(C(C(O2)C)OC3CC(C(C(O3)C)O)(C)O)N(C)C)O)CC=O)C)OC4CCC(C(O4)C)N(C)C,0
CCOC(=O)[C@H](CCC1=CC=CC=C1)N[C@H]2CCC3=CC=CC=C3N(C2=O)CC(=O)O.Cl,0
CO/N=C/1\CN(CC1CN)C2=C(C=C3C(=O)C(=CN(C3=N2)C4CC4)C(=O)O)F.CS(=O)(=O)O,0
CCN1C=C(C(=O)C2=CC(=C(C=C21)N3CCN(CC3)C)F)C(=O)O,0
CC1=C(N2[C@@H]([C@@H](C2=O)NC(=O)[C@@H](C3=CC=C(C=C3)O)N)SC1)C(=O)O,0
C1=CC(=CC=C1S(=O)(=O)NC=NCCSCC2=CSC(=N2)N=C(N)N)Br,0
C(CNCCNCCNCCN)N.Cl.Cl.Cl.Cl.Cl,0
CC(C)NNC(=O)C1=CC=NC=C1.OP(=O)(O)O,0
CC1=C(C(=O)N(N1C)C2=CC=CC=C2)NC(=O)C3=CN=CC=C3,0
COC1=C(C=C(C=C1)/C=C/C(=O)NC2=CC=CC=C2C(=O)O)OC,0
C[N+](C)(C)CCOC(=O)N.[Cl-],0
CCCC[N+]1([C@@H]2CC(C[C@H]1[C@H]3[C@@H]2O3)OC(=O)[C@H](CO)C4=CC=CC=C4)C.[Br-],0
C1=CC=C(C=C1)N2C(=O)C(C(=O)N2C3=CC=CC=C3)CCS(=O)C4=CC=CC=C4,0
CC(=O)OC1=C(C=CC(=C1)C(F)(F)F)C(=O)O,0
C1CC(=C(N2[C@H]1[C@@H](C2=O)NC(=O)[C@@H](C3=CC=CC=C3)N)C(=O)O)Cl,0
C(CN(CC(=O)O)CC(=O)O)N(CCN(CC(=O)O)CC(=O)O)CC(=O)O,0
CCN(CC)CCNC(=O)C1=CC(=C(C=C1OC)N)Cl.Cl,0
CC[C@@H]1[C@H](/C=C(/C=C/C(=O)[C@@H](C[C@@H]([C@@H]([C@H]([C@@H](CC(=O)O1)O)C)O[C@H]2[C@@H]([C@H]([C@@H]([C@H](O2)C)O[C@H]3C[C@@]([C@H]([C@@H](O3)C)O)(C)O)N(C)C)O)CC=O)C)\C)CO[C@H]4[C@@H]([C@@H]([C@@H]([C@H](O4)C)O)OC)OC,0
CC(C)C1=NC(=CS1)CN(C)C(=O)N[C@@H](C(C)C)C(=O)N[C@@H](CC2=CC=CC=C2)C[C@@H]([C@H](CC3=CC=CC=C3)NC(=O)OCC4=CN=CS4)O,0
C1=C2C(=CC(=C1Cl)S(=O)(=O)N)S(=O)(=O)N=CN2,0
C[C@H](CS)C(=O)N1CCC[C@H]1C(=O)O,0
CN(C)[C@H]1[C@@H]2C[C@@H]3[C@@H](C4=C(C=CC(=C4C(=C3C(=O)[C@@]2(C(=C(C1=O)C(=O)N)O)O)O)O)Cl)O.Cl,0
C1[C@H]2[C@@H]([C@@H](S1)CCCCC(=O)O)NC(=O)N2,0
C1=CC(=CC=C1C(=O)N[C@@H](CCC(=O)O)C(=O)O)NCC2=CN=C3C(=N2)C(=O)NC(=N3)N,0
C1=CC=C(C(=C1)C(=O)O)NC2=CC=CC(=C2)C(F)(F)F,0
C1C2CC3CC1CC(C2)(C3)N.C1C2CC3CC1CC(C2)(C3)N.C(=C/C(=O)O)\C(=O)O,0
CC[C@H]1[C@H](COC1=O)CC2=CN=CN2C.[N+](=O)(O)[O-],0
C[C@H]1[C@@H]([C@H]([C@H]([C@@H](O1)OC[C@@H]2[C@H]([C@@H]([C@H]([C@@H](O2)OC3=CC(=C4C(=C3)OC(=CC4=O)C5=CC(=C(C=C5)OC)O)O)O)O)O)O)O)O,0
C1=CC(=CC=C1N)S(=O)(=O)N=C(N)N,0
C[C@@H]1C[C@@H]([C@H]([C@@H](O1)O[C@H]2[C@H](C[C@@]3(CO3)C(=O)[C@@H]([C@H]([C@H]([C@H](OC(=O)[C@@H]([C@H]([C@@H]2C)O[C@H]4C[C@@H]([C@H]([C@@H](O4)C)OC(=O)C)OC)C)C)C)OC(=O)C)C)C)OC(=O)C)N(C)C,0
COC1=CC(=C(C(=C1)OC)C(=O)CCCN2CCCC2)OC.Cl,0
COC1=C(C=C2C(=C1O)[C@H]3[C@@H]([C@H]([C@@H]([C@H](O3)CO)O)O)OC2=O)O,0
C[N+](C)(C)CCCCCC[N+](C)(C)C.O.O.[Br-].[Br-],0
CC1([C@@H](N2[C@H](S1)[C@@H](C2=O)NC(=O)[C@@H](C3=CC=CC=C3)NC(=O)N4CCNC4=O)C(=O)[O-])C.[Na+],0
C[C@@H]([C@@H](C1=CC(=CC=C1)O)O)N.[C@@H]([C@H](C(=O)O)O)(C(=O)O)O,0
CCCSC1=CC2=C(C=C1)N=C(N2)NC(=O)OC,0
C1=CC=C(C=C1)[C@H](CNCCC2=CC=C(C=C2)NC(=O)CC3=CSC(=N3)N)O,0
CCCC(=O)NC1=CC(=C(C=C1)OCC(CNC(C)C)O)C(=O)C.Cl,0
CC(C(C1=C(C=CC(=C1)OC)OC)O)N.Cl,0
C[C@H]([C@@H]1CC[C@H]([C@H](O1)O[C@@H]2[C@H](C[C@H]([C@@H]([C@H]2O)O[C@@H]3[C@@H]([C@H]([C@@](CO3)(C)O)NC)O)N)N)N)N.C[C@H]([C@@H]1CC[C@H]([C@H](O1)O[C@@H]2[C@H](C[C@H]([C@@H]([C@H]2O)O[C@@H]3[C@@H]([C@H]([C@@](CO3)(C)O)NC)O)N)N)N)NC.C[C@@]1(CO[C@@H]([C@@H]([C@H]1NC)O)O[C@H]2[C@@H](C[C@@H]([C@H]([C@@H]2O)O[C@@H]3[C@@H](CC[C@H](O3)CN)N)N)N)O.OS(=O)(=O)O,0
C1C(=O)NC(=O)N1/N=C/C2=CC=C(O2)[N+](=O)[O-],0
CCCCC1(C(=O)N(N(C1=O)C2=CC=CC=C2)C3=CC=CC=C3)COC(=O)CCC(=O)O,0
CC[C@@H](CO)NCCN[C@@H](CC)CO.Cl.Cl,0
CCCC1=CC(=O)NC(=S)N1,0
C1=CN=C(C=N1)C(=O)N,0
C=CC1=C(N2[C@@H]([C@@H](C2=O)NC(=O)/C(=N\OCC(=O)O)/C3=CSC(=N3)N)SC1)C(=O)O,0
COC(=O)NC1=NC2=C(N1)C=C(C=C2)SC3=CC=CC=C3,0
C1CN=C(N1)NC2=C(C=CC=C2Cl)Cl.Cl,0
C[C@@]1([C@@H](N2[C@H](S1(=O)=O)CC2=O)C(=O)O)CN3C=CN=N3,0
CCCCCCCN(CC)CCCC(C1=CC=C(C=C1)NS(=O)(=O)C)O.CCCCCCCN(CC)CCCC(C1=CC=C(C=C1)NS(=O)(=O)C)O.C(=C/C(=O)O)\C(=O)O,0
C1=C(C=C(C(=C1Cl)N2C(=C(C(=N2)C#N)S(=O)C(F)(F)F)N)Cl)C(F)(F)F,0
C1=CC(=C(C=C1Cl)C2=NC(=NC(=N2)N)N)Cl.C(=C\C(=O)O)\C(=O)O,0
C1=CC(=CC=C1CN)S(=O)(=O)N.Cl,0
CC(C(C)(C)C)N=C(NC#N)NC1=CC=NC=C1.O,0
C1=CC=C(C(=C1)C(=O)[O-])NC2=C(C=CC(=C2)Cl)C(=O)[O-].[Na+].[Na+],0
CC(=C)[C@@H]1[C@@H]2[C@@H]3[C@@]4([C@]([C@H]1C(=O)O2)(C[C@@H]5[C@]4(O5)C(=O)O3)O)C,0
C[C@H]([C@H](C1=CC=CC=C1)O)N.Cl,0
CC1=C(N=CN1)CSCCNC(=NC)NC#N,0
C1=COC(=C1)CNC2=NC=NC3=C2NC=N3,0
CN(C)CCC(C1=CC=CC=C1)C2=CC=CC=N2.C(=C\C(=O)O)\C(=O)O,0
C1CN=C(N1)CC2=CC=CC3=CC=CC=C32.Cl,0
C[C@]12CC[C@H]3[C@H]([C@@H]1CCC2=O)CCC4=C3C=CC(=C4)OS(=O)(=O)O.C1CNCCN1,0
C1CC(C2=CC=CC=C2C1)C3=NCCN3.Cl,0
C1C(C(C(C(C1N)OC2C(C(C(C(O2)CN)O)O)N)O[C@H]3C([C@H]([C@H](O3)CO)O)O)O)N.OS(=O)(=O)O,0
CC1=CC=C(C=C1)S(=O)(=O)NC(=O)NN2CCCCCC2,0
C1=CC=C(C=C1)C(=O)NS(=O)(=O)C2=CC=C(C=C2)N,0
C=CC(CCC(=O)O)N.Cl,0
CN1C2=C(C(=O)N(C1=O)C)NC=N2.O,0
CN(CCCCCCCCCCN(C)C(=O)OC1=CC=CC(=C1)[N+](C)(C)C)C(=O)OC2=CC=CC(=C2)[N+](C)(C)C.[Br-].[Br-],0
CC(=O)NC1=C(C(=C(C(=C1I)C(=O)N[C@@H]2[C@H]([C@@H]([C@H](OC2O)CO)O)O)I)N(C)C(=O)C)I,0
CC(C)C[C@@H](C(=O)O)NC(=O)[C@H]([C@@H](CC1=CC=CC=C1)N)O,0
C1(=C(N=C(C(=N1)Cl)N)N)C(=O)N=C(N)N.O.O.Cl,0
CC1=NN=C(S1)NS(=O)(=O)C2=CC=C(C=C2)N,0
CC(C)CC1(C(=O)NC(=O)NC1=O)CC=C,0
CC1=[N+](C2=CC=CC=C2C(=C1)N)CCCCCCCCCC[N+]3=C(C=C(C4=CC=CC=C43)N)C.[Cl-].[Cl-],0
CCC(=O)O[C@H]1CC[C@@H]2[C@@]1(CC[C@H]3[C@H]2CCC4=CC(=O)CC[C@]34C)C,0
CCN1C2=CC3=C(C=C2C(=O)C(=N1)C(=O)O)OCO3,0
CC1=CC(=CC=C1)NC2=C(C=NC=C2)S(=O)(=O)NC(=O)NC(C)C,0
CC(C)[C@@H](C(=O)OCCOCN1C=NC2=C1N=C(NC2=O)N)N.Cl,0
COC1=CC=C(C=C1)C(=O)N2CCCC2=O,0
CC(C[N+](C)(C)C)OC(=O)C.[Cl-],0
CC1=NC(=NC=C1)NS(=O)(=O)C2=CC=C(C=C2)N,0
CC1=NC=C(C(=N1)N)CN(C=O)/C(=C(/CCOP(=O)(O)O)\SC(=O)C2=CC=CC=C2)/C,0
CC1=CC(=NO1)C(=O)NNCC2=CC=CC=C2,0
CC[C@@H](C(=O)N)N1CCCC1=O,0
CC1=C(SC=C1)/C=C/C2=NCCCN2C.[C@@H]([C@H](C(=O)O)O)(C(=O)O)O,0
C[C@H]([C@H]1[C@@H](O1)C[C@H]2CO[C@H]([C@@H]([C@@H]2O)O)C/C(=C/C(=O)OCCCCCCCCC(=O)O)/C)[C@H](C)O,0
COC1=CC(=CC(=C1OC)OC)C(=O)N2CCOCC2,0
C1=CC(=C(C=C1C2=C(C=C(C=C2)F)F)C(=O)O)O,0
CCCC1=NC=C(C(=N1)N)C[N+]2=CC=CC=C2C.Cl.[Cl-],0
COC1=NN=C(C=C1)NS(=O)(=O)C2=CC=C(C=C2)N,0
C1=CC(=CC=C1N)S(=O)(=O)NC2=NN=C(C=C2)Cl,0
CCCNC(C)C(=O)NC1=CC=CC=C1C.Cl,0
C1[C@H]([C@@H]1N)C2=CC=CC=C2.Cl,0
C1CCC(CC1)NC(=S)N2CCC(CC2)C3=CN=CN3.C(=C\C(=O)O)\C(=O)O,0
C[C@@H]1OC[C@@H]2[C@@H](O1)[C@@H]([C@H]([C@@H](O2)O[C@H]3[C@H]4COC(=O)[C@@H]4[C@@H](C5=CC6=C(C=C35)OCO6)C7=CC(=C(C(=C7)OC)O)OC)O)O,0
C[C@@H](CN1CC(=O)NC(=O)C1)N2CC(=O)NC(=O)C2.Cl,0
CCCCCN(C)CCC(O)(P(=O)(O)O)P(=O)(O)[O-].[Na+],0
C[C@@H]1[C@H]([C@@H]([C@H]([C@H](O1)O[C@@H]2[C@H](O[C@@H]([C@@H]([C@H]2O)O)O[C@@H]3[C@H](OC([C@@H]([C@H]3O)O)O)CO)CO)O)O)N[C@H]4C=C([C@H]([C@@H]([C@H]4O)O)O)CO,0
CN(CC1=C(C(=CC(=C1)Br)Br)N)C2CCCCC2.Cl,0
CN(C)C(=N)N=C(N)N.Cl,0
CC(=O)[N-]S(=O)(=O)C1=CC=C(C=C1)N.O.[Na+],0
C1CCN(CC1)C2=NC(=N)N(C(=C2)N)O,0
CC1=C(N(N=C1C(=O)NN2CCCCC2)C3=C(C=C(C=C3)Cl)Cl)C4=CC=C(C=C4)Cl,0
CC[C@@H]1[C@@]([C@@H]([C@H](C(=O)[C@@H](C[C@@]([C@@H]([C@H]([C@@H]([C@H](C(=O)O1)C)O[C@H]2C[C@@]([C@H]([C@@H](O2)C)O)(C)OC)C)O[C@H]3[C@@H]([C@H](C[C@H](O3)C)N(C)C)O)(C)O)C)C)O)(C)O,0
CCCCC(C1=CC=CC=C1)O,0
C[C@@H](C1=NC=NC=C1F)[C@](CN2C=NC=N2)(C3=C(C=C(C=C3)F)F)O,0
C[C@@]1([C@H]2C[C@H]3[C@@H](C(=O)C(=C([C@]3(C(=O)C2=C(C4=C1C=CC=C4O)O)O)O)C(=O)N)N(C)C)O.Cl,0
CC(=O)N(CCCCCNC(=O)CCC(=O)N(CCCCCNC(=O)CCC(=O)N(CCCCCN)O)O)O.CS(=O)(=O)O,0
C1=CC=C2C(=C1)N=CC(=N2)[N-]S(=O)(=O)C3=CC=C(C=C3)N.[Na+],0
C1=CN=C(N=C1)NS(=O)(=O)C2=CC=C(C=C2)N,0
C1=CC(=CC=C1[C@H]([C@@H](CO)NC(=O)C(Cl)Cl)O)[N+](=O)[O-],0
COC1=CN=C(N=C1)NS(=O)(=O)C2=CC=C(C=C2)N,0
CN1C2=C(C(=O)N(C1=O)C)N(C=N2)CC(=O)O,0
CC(=O)NC1CCSC1=O,0
CN1C(=O)N2C=NC(=C2N=N1)C(=O)N,0
CC1=CC(=O)N(N1C)C2=CC=CC=C2,0
COC1=C(C=C(C=C1)C(=O)NCC2=CN=CC=C2)C(=O)NCC3=CN=CC=C3.O,0
C1C2=CC=CC=C2N(C3=CC=CC=C3C1=O)C(=O)N,0
CCOC(=O)OC(C)OC1=C(N(S(=O)(=O)C2=CC=CC=C21)C)C(=O)NC3=CC=CC=N3,0
C1=CC(=C(C(=C1)Cl)COC(CN2C=CN=C2)C3=C(C=C(C=C3)Cl)Cl)Cl,0
C1CC(=O)N(C1)CC(=O)N,0
CC(C1=CC2=CC=CC=C2S1)N(C(=O)N)O,0
CN(C)C[C@H]1CCCC[C@@]1(C2=CC(=CC=C2)OC)O.Cl,0
C[C@@H]1CN(CC[C@@]1(C2=CC=CC=C2)C(=O)O)C3CCC(CC3)(C#N)C4=CC=C(C=C4)F.Cl,0
CC(=O)OC1=CC=C(C=C1)C(C2=CC=C(C=C2)OC(=O)C)C3=CC=CC=N3,0
CCOC(=O)NNC1=NN=CC2=CC=CC=C21.Cl,0
CC(C1=CC2=C(C=C1)OC3=C(C2)C=CC=N3)C(=O)O,0
C[N+]1(CCC(=C(C2=CC=CC=C2)C3=CC=CC=C3)CC1)C.COS(=O)(=O)[O-],0
C1=CC=C2C(=C1)C(=NO2)CS(=O)(=O)N,0
C1=CC=C(C=C1)N2C(=CC=N2)NS(=O)(=O)C3=CC=C(C=C3)N,0
C1=CC(=CC=C1C(CC(=O)O)CN)Cl,0
CCS(=O)(=O)CCN1C(=NC=C1[N+](=O)[O-])C,0
C1=CC(=C(C(=C1)C(=O)C2=CC=C(C=C2)Br)N)CC(=O)O,0
CC1=NC=C(N1CCO)[N+](=O)[O-],0
C1CC1N2C=C(C(=O)C3=CC(=C(C=C32)N4CCNCC4)F)C(=O)O.O.Cl,0
CC(C)(C)NCC(CSC1=NC(=CS1)C2=CC=C(S2)C(=O)N)O.Cl,0
CCN1C=C(C(=O)C2=C1N=C(C=C2)C)C(=O)[O-].[Na+],0
CCN(CC)C(=O)NC1=CC(=C(C=C1)OCC(CNC(C)(C)C)O)C(=O)C.Cl,0
C1=CC(=C(C=C1C[C@@H](C(=O)O)N)O)O,0
C[C@@H](C(=O)N[C@@H](CC(C)C)[C@H](CC(=O)O)O)NC(=O)C[C@@H]([C@H](CC(C)C)NC(=O)[C@H](C(C)C)NC(=O)[C@H](C(C)C)NC(=O)CC(C)C)O,0
CC(C)[N+](C)(CCC(C1=CC=CC=C1)(C2=CC=CC=C2)C(=O)N)C(C)C.[I-],0
C1=CC(=CC=C1N)S(=O)(=O)C2=CC=C(C=C2)N,0
CN(C)/N=N/C1=C(NC=N1)C(=O)N,0
CCCCNC(=O)NS(=O)(=O)C1=CC=C(C=C1)C,0
C[C@]12CCC(=O)C=C1[C@H](C[C@@H]3[C@@H]2[C@H](C[C@]4([C@H]3C[C@@H]5[C@]4(OC(O5)(C)C)C(=O)CO)C)O)F,0
COC1=C(C=C2C(=C1)C(=NC(=N2)N3CCN(CC3)C(=O)C4CCCO4)N)OC.Cl,0
C1[C@@H]([C@H](O[C@H]1N2C=C(C(=O)NC2=O)I)CO)O,0
COC1=C(C=CC(=C1)S(=O)C)C2=NC3=C(N2)C=CC=N3,0
CCC1=C(C(=CC=C1)CC)NC(=O)CN(CC(=O)O)CC(=O)O,0
CC(C1=CC=CC=C1)(C2=CC=CC=N2)OCCN(C)C.C(CC(=O)O)C(=O)O,0
CC1=CN=C(C=[N+]1[O-])C(=O)O,0
C1=NC(=C2C(=N1)N(C=N2)[C@H]3[C@H]([C@@H]([C@H](O3)CO)O)O)N,0
CN1CCCN=C1/C=C/C2=CC(=CC=C2)O.C1=CC=C2C(=C1)C=C(C(=C2CC3=C(C(=CC4=CC=CC=C43)C(=O)O)O)O)C(=O)O,0
CCN(CC)CC(=O)NC1=C(C=CC=C1C)C.Cl,0
CN(C)[C@H]1[C@@H]2C[C@@H]3CC4=C(C=CC(=C4C(=C3C(=O)[C@@]2(C(=C(C1=O)C(=O)N)O)O)O)O)N(C)C.Cl,0
CC(CCCC(C)(C)O)N.Cl,0
C1CC(=O)NC(=O)C1N2C(=O)C3=C(C2=O)C(=CC=C3)N,0
C1CN(CCN1CCC2=C(C=C3C(=C2)CC(=O)N3)Cl)C4=NSC5=CC=CC=C54,0
CCCN(CCC)CCC1=C2CC(=O)NC2=CC=C1.Cl,0
CCN(CC)C(=O)/C(=C/C1=CC(=C(C(=C1)O)O)[N+](=O)[O-])/C#N,0
CC1CC2=CC=CC=C2N1NC(=O)C3=CC(=C(C=C3)Cl)S(=O)(=O)N,0
C1=CC(=CN=C1)C(=O)N,0
C=CC[N@@+]12[C@@H]3[C@]4(C5=CC=CC=C5N/6[C@H]4/C(=C\N7[C@H]8/C(=C6)/[C@@H]9/C(=C\CO)/C[N@+]4([C@H]([C@]8(C5=CC=CC=C75)CC4)C9)CC=C)/[C@@H](C3)/C(=C\CO)/C1)CC2.[Cl-].[Cl-],0
CC1=C(C(=NO1)C2=C(C=CC=C2Cl)Cl)C(=O)N[C@H]3[C@@H]4N(C3=O)[C@H](C(S4)(C)C)C(=O)[O-].O.[Na+],0
C1=CC=C(C(=C1)C(=O)OCCOCCO)NC2=CC=CC(=C2)C(F)(F)F,0
CCC(CC)O[C@@H]1C=C(C[C@@H]([C@H]1NC(=O)C)N)C(=O)OCC.OP(=O)(O)O,0
CCN(CC)CCOC(=O)C1=CC=C(C=C1)N.Cl,0
C[C@]12CCC(=O)C=C1CC[C@@H]3[C@@]2([C@H](C[C@]4([C@H]3C[C@@H]5[C@]4(OC(O5)(C)C)C(=O)CCl)C)O)F,0
C1CC1NC2=C3C(=NC(=N2)N)N(C=N3)[C@@H]4C[C@@H](C=C4)CO.C1CC1NC2=C3C(=NC(=N2)N)N(C=N3)[C@@H]4C[C@@H](C=C4)CO.OS(=O)(=O)O,0
CC1=CC(=C(C=C1OC(=O)C)C(C)C)OCCN(C)C.Cl,0
CC(COC1=CC=CC=C1)NC(C)C(C2=CC=C(C=C2)O)O.Cl,0
CC1=C(C=NO1)C(=O)NC2=CC=C(C=C2)C(F)(F)F,0
CN1C2=C(C(=O)N(C1=O)C)N(C=N2)CC(CO)O,0
C[C@@H]1C[C@H]2[C@@H]3CCC4=CC(=O)C=C[C@@]4([C@]3([C@H](C[C@@]2([C@]1(C(=O)CCl)OC(=O)C5=CC=CO5)C)O)Cl)C,0
COC(=O)N/N=C/C1=[N+](C2=CC=CC=C2[N+](=C1)[O-])[O-],0
C1=CC=C(C=C1)C(C2=CC=CC=C2)S(=O)CC(=O)N,0
C1=CC(=CC=C1N)S(=O)(=O)NC2=NC=CS2,0
CC1=C2[C@H](C(=O)[C@@]3([C@H](C[C@@H]4[C@]([C@H]3[C@@H]([C@@](C2(C)C)(C[C@@H]1OC(=O)[C@@H]([C@H](C5=CC=CC=C5)NC(=O)C6=CC=CC=C6)O)O)OC(=O)C7=CC=CC=C7)(CO4)OC(=O)C)O)C)OC(=O)C,0
CC(=O)CC(C1=CC=CC=C1)C2=C(C3=CC=CC=C3OC2=O)O,0
CC(=O)N(CC(CN(C1=C(C(=C(C(=C1I)C(=O)NCC(CO)O)I)C(=O)NCC(CO)O)I)C(=O)C)O)C2=C(C(=C(C(=C2I)C(=O)NCC(CO)O)I)C(=O)NCC(CO)O)I,0
CC1=NC2=CC=CC=C2N1CC3=CC=C(C=C3)Cl,0
CCCCCC[C@@H]1[C@H]([C@@H](OC(=O)[C@H]([C@H](OC1=O)C)NC(=O)C2=C(C(=CC=C2)NC=O)O)C)OC(=O)CC(C)C,0
C1[C@@H]([C@H](OC2=CC(=CC(=C21)O)O)C3=CC(=C(C=C3)O)O)O,0
CN(C)CC(C1=CC=C(C=C1)OC)C2(CCCCC2)O,0
CC1=CC2=C(C=C1S(=O)(=O)N)S(=O)(=O)CCC2,0
CN1[C@@H]2CC[C@H]1CC(C2)OC(=O)C(CO)C3=CC=CC=C3.CN1[C@@H]2CC[C@H]1CC(C2)OC(=O)C(CO)C3=CC=CC=C3.O.OS(=O)(=O)O,0
CC(C(=O)N[C@H]1[C@@H]2N(C1=O)[C@H](C(S2)(C)C)C(=O)[O-])OC3=CC=CC=C3.[K+],0
COC(=O)NC1=NC2=C(N1)C=C(C=C2)C(=O)C3=CC=CS3,0
C1CN=C(N1)NC2=C(C=CC3=NSN=C32)Cl.Cl,0
C1C(C1)C2=NC3=CC=CC=C3C(=C2/C=C/[C@@H](O)C[C@@H](O)CC(=O)[O-])C4=CC=C(C=C4)F.C1C(C1)C2=NC3=CC=CC=C3C(=C2/C=C/[C@@H](O)C[C@@H](O)CC(=O)[O-])C4=CC=C(C=C4)F.[Ca+2],0
C1=CC=C(C=C1)CCCCOCCCCCCNCC(C2=CC(=C(C=C2)O)CO)O,0
CC(C(=O)C1=CC(=CC=C1)Cl)NC(C)(C)C.Cl,0
C1C2=C(C=CC(=C2Cl)Cl)N=C3N1CC(=O)N3,0
C1=CC(=CC=C1C(=N)N)OCCCCCOC2=CC=C(C=C2)C(=N)N.C(CS(=O)(=O)O)O.C(CS(=O)(=O)O)O,0
CNCCC(C1=CC=CC=C1)OC2=CC=C(C=C2)C(F)(F)F.Cl,0
CN(C)[C@H]1[C@@H]2[C@H]([C@@H]3C(=C)C4=C(C=CC(=C4C(=C3C(=O)[C@@]2(C(=C(C1=O)C(=O)N)O)O)O)O)Cl)O.C1=CC(=C(C=C1S(=O)(=O)O)C(=O)O)O,0
CCCC(C)C1(C(=O)NC(=O)NC1=O)CC,0
C1=CC(=C(C=C1OC2=C(C=C(C=C2I)C[C@@H](C(=O)O)N)I)I)O,0
CC1=CC(=C(C=C1NC(=O)C2=C(C(=CC(=C2)I)I)O)Cl)C(C#N)C3=CC=C(C=C3)Cl,0
C1CN(CCN1CCO)C(=O)CN2C3=C(C=CC(=C3)Cl)SC2=O.Cl,0
C[N+]1=CC=CC(=C1)OC(=O)N(C)C.[I-],0
C1=CC=C(C=C1)C2=CC=C(C=C2)C(C3=CC=CC=C3)N4C=CN=C4,0
CC(CCC1=CC=C(C=C1)O)NCCC2=CC(=C(C=C2)O)O.Cl,0
C1=CC=C(C=C1)C(=O)C2=CC=CC(=C2N)CC(=O)N,0
C[C@H]1/C=C/C=C/CC/C=C/C=C/C=C/C=C/C(CC2C(C(C[C@](O2)(CC(C(CCC(CC(CC(CC(=O)O[C@H]([C@@H]([C@@H]1O)C)C)O)O)O)O)O)O)O)C(=O)O)O[C@@H]3[C@H]([C@H]([C@@H]([C@H](O3)C)O)N)O,0
C1[C@@H]([C@@H]([C@H]([C@@H]([C@]1(CO)O)O)O)O)NC(CO)CO,0
CC1=C(N2[C@@H]([C@@H](C2=O)NC(=O)[C@@H](C3=CC=CC=C3)N)SC1)C(=O)O.O,0
CC1=CC(=CC(=C1OC2=NC(=NC(=C2Br)N)NC3=CC=C(C=C3)C#N)C)C#N,0
CC(=O)C1=CC2=C(C=C1)SC3=CC=CC=C3N2CCCN(C)C.C(=C\C(=O)O)\C(=O)O,0
C(CN)CNCCSP(=O)(O)O,0
C1=CC=C(C(=C1)C(C2=CC=C(C=C2)Cl)C(Cl)Cl)Cl,0
C1CN(CCN1C/C=C/C2=CC=CC=C2)C(C3=CC=C(C=C3)F)C4=CC=C(C=C4)F.Cl.Cl,0
CCC1=C2CN3C(=CC4=C(C3=O)COC(=O)[C@@]4(CC)O)C2=NC5=C1C=C(C=C5)OC(=O)N6CCC(CC6)N7CCCCC7.O.O.O.Cl,0
CC1=C(C(=O)C2=C(C1=O)N3C[C@H]4[C@@H]([C@@]3([C@@H]2COC(=O)N)OC)N4)N,0
CC(C)N1C2=CC=CC=C2C(=C1/C=C/[C@H](C[C@H](CC(=O)[O-])O)O)C3=CC=C(C=C3)F.[Na+],0
CC1=C(C(=CC=C1)C)NC(=O)C2CCCCN2C.Cl,0
CCN(CC)CCNC(C1=CC=CC=C1)C(=O)OCCC(C)C,0
CCCSC1=NC(=C2C(=N1)N(N=N2)[C@@H]3C[C@@H]([C@H]([C@H]3O)O)OCCO)N[C@@H]4C[C@H]4C5=CC(=C(C=C5)F)F,0
C[C@H]1[C@H]([C@H](C[C@@H](O1)O[C@H]2C[C@@](CC3=C2C(=C4C(=C3O)C(=O)C5=C(C4=O)C(=CC=C5)OC)O)(C(=O)CO)O)N)O.Cl,0
C[N+](C)(C)CCCCCCCCCC[N+](C)(C)C.[Br-].[Br-],0
C1=CC=C(C=C1)CCN=C(N)N=C(N)N.Cl,0
CCC(C)(C)C(=O)O[C@H]1C[C@H](C=C2[C@H]1[C@H]([C@H](C=C2)C)CC[C@@H]3C[C@H](CC(=O)O3)O)C,0
C1=CC=C(C=C1)CN=C(N)NC(=O)C2=C(N=C(C(=N2)Cl)N)N.Cl,0
CC[C@H](C)C(=O)O[C@H]1C[C@H](C=C2[C@H]1[C@H]([C@H](C=C2)C)CC[C@@H]3C[C@H](CC(=O)O3)O)C,0
C1CC(=O)NC2=C1C=CC(=C2)OCCCCN3CCN(CC3)C4=C(C(=CC=C4)Cl)Cl,0
C1=CC(=CC=C1N/C(=N/C(=NCCCCCCN=C(/N=C(/NC2=CC=C(C=C2)Cl)\N)N)N)/N)Cl,0
CC1=NC2=C(C=C(C=C2)CN(C)C3=CC=C(S3)C(=O)N[C@@H](CCC(=O)O)C(=O)O)C(=O)N1,0
CC1(C2CCC(C1C2)CCOCC[N+]3(CCOCC3)CC4=CC(=C(C=C4Br)OC)OC)C.[Br-],0
C1=CC=C2C(=C1)NC3=CC=CC=C3S2,0
C12=NNN=C1N=C(NC2=O)N,0
CC(=O)N1CCN(CC1)C2=CC=C(C=C2)OC[C@H]3CO[C@](O3)(CN4C=CN=C4)C5=C(C=C(C=C5)Cl)Cl,0
CN1C[C@@H](C[C@]2([C@H]1CC3=CN(C4=CC=CC2=C34)C)OC)COC(=O)C5=CC(=CN=C5)Br,0
COCCOC1=C(C=C2C(=C1)C(=NC=N2)NC3=CC=CC(=C3)C#C)OCCOC,0
CC(C)C[C@H]1C(=O)N2CCC[C@H]2[C@]3(N1C(=O)[C@](O3)(C(C)C)NC(=O)[C@H]4CN([C@@H]5CC6=C(NC7=CC=CC(=C67)C5=C4)Br)C)O.CS(=O)(=O)O,0
C1=NC2=C(C(=O)N1)N=CN2[C@H]3[C@@H]([C@@H]([C@H](O3)CO)O)O,0
CC1=CC=CC=C1C(=O)NC2=CC(=C(C=C2)C(=O)N3CCCC(C4=C3C=CC(=C4)Cl)O)C,0
C[C@]12CC[C@H]3[C@H]([C@@H]1CC[C@@H]2O)CCC4=C3C=CC(=C4)OC(=O)N(CCCl)CCCl,0
C1NC2=C(C=C(C(=C2)C(F)(F)F)S(=O)(=O)N)S(=O)(=O)N1,0
CC1=CC=C(C=C1)C(=O)C2=CC(=C(C(=C2)O)O)[N+](=O)[O-],0
CCCCCCC[N+](CC)(CC)CCCCC1=CC=C(C=C1)Cl.CC1=CC=C(C=C1)S(=O)(=O)[O-],0
CN(C)C(=O)C(CCN1CCC(CC1)(C2=CC=C(C=C2)Cl)O)(C3=CC=CC=C3)C4=CC=CC=C4.Cl,0
C1=C(C(=CC(=C1Cl)Cl)Cl)OCC#CI,0
CCCCCCCCNC(C)C(C1=CC=C(C=C1)SC(C)C)O,0
C1=CC(=C2C(=C1NCCNCCO)C(=O)C3=C(C=CC(=C3C2=O)O)O)NCCNCCO.Cl.Cl,0
CN1C[C@H]2[C@H](C1)C3=C(C=CC(=C3)Cl)OC4=CC=CC=C24.C(=C\C(=O)O)\C(=O)O,0
C/C=C(/C(=C/C)/C1=CC=C(C=C1)O)\C2=CC=C(C=C2)O,0
CC1=C(C(=CC=C1)C)OCC(=O)N[C@@H](CC2=CC=CC=C2)[C@H](C[C@H](CC3=CC=CC=C3)NC(=O)[C@H](C(C)C)N4CCCNC4=O)O,0
CC[C@H]1C(=O)N(CC(=O)N([C@H](C(=O)N[C@H](C(=O)N([C@H](C(=O)N[C@H](C(=O)N[C@@H](C(=O)N([C@H](C(=O)N([C@H](C(=O)N([C@H](C(=O)N([C@H](C(=O)N1)[C@@H]([C@H](C)C/C=C/C)O)C)C(C)C)C)CC(C)C)C)CC(C)C)C)C)C)CC(C)C)C)C(C)C)CC(C)C)C)C,0
C1CC(CCC1C2=CC=C(C=C2)Cl)C3=C(C4=CC=CC=C4C(=O)C3=O)O,0
C[C@H]1/C=C/C=C/C=C/C=C/C=C/C=C/C=C/[C@@H](C[C@H]2[C@@H]([C@H](C[C@](O2)(C[C@H](C[C@H]([C@@H](CC[C@H](C[C@H](CC(=O)O[C@H]([C@@H]([C@@H]1O)C)C)O)O)O)O)O)O)O)C(=O)O)O[C@H]3[C@H]([C@H]([C@@H]([C@H](O3)C)O)N)O,0
C1=CN(C(=O)N=C1N)[C@H]2[C@H]([C@@H]([C@H](O2)CO)O)O,0
C[C@H]1[C@@H]([C@H](C[C@@H](O1)O[C@H]2C[C@@](CC3=C2C(=C4C(=C3O)C(=O)C5=C(C4=O)C(=CC=C5)OC)O)(C(=O)CO)O)N)O.Cl,0
CCCCC(CC)CN1CC(CN(C1)CC(CC)CCCC)(C)N,0
CN(C)[C@H]1[C@@H]2[C@H]([C@@H]3C(=C)C4=C(C(=CC=C4)O)C(=C3C(=O)[C@@]2(C(=C(C1=O)C(=O)N)O)O)O)O.Cl,0
CCCCC1=C(C2=CC=CC=C2O1)C(=O)C3=CC(=C(C(=C3)I)OCCN(CC)CC)I.Cl,0
CC(C)COCC(CN(CC1=CC=CC=C1)C2=CC=CC=C2)N3CCCC3.Cl,0
CC(C)N=C1C=C2C(=NC3=CC=CC=C3N2C4=CC=C(C=C4)Cl)C=C1NC5=CC=C(C=C5)Cl,0
CN1CCCN(CC1)C(C2=CC=CC=C2)C3=CC=C(C=C3)Cl.Cl.Cl,0
C1=CC(=C(C(=C1)Cl)SC(CCC2=CC=C(C=C2)Cl)CN3C=CN=C3)Cl.[N+](=O)(O)[O-],0
C1CC1C#C[C@]2(C3=C(C=CC(=C3)Cl)NC(=O)O2)C(F)(F)F,0
C1CC2=C(C=CC(=C2)F)O[C@H]1[C@H](CNC[C@@H]([C@@H]3CCC4=C(O3)C=CC(=C4)F)O)O.Cl,0
CC1=C(C(=O)C(=C(C1=O)OC)OC)CCCCCCCCCCO,0
CCOC(=O)C1=C(NC(=C(C1C2=CC=CC=C2Cl)C(=O)OC)C)COCCN,0
COC1=CC(=CC(=C1OC)OC)/C=C/C(=O)N2CCN(CC2)CC(=O)N3CCCC3.C(=C\C(=O)O)\C(=O)O,0
CC(CC1=CC=CC=C1)NCCC(C2=CC=CC=C2)C3=CC=CC=C3.CC(C(=O)O)O,0
CC(C)CC(C1(CCC1)C2=CC=C(C=C2)Cl)N(C)C.Cl,0
CN(C)CCOC1=CC2=CC=CC=C2SC3=C1C=C(C=C3)Cl,0
CC(C)N1CCN(CC1)C2=CC=C(C=C2)OC[C@H]3CO[C@](O3)(CN4C=NC=N4)C5=C(C=C(C=C5)Cl)Cl,0
CC1=C(C(=CC=C1)C)NC(=O)CN2CCN(CC2)CCCC(C3=CC=C(C=C3)F)C4=CC=C(C=C4)F,0
CC1=C(C(C(=C(N1)C)C(=O)OCCN(C)CC2=CC=CC=C2)C3=CC(=CC=C3)[N+](=O)[O-])C(=O)OC.Cl,0
CN1CCCC(C1)CC2C3=CC=CC=C3SC4=CC=CC=C24.Cl,0
CNCCC=C1C2=CC=CC=C2C=CC3=CC=CC=C31,0
CC(C)(C)C1=CC=C(C=C1)C(CCCN2CCC(CC2)C(C3=CC=CC=C3)(C4=CC=CC=C4)O)O,0
C1[C@@H]([C@H](O[C@H]1N2C=C(C(=O)NC2=O)F)CO)O,0
CCN(CC)C(=S)SSC(=S)N(CC)CC,0
CCCCNC1=CC=C(C=C1)C(=O)OCCOCCOCCOCCOCCOCCOCCOCCOCCOC,0
CN1C[C@@H](C[C@H]2[C@H]1CC3=CN(C4=CC=CC2=C34)C)CNC(=O)OCC5=CC=CC=C5,0
CN(C)CCCN1C2=CC=CC=C2SC3=C1C=C(C=C3)C(F)(F)F.Cl,0
C1=CC(=C(C=C1Cl)Cl)COC(CN2C=CN=C2)C3=C(C=C(C=C3)Cl)Cl,0
C[C@@H](CN1C2=CC=CC=C2SC3=C1C=C(C=C3)OC)CN(C)C.C(=C\C(=O)[O-])\C(=O)[O-],0
CC/C(=C(\C1=CC=CC=C1)/C2=CC=C(C=C2)OCCN(C)C)/C3=CC=CC=C3.C(C(=O)O)C(CC(=O)O)(C(=O)O)O,0
C[C@]12CC[C@H]3[C@H]([C@@H]1CC[C@]2(C#C)O)CCC4=CCCC[C@H]34,0
CN1CCCC(CC1)N2C(=O)C3=CC=CC=C3C(=N2)CC4=CC=C(C=C4)Cl.Cl,0
COC1=CC=C(C=C1)CCN2CCC(CC2)NC3=NC4=CC=CC=C4N3CC5=CC=C(C=C5)F,0
CCCCC1=C(C2=C(O1)C=CC(=C2)NS(=O)(=O)C)C(=O)C3=CC=C(C=C3)OCCCN(CCCC)CCCC.Cl,0
CN1CCN(CC1)CCCN2C3=CC=CC=C3SC4=C2C=C(C=C4)S(=O)(=O)N(C)C.CS(=O)(=O)O.CS(=O)(=O)O,0
CC(C)(CC1=CC=CC=C1)N(C)C(=O)CN(CCO)CC(=O)N(C)C(C)(C)CC2=CC=CC=C2,0
CNCCCN1C2=CC=CC=C2CCC3=CC=CC=C31.Cl,0
CC(C)N=C(N)/N=C(\N)/NC1=CC=C(C=C1)Cl.Cl,0
CCCCC1=CC2=C(C=C1)N=C(N2)NC(=O)OC,0
C1CN(CCC1C2=CN(C3=C2C=C(C=C3)Cl)C4=CC=C(C=C4)F)CCN5CCNC5=O,0
CN1CCC(=C2C3=CC=CC=C3C=CC4=CC=CC=C42)CC1.Cl,0
CC[C@H](C)[C@@H]1[C@H](CC[C@@]2(O1)C[C@@H]3C[C@H](O2)C/C=C(/[C@H]([C@H](/C=C/C=C/4\CO[C@H]5[C@@]4([C@@H](C=C([C@H]5O)C)C(=O)O3)O)C)O[C@H]6C[C@@H]([C@H]([C@@H](O6)C)O[C@H]7C[C@@H]([C@H]([C@@H](O7)C)O)OC)OC)\C)C,0
C1CCN[C@H](C1)[C@H](C2=CC(=NC3=C2C=CC=C3C(F)(F)F)C(F)(F)F)O.Cl,0
C[C@H]1[C@H]([C@H](C[C@@H](O1)O[C@H]2C[C@@](CC3=C2C(=C4C(=C3O)C(=O)C5=C(C4=O)C(=CC=C5)OC)O)(C(=O)C)O)N)O.Cl,0
CC1=C([C@H](C(=C(N1)C)C(=O)O[C@@H]2CCCN(C2)CC3=CC=CC=C3)C4=CC(=CC=C4)[N+](=O)[O-])C(=O)OC.Cl,0
C1=CC(=C(C=C1Cl)Cl)C(CN2C=CN=C2)OCC3=C(SC=C3)Cl,0
CC[C@H](C)[C@@H]1[C@H](C=C[C@@]2(O1)C[C@@H]3C[C@H](O2)C/C=C(/[C@H]([C@H](/C=C/C=C/4\CO[C@H]5[C@@]4([C@@H](C=C([C@H]5O)C)C(=O)O3)O)C)O[C@H]6C[C@@H]([C@H]([C@@H](O6)C)O[C@H]7C[C@@H]([C@H]([C@@H](O7)C)O)OC)OC)\C)C,0
CN1CCN(CC1)CCCN2C3=C(SC4=CC=CC=C24)C=CC(=C3)Cl.C(=C\C(=O)O)\C(=O)O.C(=C\C(=O)O)\C(=O)O,0
C1CN(CCN1)C2=NC3=CC=CC=C3OC4=C2C=C(C=C4)Cl,0
CN1CCCCC1CCN2C3=CC=CC=C3SC4=C2C=C(C=C4)SC.Cl,0
CC1=C(C=CC(=C1)C(C)(C)CC(C)(C)C)OCCOCC[N+](C)(C)CC2=CC=CC=C2.[Cl-],0
CN(C)CCCN1C2=CC=CC=C2SC3=C1C=C(C=C3)Cl.Cl,0
C1=CN2[C@H]3[C@H]([C@@H]([C@H](O3)CO)O)OC2=NC1=N.Cl,0
C[C@H](C1=CC(=CC(=C1)C(F)(F)F)C(F)(F)F)O[C@@H]2[C@@H](N(CCO2)CC3=NNC(=O)N3)C4=CC=C(C=C4)F,0
CN(C)CC/C=C\1/C2=CC=CC=C2SC3=C1C=C(C=C3)Cl.Cl,0
CCOC(=O)C1=C(NC(=C(C1C2=CC=CC=C2/C=C/C(=O)OC(C)(C)C)C(=O)OCC)C)C,0
CCCCC1=CC2=CC=CC=C2C(=N1)OCCN(C)C.Cl,0
CNCCCC12CCC(C3=CC=CC=C31)C4=CC=CC=C24.Cl,0
CCCCC(CC)CN=C(N)NC(=NCCCCCCN=C(N)NC(=NCC(CC)CCCC)N)N.Cl.Cl,0
CC(C)NCC(C1=CC=C(C=C1)NS(=O)(=O)C)O.Cl,0
C1CN(CCN1CCCC2=CC=CC=C2)CCOC(C3=CC=C(C=C3)F)C4=CC=C(C=C4)F.Cl.Cl,0
CCN(CC)CCNC1=C2C(=C(C=C1)CO)SC3=CC=CC=C3C2=O,0
C[C@H](CCCC(C)C)[C@H]1CC[C@@H]\2[C@@]1(CCC/C2=C\C=C/3\C[C@H](C[C@@H](C3=C)O)O)C,0
C1CN(CCN1CCCN2C3=CC=CC=C3SC4=C2C=C(C=C4)Cl)CCO,0
C[C@H](C1=CC=CC2=CC=CC=C21)NCCCC3=CC(=CC=C3)C(F)(F)F.Cl,0
C/C=C(\C)/C(=O)OC1[C@@H](C2([C@@H](C[C@@]3(C(=CCC4C3(CCC5C4(CCC([C@]5(C)CO)O[C@H]6[C@@H]([C@H]([C@@H]([C@H](O6)C(=O)O)O[C@H]7[C@@H]([C@H]([C@@H]([C@H](O7)CO)O)O)O)O)O[C@@H]8[C@@H]([C@H]([C@@H]([C@H](O8)CO)O)O)O)C)C)C2CC1(C)C)C)O)CO)OC(=O)C,0
C1CN(CCC1N2C3=CC=CC=C3NC2=O)CCCC(C4=CC=C(C=C4)F)C5=CC=C(C=C5)F,0
C1CN(CCN1CCCN2C3=CC=CC=C3SC4=C2C=C(C=C4)C(F)(F)F)CCO.Cl.Cl,0
CN(C)CCCN1C2=CC=CC=C2CCC3=C1C=C(C=C3)Cl.Cl,0
CN1CCN(CC1)CCCN2C3=CC=CC=C3SC4=C2C=C(C=C4)C(F)(F)F.Cl.Cl,0
C[C@@](C1=CC=CC=C1)(C2=CC=C(C=C2)Cl)OCC[C@H]3CCCN3C.C(=C/C(=O)O)\C(=O)O,0
CN1CCC(=C2C3=CC=CC=C3SC4=CC=CC=C42)CC1.C(=C\C(=O)O)\C(=O)O,0
C1=CC(=CC=C1COC(CN2C=CN=C2)C3=C(C=C(C=C3)Cl)Cl)Cl.[N+](=O)(O)[O-],0
CCN(CC)CCCC(C)NC1=C2C=C(C=CC2=NC3=C1C=CC(=C3)Cl)OC.O.Cl.Cl,0
C1=C(C=C(C(=C1SC2=C(C(=CC(=C2)Cl)Cl)O)O)Cl)Cl,0
C1CCC(CC1)C(CC2CCCCN2)C3CCCCC3.C(=C\C(=O)O)\C(=O)O,0
C1=CC(=CC2=NC3=C(C=CC(=C3)N)C=C21)N.OS(=O)(=O)O,0
C1=CC=C(C=C1)C(C2=CC=CC=C2)(C3=CC=CC=C3Cl)N4C=CN=C4,0
C1=CC(=C(C=C1Cl)O)OC2=C(C=C(C=C2)Cl)Cl,0
CNCCC=C1C2=CC=CC=C2CCC3=CC=CC=C31.Cl,0
CC(C1=CC=CC=C1)NCCC(C2=CC=CC=C2)C3=CC=CC=C3.Cl,0
CN(C)CCOC1=CC=C(C=C1)/C(=C(/CCCl)\C2=CC=CC=C2)/C3=CC=CC=C3,0
CCCCCCCCCCCCCCCC[N+](C)(C)CCN(CC1=CC=C(C=C1)OC)C2=NC=CC=N2.[Br-],0
CC(C)C(=O)OCC(=O)[C@@]12[C@@H](C[C@@H]3[C@@]1(C[C@@H]([C@H]4[C@H]3CCC5=CC(=O)C=C[C@]45C)O)C)O[C@H](O2)C6CCCCC6,0
CC1=C(C=CC=C1O)C(=O)N[C@@H](CSC2=CC=CC=C2)[C@@H](CN3C[C@H]4CCCC[C@H]4C[C@H]3C(=O)NC(C)(C)C)O.CS(=O)(=O)O,0
CC[C@@]1(C2=C(COC1=O)C(=O)N3CC4=CC5=C(C=CC(=C5CN(C)C)O)N=C4C3=C2)O,0
C1CC2=C(C=CC(=C2)Cl)C(=C3CCNCC3)C4=C1C=CC=N4,0
C1=CC=C2C(=C1)C(=C3C=CC=CC3=N2)N,0
C[C@@H](C(=O)N[C@H](CC(C)C)C(=O)N[C@@H](C)C(=O)N[C@H](C(C)C)C(=O)N[C@@H](C(C)C)C(=O)N[C@@H](C(C)C)C(=O)N[C@@H](CC1=CNC2=CC=CC=C21)C(=O)N[C@H](CC(C)C)C(=O)N[C@@H](CC3=CNC4=CC=CC=C43)C(=O)N[C@H](CC(C)C)C(=O)N[C@@H](CC5=CNC6=CC=CC=C65)C(=O)N[C@H](CC(C)C)C(=O)N[C@@H](CC7=CNC8=CC=CC=C87)C(=O)NCCO)NC(=O)CNC(=O)[C@H](C(C)C)NC=O,0
C1=CC(=CC=C1CSC(CN2C=CN=C2)C3=C(C=C(C=C3)Cl)Cl)Cl.[N+](=O)(O)[O-],0
CC1=C(C=C(C=C1)NC(=O)C2=CC=C(C=C2)CN3CCN(CC3)C)NC4=NC=CC(=N4)C5=CN=CC=C5,0
CC[Hg]SC1=CC=CC=C1C(=O)[O-].[Na+],0
C1CN(CCN1CC/C=C\2/C3=CC=CC=C3SC4=C2C=C(C=C4)C(F)(F)F)CCO.Cl.Cl,0
CN1CCC2=CC3=C(C4=C2[C@@H]1CC5=CC=C(C=C5)OC6=C(C=CC(=C6)C[C@@H]7C8=CC(=C(C=C8CCN7C)OC)O4)OC)OCO3,0
C1CNC[C@H]([C@@H]1C2=CC=C(C=C2)F)COC3=CC4=C(C=C3)OCO4.Cl,0
CC(C)(C)CC(C)(C)C1=CC(=C(C=C1)O)CC2=C(C=C(C=C2)Cl)Cl,0
CCP(CC)CC.CC(=O)OCC1C(C(C(C(O1)[S-])OC(=O)C)OC(=O)C)OC(=O)C.[Au+],0
C1[C@@H]([C@H](O[C@H]1N2C=NC3=C(N=C(N=C32)Cl)N)CO)O,0
C1CCN(CC1)CCOC2=CC=C(C=C2)C(=O)C3=C(SC4=C3C=CC(=C4)O)C5=CC=C(C=C5)O.Cl,0
CC[C@H]([C@H]1CC[C@@H]([C@@H](O1)[C@@H](C)[C@@H]([C@H](C)C(=O)[C@H](CC)[C@@H]2[C@H](C[C@H]([C@]3(O2)C=C[C@H]([C@@]4(O3)CC[C@@](O4)(C)[C@H]5CC[C@@]([C@@H](O5)C)(CC)O)O)C)C)O)C)C(=O)[O-].[Na+],0
CC(C)[C@H]1C2=C(CC[C@@]1(CCN(C)CCCC3=NC4=CC=CC=C4N3)OC(=O)COC)C=C(C=C2)F,0
C1CN(CCC1NC(=O)C2=CC=CC=C2C3=CC=C(C=C3)C(F)(F)F)CCCCC4(C5=CC=CC=C5C6=CC=CC=C64)C(=O)NCC(F)(F)F,0
CC(C)(C)C1=CC=C(C=C1)C(=O)CCCN2CCC(CC2)OC(C3=CC=CC=C3)C4=CC=CC=C4,0
CC(=O)[C@@]12[C@@H](C[C@@H]3[C@@]1(CC[C@H]4[C@H]3CCC5=CC(=O)CC[C@]45C)C)O[C@@](O2)(C)C6=CC=CC=C6,0
CN1CCN(CC1)CCCOC2=C(C=C3C(=C2)N=CC(=C3NC4=CC(=C(C=C4Cl)Cl)OC)C#N)OC,0
CC1=CC2=C(C=C1N)SC3=CC(=[N+](C)C)C=CC3=N2.[Cl-],0
CN[C@@H]1C[C@H](C2=CC=CC=C12)C3=CC(=C(C=C3)Cl)Cl.Cl,0
CCCCCN=C(N)N/N=C/C1=CNC2=C1C=C(C=C2)OC.C(=C\C(=O)O)\C(=O)O,0
CC[C@]12CC[C@H]3[C@H]([C@@H]1CC[C@]2(C#C)OC(=O)C)CCC4=C/C(=N/O)/CC[C@H]34,0
CC1=CC=C(C=C1)C2=CC(=NN2C3=CC=C(C=C3)S(=O)(=O)N)C(F)(F)F,0
CCCCN(CCCC)CCC(C1=C2C=CC(=CC2=C3C=C(C=C(C3=C1)Cl)Cl)C(F)(F)F)O.Cl,0
C1CN(CCN1CC/C=C\2/C3=CC=CC=C3SC4=C2C=C(C=C4)Cl)CCO.Cl.Cl,0
CCOC1[C@@H]([C@H]([C@H](O1)[C@@H](COCC2=CC=CC=C2)OCC3=CC=CC=C3)OCC4=CC=CC=C4)O,0
CN[C@H]1CC[C@H](C2=CC=CC=C12)C3=CC(=C(C=C3)Cl)Cl,0
CC1=CC(=C(N1C2=CC=CC=C2)C)/C=C/C3=[N+](C4=C(C=C(C=C4)N(C)C)C=C3)C.CC1=CC(=C(N1C2=CC=CC=C2)C)/C=C/C3=[N+](C4=C(C=C(C=C4)N(C)C)C=C3)C.C1=CC=C2C(=C(C(=CC2=C1)C(=O)O)[O-])CC3=C(C(=CC4=CC=CC=C34)C(=O)O)[O-],0
CN1[C@@H]2CC[C@H]1CC(C2)OC3C4=CC=CC=C4CCC5=CC=CC=C35.C(C(=O)O)C(CC(=O)O)(C(=O)O)O,0
CC(=O)C1=CC2=C(C=C1)SC3=CC=CC=C3N2CCCN4CCC(CC4)CCO,0
C1=CC=C(C=C1)NC(=O)CCCCCCC(=O)NO,0
COC1=CC=CC=C1OCCNCC(COC2=CC=CC3=C2C4=CC=CC=C4N3)O,0
CC(C)(C)NC(=O)[C@@H]1C[C@@H]2CCCC[C@@H]2CN1C[C@H]([C@H](CC3=CC=CC=C3)NC(=O)[C@H](CC(=O)N)NC(=O)C4=NC5=CC=CC=C5C=C4)O.CS(=O)(=O)O,0
CCCCC(=O)O[C@H]1CC[C@@H]2[C@@]1(CC[C@H]3[C@H]2CCC4=C3C=CC(=C4)O)C,0
C1=CC2=C(C(=C1)Cl)SC=C2COC(CN3C=CN=C3)C4=C(C=C(C=C4)Cl)Cl.[N+](=O)(O)[O-],0
CCSC1=CC2=C(SC3=CC=CC=C3N2CCCN4CCN(CC4)C)C=C1.C(=C\C(=O)O)\C(=O)O.C(=C\C(=O)O)\C(=O)O,0
CC1=C(C2=CC3=NC(=CC4=C(C(=C(N4)C=C5[C@@]6([C@@H](C(=CC=C6C(=N5)C=C1N2)C(=O)OC)C(=O)OC)C)C)CCC(=O)OC)C(=C3C)CCC(=O)O)C=C.CC1=C(C2=CC3=NC(=CC4=C(C(=C(N4)C=C5[C@@]6([C@@H](C(=CC=C6C(=N5)C=C1N2)C(=O)OC)C(=O)OC)C)C)CCC(=O)O)C(=C3C)CCC(=O)OC)C=C,0
